{"type": "FeatureCollection", "features": [{"type": "Feature", "properties": {"code": "IA", "name": "Iowa"}, "geometry": {"type": "Polygon", "coordinates": [[[-95.7656, 40.5852], [-95.7486, 40.6034], [-95.7689, 40.6213], [-95.7763, 40.6475], [-95.7955, 40.6624], [-95.8428, 40.6775], [-95.8526, 40.7023], [-95.8832, 40.7176], [-95.8887, 40.7363], [-95.879, 40.7531], [-95.8352, 40.7792], [-95.8453, 40.8113], [-95.8372, 40.8353], [-95.8486, 40.8611], [-95.8425, 40.8703], [-95.8196, 40.8774], [-95.8098, 40.8954], [-95.8397, 40.9328], [-95.8303, 40.9783], [-95.8692, 41.006], [-95.8597, 41.0357], [-95.8824, 41.0604], [-95.8626, 41.0884], [-95.8659, 41.1179], [-95.8835, 41.1549], [-95.8696, 41.1688], [-95.8462, 41.1667], [-95.8413, 41.175], [-95.8568, 41.1871], [-95.9097, 41.1844], [-95.9275, 41.2022], [-95.9109, 41.234], [-95.9219, 41.2646], [-95.914, 41.2714], [-95.9287, 41.2814], [-95.9275, 41.2984], [-95.9059, 41.3009], [-95.9125, 41.2795], [-95.9025, 41.2734], [-95.8824, 41.2814], [-95.8715, 41.2958], [-95.8887, 41.3191], [-95.9257, 41.3222], [-95.9567, 41.3455], [-95.9288, 41.3701], [-95.9375, 41.3931], [-95.9297, 41.4113], [-95.9332, 41.4294], [-95.9203, 41.4516], [-95.9368, 41.4652], [-95.9623, 41.4628], [-96.0118, 41.4762], [-96.0198, 41.488], [-95.9927, 41.5173], [-96.0, 41.5395], [-96.0139, 41.5453], [-96.0267, 41.5404], [-96.0366, 41.509], [-96.0537, 41.5089], [-96.0898, 41.5316], [-96.0966, 41.5454], [-96.0812, 41.5773], [-96.1176, 41.61], [-96.095, 41.6474], [-96.1217, 41.6827], [-96.112, 41.6978], [-96.0731, 41.705], [-96.1064, 41.7379], [-96.0799, 41.7579], [-96.0775, 41.7778], [-96.0649, 41.7962], [-96.1076, 41.8207], [-96.1102, 41.8489], [-96.139, 41.8663], [-96.1618, 41.9018], [-96.1367, 41.9208], [-96.1446, 41.9415], [-96.1295, 41.9717], [-96.1565, 41.9801], [-96.1863, 41.9774], [-96.1921, 41.9845], [-96.1836, 42.0], [-96.1946, 42.0087], [-96.2152, 42.0067], [-96.2255, 41.9947], [-96.2407, 41.9994], [-96.2389, 42.0123], [-96.2219, 42.0296], [-96.2384, 42.0411], [-96.2639, 42.0399], [-96.2755, 42.052], [-96.2791, 42.074], [-96.2676, 42.0962], [-96.2689, 42.1136], [-96.3059, 42.1298], [-96.3497, 42.172], [-96.3481, 42.1947], [-96.3599, 42.2105], [-96.3237, 42.2299], [-96.3289, 42.2547], [-96.3658, 42.2859], [-96.3753, 42.3183], [-96.408, 42.3374], [-96.4182, 42.3547], [-96.4084, 42.3761], [-96.4136, 42.4079], [-96.3807, 42.4464], [-96.3854, 42.4731], [-96.4094, 42.4876], [-96.4754, 42.4896], [-96.4733, 42.5035], [-96.493, 42.5173], [-96.4799, 42.5242], [-96.477, 42.5561], [-96.4988, 42.561], [-96.4859, 42.5735], [-96.5095, 42.6127], [-96.5279, 42.609], [-96.5316, 42.6151], [-96.5185, 42.6202], [-96.5163, 42.6304], [-96.5379, 42.6464], [-96.5418, 42.6604], [-96.56, 42.6585], [-96.5563, 42.6648], [-96.5667, 42.6759], [-96.5765, 42.6708], [-96.5753, 42.6828], [-96.5904, 42.6911], [-96.5981, 42.6866], [-96.6003, 42.698], [-96.6118, 42.6951], [-96.6056, 42.702], [-96.6306, 42.7059], [-96.6247, 42.7255], [-96.6335, 42.7242], [-96.6304, 42.7299], [-96.6384, 42.7355], [-96.6195, 42.7548], [-96.6351, 42.7632], [-96.6349, 42.7707], [-96.597, 42.7919], [-96.591, 42.8066], [-96.596, 42.815], [-96.5779, 42.8276], [-96.5816, 42.8375], [-96.5656, 42.8304], [-96.5606, 42.8394], [-96.5495, 42.8391], [-96.5547, 42.8461], [-96.5415, 42.8577], [-96.5497, 42.8703], [-96.5379, 42.8785], [-96.5401, 42.8897], [-96.5264, 42.8919], [-96.5428, 42.9037], [-96.5366, 42.9057], [-96.5411, 42.9245], [-96.5255, 42.9355], [-96.5169, 42.9325], [-96.52, 42.9398], [-96.5003, 42.9594], [-96.5208, 42.9804], [-96.4917, 43.0097], [-96.511, 43.0247], [-96.5091, 43.0373], [-96.5184, 43.0421], [-96.4608, 43.064], [-96.4541, 43.0842], [-96.4629, 43.0914], [-96.4366, 43.1208], [-96.4504, 43.1422], [-96.4665, 43.1503], [-96.4649, 43.182], [-96.4738, 43.1898], [-96.4756, 43.2211], [-96.5604, 43.2242], [-96.5712, 43.239], [-96.553, 43.2473], [-96.555, 43.26], [-95.8619, 43.2576], [-96.5642, 43.2602], [-96.5852, 43.2689], [-96.5778, 43.2799], [-96.5796, 43.2934], [-96.5885, 43.2963], [-96.5531, 43.2929], [-96.5304, 43.3], [-96.5256, 43.3125], [-96.5349, 43.3365], [-96.5243, 43.3472], [-96.5216, 43.3856], [-96.5255, 43.3963], [-96.5371, 43.3951], [-96.5736, 43.4192], [-96.5702, 43.4286], [-96.5943, 43.4342], [-96.6026, 43.4496], [-96.5825, 43.4671], [-96.5867, 43.4774], [-96.581, 43.4814], [-96.5989, 43.5005], [-94.9146, 43.5009], [-93.4974, 43.4996], [-92.0798, 43.5007], [-91.2177, 43.5005], [-91.216, 43.4811], [-91.2334, 43.4552], [-91.2004, 43.4127], [-91.199, 43.3898], [-91.215, 43.368], [-91.2066, 43.3525], [-91.1072, 43.3136], [-91.0737, 43.2747], [-91.0726, 43.2621], [-91.0579, 43.254], [-91.0664, 43.2393], [-91.1222, 43.1973], [-91.1462, 43.1524], [-91.1753, 43.1347], [-91.1795, 43.0674], [-91.1454, 42.9582], [-91.1456, 42.908], [-91.1006, 42.8831], [-91.0914, 42.8499], [-91.0941, 42.8308], [-91.0787, 42.8277], [-91.0695, 42.7696], [-91.0603, 42.7618], [-91.0647, 42.7509], [-91.0537, 42.7382], [-91.0354, 42.7373], [-91.0268, 42.7242], [-90.9416, 42.6838], [-90.9212, 42.6854], [-90.7202, 42.6408], [-90.7027, 42.6308], [-90.687, 42.5918], [-90.6615, 42.568], [-90.636, 42.5154], [-90.6559, 42.4917], [-90.654, 42.4785], [-90.6243, 42.4589], [-90.5652, 42.4387], [-90.555, 42.4161], [-90.4738, 42.3815], [-90.4439, 42.3552], [-90.4165, 42.3251], [-90.4309, 42.2782], [-90.4193, 42.2545], [-90.3911, 42.2255], [-90.357, 42.2054], [-90.2349, 42.1654], [-90.2095, 42.1527], [-90.2014, 42.1309], [-90.171, 42.1252], [-90.1629, 42.1167], [-90.1645, 42.0421], [-90.1401, 42.0033], [-90.1641, 41.9562], [-90.1516, 41.931], [-90.1536, 41.9066], [-90.1819, 41.8432], [-90.182, 41.8071], [-90.2786, 41.7674], [-90.3107, 41.7422], [-90.3174, 41.7183], [-90.3134, 41.6981], [-90.3345, 41.6796], [-90.3435, 41.647], [-90.3432, 41.5878], [-90.4128, 41.5653], [-90.4614, 41.5235], [-90.5006, 41.518], [-90.5409, 41.5261], [-90.591, 41.5128], [-90.6059, 41.4942], [-90.6558, 41.4621], [-90.7375, 41.4501], [-90.8536, 41.4539], [-90.93, 41.4214], [-90.9798, 41.4343], [-91.0371, 41.42], [-91.0478, 41.4109], [-91.0516, 41.3853], [-91.0651, 41.3691], [-91.0748, 41.3056], [-91.092, 41.2869], [-91.1136, 41.2414], [-91.073, 41.2072], [-91.0415, 41.1661], [-91.0076, 41.1662], [-90.9897, 41.1557], [-90.9466, 41.0966], [-90.9423, 41.0347], [-90.9581, 40.9798], [-90.9522, 40.954], [-90.969, 40.9191], [-91.0095, 40.9006], [-91.0564, 40.8484], [-91.093, 40.8211], [-91.0976, 40.8056], [-91.0917, 40.7797], [-91.1157, 40.7252], [-91.1124, 40.6963], [-91.1239, 40.6692], [-91.187, 40.6373], [-91.2531, 40.638], [-91.3487, 40.6097], [-91.4015, 40.5595], [-91.4041, 40.5391], [-91.3819, 40.5282], [-91.3642, 40.5], [-91.3815, 40.446], [-91.3724, 40.4115], [-91.3757, 40.3919], [-91.3884, 40.3849], [-91.4194, 40.3783], [-91.4412, 40.3863], [-91.4639, 40.3757], [-91.4634, 40.3854], [-91.4845, 40.3839], [-91.4885, 40.4043], [-91.5246, 40.4108], [-91.5191, 40.4328], [-91.5336, 40.4383], [-91.5251, 40.4578], [-91.5747, 40.4657], [-91.5908, 40.4923], [-91.6214, 40.5101], [-91.6201, 40.5408], [-91.6817, 40.553], [-91.6916, 40.5622], [-91.6864, 40.5809], [-91.7291, 40.6136], [-92.6379, 40.5909], [-94.4712, 40.5708], [-95.7656, 40.5852]], [[-95.3185, 41.5056], [-95.498, 41.5061], [-95.9962, 41.507], [-95.3185, 41.5056]], [[-94.4431, 43.255], [-94.443, 42.9081], [-94.4429, 43.5004], [-94.4431, 43.255]], [[-93.9712, 42.9078], [-93.9704, 43.2554], [-93.9708, 43.4999], [-93.9712, 42.9078]], [[-93.9717, 42.6447], [-93.9716, 42.5581], [-93.9712, 42.9078], [-93.9717, 42.6447]], [[-92.0798, 43.5007], [-92.0816, 42.907], [-92.0817, 42.6421], [-92.0798, 43.5007]], [[-93.0784, 42.2093], [-94.0315, 42.2097], [-93.2317, 42.2089], [-93.0784, 42.2093]], [[-94.6287, 41.8628], [-94.6286, 42.2095], [-94.7054, 42.2096], [-94.6288, 42.2094], [-94.6287, 41.8628]], [[-95.0929, 41.8634], [-94.7449, 41.8624], [-93.9325, 41.8633], [-94.6287, 41.8628], [-95.0929, 41.8634]], [[-94.9276, 41.1585], [-94.7006, 41.1581], [-95.0985, 41.1591], [-94.9276, 41.1585]], [[-94.4708, 40.8995], [-94.9285, 40.9018], [-94.9285, 40.9007], [-94.4708, 40.8995]], [[-96.1366, 41.8663], [-95.9831, 41.8635], [-95.7187, 41.8634], [-96.1366, 41.8663]], [[-95.6708, 42.2114], [-95.2079, 42.2106], [-95.3235, 42.2109], [-95.6708, 42.2114]], [[-92.7565, 41.5088], [-93.3284, 41.5078], [-92.8714, 41.5085], [-92.7565, 41.5088]], [[-92.412, 41.5095], [-92.2975, 41.5098], [-92.7565, 41.5088], [-92.412, 41.5095]], [[-91.946, 41.5107], [-91.5198, 41.511], [-92.2975, 41.5098], [-91.946, 41.5107]], [[-92.2999, 41.6951], [-92.3, 41.689], [-92.2975, 41.5098], [-92.2999, 41.6951]], [[-91.716, 41.1628], [-91.3703, 41.1612], [-91.4857, 41.1624], [-91.9456, 41.1636], [-92.18, 41.1627], [-91.716, 41.1628]], [[-91.7182, 40.9011], [-91.7182, 40.893], [-91.716, 41.1628], [-91.7182, 40.9011]], [[-92.6404, 41.1614], [-92.5487, 41.1617], [-92.8056, 41.1612], [-92.6404, 41.1614]], [[-93.0976, 40.8985], [-93.0976, 40.8981], [-92.6391, 40.8989], [-93.0976, 40.8985]], [[-93.0241, 43.2472], [-93.0251, 42.9075], [-93.0241, 43.2128], [-93.0241, 43.2472]], [[-91.3693, 41.3361], [-91.3664, 41.5984], [-91.366, 41.8936], [-91.3685, 41.4232], [-91.3693, 41.3361]], [[-90.7838, 41.5965], [-90.8998, 41.5986], [-90.8984, 41.7714], [-90.8984, 42.0335], [-90.8999, 41.5971], [-91.3664, 41.5984], [-90.7838, 41.5965]], [[-91.8342, 41.6867], [-91.8331, 41.6004], [-91.8314, 41.8619], [-91.8342, 41.6867]], [[-91.8347, 42.0752], [-91.8353, 42.037], [-91.8314, 41.8619], [-91.8347, 42.0752]], [[-90.898, 42.2952], [-90.6656, 42.2947], [-91.1301, 42.2958], [-90.898, 42.2952]], [[-91.1328, 42.6451], [-91.1343, 42.4823], [-91.1342, 42.4713], [-91.1328, 42.6451]]]}}, {"type": "Feature", "properties": {"code": "IL", "name": "Illinois"}, "geometry": {"type": "Polygon", "coordinates": [[[-90.2638, 38.5206], [-90.2242, 38.5751], [-90.1918, 38.599], [-90.178, 38.6338], [-90.1864, 38.6748], [-90.2092, 38.7028], [-90.2099, 38.7261], [-90.1763, 38.7544], [-90.1664, 38.7726], [-90.1231, 38.798], [-90.1147, 38.815], [-90.1133, 38.8493], [-90.2502, 38.9193], [-90.3095, 38.9241], [-90.3958, 38.96], [-90.4401, 38.9674], [-90.4721, 38.9588], [-90.487, 38.926], [-90.5459, 38.874], [-90.5834, 38.869], [-90.6251, 38.8887], [-90.6635, 38.9274], [-90.6782, 38.9919], [-90.7136, 39.054], [-90.6827, 39.0883], [-90.6811, 39.1006], [-90.7079, 39.1509], [-90.727, 39.2512], [-90.7516, 39.2654], [-90.7935, 39.3095], [-90.8475, 39.3453], [-90.9287, 39.3875], [-90.9483, 39.4075], [-91.0383, 39.4484], [-91.0594, 39.4689], [-91.0643, 39.4946], [-91.1003, 39.5387], [-91.1536, 39.5482], [-91.1684, 39.5649], [-91.1819, 39.6027], [-91.2293, 39.6209], [-91.2761, 39.6658], [-91.37, 39.7325], [-91.3616, 39.7875], [-91.368, 39.8004], [-91.4329, 39.8406], [-91.4464, 39.8704], [-91.4435, 39.8936], [-91.4209, 39.9149], [-91.4194, 39.9277], [-91.4653, 39.984], [-91.4949, 40.0365], [-91.4896, 40.0574], [-91.5117, 40.1471], [-91.5058, 40.2388], [-91.4905, 40.2595], [-91.4927, 40.2782], [-91.4621, 40.3424], [-91.4157, 40.3814], [-91.3757, 40.3919], [-91.3724, 40.4115], [-91.3815, 40.446], [-91.3642, 40.5], [-91.3819, 40.5282], [-91.4041, 40.5391], [-91.4015, 40.5595], [-91.354, 40.6066], [-91.3065, 40.6262], [-91.2479, 40.6384], [-91.0222, 40.635], [-91.1854, 40.6381], [-91.1208, 40.6728], [-91.1109, 40.7033], [-91.1157, 40.7252], [-91.1104, 40.7455], [-91.0917, 40.7797], [-91.0976, 40.8056], [-91.093, 40.8211], [-91.0564, 40.8484], [-91.0095, 40.9006], [-90.969, 40.9191], [-90.9522, 40.954], [-90.9581, 40.9798], [-90.9423, 41.0347], [-90.9466, 41.0966], [-90.9897, 41.1557], [-91.0076, 41.1662], [-91.0415, 41.1661], [-91.073, 41.2072], [-91.1123, 41.239], [-91.1142, 41.25], [-91.0748, 41.3056], [-91.072, 41.3334], [-90.4559, 41.3272], [-91.0719, 41.3336], [-91.0478, 41.4109], [-91.0278, 41.4236], [-90.9798, 41.4343], [-90.93, 41.4214], [-90.8466, 41.4551], [-90.7501, 41.4496], [-90.6558, 41.4621], [-90.6059, 41.4942], [-90.5952, 41.511], [-90.5562, 41.5242], [-90.5006, 41.518], [-90.4614, 41.5235], [-90.4128, 41.5653], [-90.3432, 41.5878], [-90.3435, 41.647], [-90.3345, 41.6796], [-90.3134, 41.6981], [-90.3177, 41.7227], [-90.3028, 41.75], [-90.2786, 41.7674], [-90.182, 41.8071], [-90.1838, 41.8362], [-90.1536, 41.9066], [-90.1518, 41.9289], [-90.1641, 41.9562], [-90.1401, 42.0033], [-90.1645, 42.0421], [-90.1629, 42.1167], [-90.171, 42.1252], [-90.2014, 42.1309], [-90.2161, 42.1567], [-90.3283, 42.201], [-90.357, 42.2054], [-90.3911, 42.2255], [-90.4193, 42.2545], [-90.4309, 42.2782], [-90.4159, 42.3227], [-90.4439, 42.3552], [-90.4773, 42.3838], [-90.555, 42.4161], [-90.568, 42.4404], [-90.6467, 42.4719], [-90.6565, 42.4892], [-90.6428, 42.5085], [-88.7867, 42.492], [-87.8021, 42.4926], [-87.8033, 42.3905], [-87.8168, 42.3616], [-87.8235, 42.3642], [-87.832, 42.3283], [-87.8286, 42.2699], [-87.7959, 42.2014], [-87.7591, 42.1523], [-87.7247, 42.1077], [-87.6815, 42.0784], [-87.6499, 41.9785], [-87.6315, 41.9635], [-87.6414, 41.9617], [-87.6407, 41.9539], [-87.6207, 41.9132], [-87.6241, 41.9042], [-87.6143, 41.8936], [-87.6024, 41.8963], [-87.6165, 41.8824], [-87.6163, 41.8689], [-87.6059, 41.8668], [-87.6094, 41.8452], [-87.5758, 41.7963], [-87.5729, 41.7793], [-87.5311, 41.7481], [-87.5246, 41.7235], [-87.529, 41.7154], [-87.5242, 41.7083], [-87.5264, 40.4912], [-87.5332, 39.883], [-87.5316, 39.3481], [-87.544, 39.3529], [-87.5544, 39.3405], [-87.5849, 39.3373], [-87.6059, 39.3111], [-87.6205, 39.3071], [-87.5973, 39.297], [-87.6099, 39.2814], [-87.6019, 39.2752], [-87.6049, 39.2602], [-87.5935, 39.2475], [-87.5807, 39.2552], [-87.5713, 39.2514], [-87.5793, 39.2436], [-87.5746, 39.2184], [-87.6052, 39.1859], [-87.6204, 39.1852], [-87.6205, 39.1703], [-87.6404, 39.1667], [-87.6287, 39.1539], [-87.6422, 39.1571], [-87.6582, 39.1384], [-87.6351, 39.1223], [-87.6416, 39.1145], [-87.651, 39.1164], [-87.6528, 39.1068], [-87.6149, 39.1027], [-87.621, 39.0881], [-87.616, 39.0826], [-87.5956, 39.079], [-87.5726, 39.0573], [-87.5803, 39.0394], [-87.5697, 39.0194], [-87.5787, 38.9995], [-87.5604, 38.9924], [-87.5765, 38.9867], [-87.5295, 38.9719], [-87.5122, 38.9544], [-87.5219, 38.9401], [-87.5188, 38.9232], [-87.5277, 38.9184], [-87.5273, 38.9072], [-87.5167, 38.9041], [-87.5337, 38.901], [-87.5357, 38.8872], [-87.5441, 38.8951], [-87.5349, 38.8789], [-87.5474, 38.8756], [-87.5432, 38.8642], [-87.5534, 38.8624], [-87.5259, 38.8488], [-87.5217, 38.8266], [-87.5273, 38.8181], [-87.4959, 38.7854], [-87.4974, 38.7774], [-87.5145, 38.7718], [-87.4982, 38.7683], [-87.504, 38.7497], [-87.4965, 38.7393], [-87.5053, 38.735], [-87.5312, 38.684], [-87.5972, 38.6653], [-87.6058, 38.6465], [-87.6201, 38.6395], [-87.6162, 38.6232], [-87.6273, 38.6054], [-87.612, 38.5892], [-87.6376, 38.5927], [-87.6507, 38.5562], [-87.6701, 38.5452], [-87.6453, 38.5102], [-87.6567, 38.5018], [-87.6724, 38.5074], [-87.6859, 38.4918], [-87.714, 38.4799], [-87.7446, 38.4773], [-87.7554, 38.464], [-87.7559, 38.4559], [-87.7304, 38.4479], [-87.7398, 38.438], [-87.7453, 38.409], [-87.7831, 38.3689], [-87.8061, 38.3631], [-87.8234, 38.346], [-87.832, 38.327], [-87.831, 38.2994], [-87.8434, 38.2782], [-87.863, 38.2802], [-87.8611, 38.3078], [-87.8705, 38.3122], [-87.8878, 38.2853], [-87.9111, 38.268], [-87.9195, 38.2745], [-87.9095, 38.2961], [-87.9336, 38.2959], [-87.9522, 38.2731], [-87.9421, 38.2603], [-87.9576, 38.25], [-87.9602, 38.2371], [-87.9898, 38.2583], [-87.9796, 38.2406], [-87.9856, 38.218], [-87.9758, 38.1978], [-87.9364, 38.1714], [-87.9343, 38.1565], [-87.9264, 38.1588], [-87.9229, 38.1733], [-87.9126, 38.1708], [-87.9114, 38.1617], [-87.9455, 38.1266], [-87.9658, 38.1326], [-87.9753, 38.1101], [-88.0131, 38.1035], [-88.0114, 38.0847], [-88.0047, 38.084], [-87.9605, 38.0991], [-87.9567, 38.0862], [-87.9672, 38.0671], [-88.0013, 38.0515], [-88.0421, 38.0463], [-88.0341, 38.032], [-88.0076, 38.0291], [-88.0258, 38.0072], [-88.0129, 37.9665], [-88.0368, 37.9568], [-88.0304, 37.9301], [-88.0353, 37.9255], [-88.0598, 37.9339], [-88.0696, 37.9268], [-88.063, 37.9182], [-88.0201, 37.9129], [-88.0134, 37.8949], [-88.0203, 37.8881], [-88.0554, 37.8912], [-88.0862, 37.9057], [-88.0979, 37.9015], [-88.0594, 37.8487], [-88.0259, 37.8327], [-88.0438, 37.8215], [-88.0809, 37.8309], [-88.09, 37.8168], [-88.0677, 37.8006], [-88.0376, 37.8099], [-88.028, 37.7992], [-88.0596, 37.7426], [-88.1224, 37.7097], [-88.1594, 37.6618], [-88.1568, 37.6328], [-88.1355, 37.5745], [-88.0722, 37.5288], [-88.0626, 37.5136], [-88.0652, 37.4894], [-88.0852, 37.4715], [-88.2817, 37.4526], [-88.3126, 37.4406], [-88.3655, 37.4017], [-88.4088, 37.4252], [-88.4501, 37.4117], [-88.4702, 37.3963], [-88.4845, 37.3456], [-88.5159, 37.284], [-88.508, 37.2603], [-88.4478, 37.2035], [-88.4244, 37.1524], [-88.4448, 37.0953], [-88.4606, 37.0743], [-88.5214, 37.0656], [-88.5668, 37.0755], [-88.5895, 37.099], [-88.6259, 37.1195], [-88.694, 37.1412], [-88.7321, 37.144], [-88.8057, 37.1886], [-88.9279, 37.2262], [-88.9747, 37.2297], [-89.03, 37.2111], [-89.0865, 37.1656], [-89.1107, 37.122], [-89.1475, 37.0989], [-89.1719, 37.0682], [-89.1825, 37.0373], [-89.179, 37.0209], [-89.1664, 37.0033], [-89.1327, 36.9822], [-89.17, 36.9703], [-89.1855, 36.9735], [-89.2008, 37.0162], [-89.2341, 37.0373], [-89.2549, 37.072], [-89.2599, 37.0641], [-89.3083, 37.0684], [-89.3048, 37.0476], [-89.2777, 37.0361], [-89.2576, 37.0155], [-89.2786, 36.9887], [-89.2921, 36.9922], [-89.3839, 37.0464], [-89.3787, 37.0946], [-89.4256, 37.1382], [-89.4619, 37.1995], [-89.4675, 37.2218], [-89.4588, 37.2487], [-89.4899, 37.2513], [-89.5184, 37.2894], [-89.5097, 37.3143], [-89.4865, 37.3345], [-89.4328, 37.3471], [-89.4213, 37.3921], [-89.4398, 37.4372], [-89.4755, 37.4714], [-89.5164, 37.5356], [-89.5208, 37.5812], [-89.4861, 37.5809], [-89.476, 37.5902], [-89.5177, 37.6412], [-89.5143, 37.6899], [-89.5833, 37.7133], [-89.6173, 37.7497], [-89.6634, 37.7501], [-89.668, 37.7595], [-89.6604, 37.7863], [-89.6744, 37.803], [-89.7175, 37.8257], [-89.7399, 37.8469], [-89.7864, 37.8517], [-89.8004, 37.8686], [-89.7993, 37.8815], [-89.8426, 37.9052], [-89.9018, 37.8698], [-89.9506, 37.8815], [-89.9749, 37.9267], [-89.9596, 37.9402], [-89.9325, 37.9475], [-89.9251, 37.96], [-89.9359, 37.9596], [-89.9408, 37.971], [-90.0001, 37.9646], [-90.0573, 38.0144], [-90.0883, 38.0158], [-90.1174, 38.0317], [-90.1308, 38.0623], [-90.1579, 38.0748], [-90.1772, 38.0712], [-90.2053, 38.0867], [-90.2431, 38.1127], [-90.2749, 38.1576], [-90.3316, 38.1876], [-90.3539, 38.2139], [-90.3727, 38.2862], [-90.3708, 38.3336], [-90.3409, 38.3888], [-90.2928, 38.4287], [-90.2638, 38.5205], [-90.1454, 38.4267], [-90.2638, 38.5206]], [[-89.7069, 38.655], [-89.5951, 38.6559], [-90.1812, 38.6601], [-89.7069, 38.655]], [[-89.7033, 38.2203], [-89.7042, 38.4158], [-89.7069, 38.655], [-89.7033, 38.2203]], [[-89.6289, 41.93], [-89.6854, 41.9303], [-90.1518, 41.9289], [-89.6289, 41.93]], [[-88.1996, 42.1543], [-88.2384, 42.1542], [-87.7591, 42.1523], [-88.1996, 42.1543]], [[-88.7056, 42.1535], [-88.9397, 42.1523], [-88.2384, 42.1542], [-88.7056, 42.1535]], [[-88.9402, 42.0651], [-88.9389, 42.0651], [-88.9397, 42.1523], [-88.9402, 42.0651]], [[-87.9715, 40.4857], [-87.9353, 40.4859], [-87.5264, 40.4912], [-87.9715, 40.4857]], [[-87.9123, 38.5701], [-87.9081, 38.8498], [-87.9124, 38.5699], [-87.9549, 38.5696], [-87.6515, 38.5682], [-87.9123, 38.5701]], [[-89.1672, 41.6287], [-89.052, 41.6267], [-88.9704, 41.6284], [-89.1672, 41.6287]], [[-88.9293, 40.7533], [-88.9309, 41.1059], [-88.9314, 40.9277], [-88.9293, 40.7533]], [[-88.9869, 40.7523], [-88.5843, 40.7576], [-88.9293, 40.7533], [-88.9869, 40.7523]], [[-88.471, 41.1089], [-88.2515, 41.1142], [-88.9309, 41.1059], [-88.471, 41.1089]], [[-88.2349, 40.6182], [-88.2473, 40.9946], [-88.2515, 41.1142], [-88.2349, 40.6182]], [[-89.2637, 40.3253], [-89.2626, 40.2809], [-89.2669, 40.4806], [-89.2637, 40.3253]], [[-89.7149, 40.3192], [-89.603, 40.3201], [-89.2637, 40.3253], [-89.7149, 40.3192]], [[-89.1435, 39.9176], [-89.1448, 40.0489], [-89.1487, 40.273], [-89.1435, 39.9176]], [[-89.405, 39.9182], [-89.2178, 39.917], [-89.1435, 39.9176], [-89.405, 39.9182]], [[-89.0257, 39.6542], [-88.8111, 39.6532], [-89.0257, 39.6544], [-89.0257, 39.6542]], [[-89.1395, 39.2178], [-89.2505, 39.2175], [-89.1394, 39.2172], [-89.1398, 39.3489], [-89.1395, 39.2178]], [[-89.1296, 38.1248], [-88.7046, 38.1252], [-89.1498, 38.1251], [-89.1296, 38.1248]], [[-88.7061, 37.9524], [-88.702, 38.2567], [-88.7012, 38.3401], [-88.7046, 38.1252], [-88.7061, 37.9524]], [[-89.1536, 37.6003], [-89.1512, 37.862], [-89.1508, 37.9502], [-89.1536, 37.6003]], [[-89.0414, 37.5966], [-88.9992, 37.5968], [-89.1327, 37.5997], [-89.0414, 37.5966]], [[-89.0448, 37.3297], [-89.0447, 37.2941], [-89.0414, 37.5966], [-89.0448, 37.3297]], [[-88.9288, 37.3028], [-88.9278, 37.3033], [-88.942, 37.304], [-88.9288, 37.3028]], [[-90.1836, 41.5846], [-89.8624, 41.584], [-89.1668, 41.5853], [-89.6315, 41.5849], [-90.1836, 41.5846]], [[-89.9087, 38.2376], [-89.8976, 38.2308], [-89.8975, 38.2321], [-89.9087, 38.2376]], [[-89.8978, 38.2299], [-89.9045, 38.2271], [-89.8979, 38.2286], [-89.8978, 38.2299]], [[-89.6387, 41.2339], [-89.8576, 41.2345], [-89.8678, 41.2344], [-89.6387, 41.2339]], [[-89.6387, 40.9737], [-89.6385, 41.1485], [-89.6387, 41.2339], [-89.6387, 40.9737]], [[-89.3293, 41.1479], [-89.4661, 41.1485], [-89.6385, 41.1485], [-89.3293, 41.1479]], [[-89.9846, 41.1494], [-89.8682, 41.1495], [-90.4369, 41.1515], [-89.9846, 41.1494]], [[-89.8613, 40.5184], [-89.8725, 40.5132], [-89.8761, 40.5092], [-89.8613, 40.5184]], [[-89.8879, 40.4747], [-89.8829, 40.5017], [-89.8844, 40.5], [-89.8879, 40.4747]], [[-89.8988, 40.4651], [-89.9002, 40.4618], [-89.8879, 40.4747], [-89.8988, 40.4651]], [[-89.6017, 40.1224], [-89.6036, 40.2184], [-89.6033, 40.1226], [-89.6017, 40.1224]], [[-89.6059, 40.1228], [-89.6045, 40.1227], [-89.6058, 40.124], [-89.6059, 40.1228]], [[-89.6109, 40.1273], [-89.6085, 40.1268], [-89.61, 40.1283], [-89.6109, 40.1273]], [[-89.6203, 40.1362], [-89.6168, 40.1353], [-89.6214, 40.1401], [-89.6203, 40.1362]], [[-89.6275, 40.144], [-89.623, 40.1418], [-89.6278, 40.1467], [-89.6275, 40.144]], [[-89.6345, 40.1536], [-89.6322, 40.1487], [-89.6298, 40.1488], [-89.6345, 40.1536]], [[-89.6607, 40.156], [-89.6474, 40.1553], [-89.6483, 40.157], [-89.6607, 40.156]], [[-89.9932, 40.1096], [-89.9832, 40.1134], [-89.9922, 40.1119], [-89.9932, 40.1096]], [[-89.9951, 40.1089], [-89.9946, 40.1091], [-89.9951, 40.1098], [-89.9951, 40.1089]], [[-89.9935, 39.7854], [-89.9945, 39.8994], [-89.9944, 39.8729], [-89.9935, 39.7854]], [[-90.2417, 39.5206], [-89.7017, 39.5233], [-89.5335, 39.5246], [-90.2417, 39.5206]], [[-89.5308, 39.3489], [-89.535, 39.6411], [-89.5335, 39.5246], [-89.5308, 39.3489]], [[-90.1463, 39.1743], [-90.148, 39.2547], [-90.146, 38.9993], [-90.1463, 39.1743]], [[-90.274, 38.999], [-89.8081, 38.9991], [-90.146, 38.9993], [-90.274, 38.999]], [[-89.5861, 38.9995], [-89.6775, 38.9991], [-89.6393, 38.9991], [-89.5861, 38.9995]], [[-90.9042, 40.6392], [-90.912, 40.1931], [-90.9135, 40.1045], [-90.9098, 40.2844], [-90.9042, 40.6392]], [[-90.917, 39.9022], [-90.9166, 39.8499], [-90.9135, 40.1045], [-90.917, 39.9022]], [[-90.5261, 39.9824], [-90.526, 39.9823], [-90.5239, 39.9833], [-90.5261, 39.9824]], [[-90.5265, 39.9872], [-90.5207, 39.9883], [-90.5268, 39.9876], [-90.5265, 39.9872]], [[-90.5157, 39.9844], [-90.5137, 39.9879], [-90.5109, 39.9938], [-90.5157, 39.9844]], [[-90.4535, 40.011], [-90.5043, 39.997], [-90.5109, 39.9938], [-90.4535, 40.011]], [[-90.3934, 40.0919], [-90.3712, 40.1226], [-90.3728, 40.1224], [-90.3934, 40.0919]], [[-90.3634, 40.1237], [-90.3545, 40.1242], [-90.3511, 40.1253], [-90.3634, 40.1237]], [[-90.2176, 40.0522], [-90.2163, 40.0515], [-90.2133, 40.0592], [-90.2176, 40.0522]], [[-90.5822, 39.5103], [-90.582, 39.512], [-90.5921, 39.487], [-90.5822, 39.5103]], [[-90.4872, 38.9677], [-90.518, 38.9546], [-90.5152, 38.9546], [-90.4872, 38.9677]], [[-90.5216, 38.9545], [-90.5267, 38.9561], [-90.5237, 38.9545], [-90.5216, 38.9545]], [[-90.5687, 38.9918], [-90.5432, 38.9647], [-90.5385, 38.9623], [-90.5687, 38.9918]], [[-90.5722, 38.9988], [-90.5744, 39.0047], [-90.5744, 39.0031], [-90.5722, 38.9988]], [[-90.5754, 39.0313], [-90.5754, 39.033], [-90.59, 39.0507], [-90.5754, 39.0313]], [[-90.5893, 39.076], [-90.6036, 39.1176], [-90.6103, 39.1327], [-90.5893, 39.076]], [[-90.6223, 39.3651], [-90.6113, 39.3115], [-90.622, 39.368], [-90.6223, 39.3651]], [[-90.5922, 39.2051], [-90.5923, 39.2182], [-90.598, 39.2433], [-90.5922, 39.2051]], [[-90.5957, 39.1885], [-90.5921, 39.1958], [-90.5921, 39.1966], [-90.5957, 39.1885]], [[-90.612, 39.1673], [-90.6001, 39.1798], [-90.5997, 39.1807], [-90.612, 39.1673]], [[-90.615, 39.1455], [-90.6145, 39.1442], [-90.6146, 39.1487], [-90.615, 39.1455]], [[-90.5835, 39.8768], [-90.5756, 39.8913], [-90.5848, 39.8741], [-90.5835, 39.8768]], [[-90.5667, 39.8318], [-90.5668, 39.8296], [-90.5659, 39.8307], [-90.5667, 39.8318]], [[-90.6069, 39.7764], [-90.5991, 39.7901], [-90.582, 39.811], [-90.5972, 39.7949], [-90.6069, 39.7764]], [[-90.5851, 39.5777], [-90.5741, 39.5475], [-90.5766, 39.5595], [-90.5851, 39.5777]], [[-90.5728, 39.5415], [-90.574, 39.5369], [-90.5723, 39.5392], [-90.5728, 39.5415]], [[-90.7897, 40.6363], [-90.7463, 40.6352], [-90.7896, 40.6374], [-90.7855, 41.0434], [-90.7897, 40.6363]], [[-90.4394, 41.064], [-90.4456, 40.6276], [-90.4382, 41.1215], [-90.4394, 41.064]], [[-90.1808, 40.196], [-90.1799, 40.1973], [-90.1948, 40.1903], [-90.1808, 40.196]], [[-90.1635, 40.2166], [-90.1711, 40.211], [-90.162, 40.217], [-90.1635, 40.2166]], [[-90.0699, 40.2948], [-90.0941, 40.2689], [-90.0699, 40.2944], [-90.0699, 40.2948]], [[-90.2027, 40.1607], [-90.2118, 40.1527], [-90.2096, 40.1531], [-90.2027, 40.1607]], [[-90.2179, 40.1516], [-90.2681, 40.1546], [-90.2258, 40.1501], [-90.2179, 40.1516]], [[-90.3352, 40.1372], [-90.348, 40.1263], [-90.3473, 40.1265], [-90.3352, 40.1372]], [[-90.166, 41.5954], [-90.1669, 41.594], [-90.166, 41.5942], [-90.166, 41.5954]], [[-90.184, 41.5892], [-90.1854, 41.5889], [-90.1847, 41.5872], [-90.184, 41.5892]], [[-89.297, 39.7895], [-89.2916, 39.7901], [-89.2918, 39.7912], [-89.297, 39.7895]], [[-89.2217, 37.3352], [-89.2364, 37.3352], [-89.0994, 37.3336], [-89.2217, 37.3352]], [[-89.2027, 37.2904], [-89.2025, 37.2907], [-89.2034, 37.3068], [-89.2027, 37.2904]], [[-89.5095, 37.5789], [-89.5024, 37.5775], [-89.5024, 37.578], [-89.5095, 37.5789]], [[-89.4775, 37.5641], [-89.4742, 37.5621], [-89.4721, 37.5626], [-89.4775, 37.5641]], [[-89.4677, 37.5637], [-89.4651, 37.5644], [-89.4641, 37.5657], [-89.4677, 37.5637]], [[-89.4539, 37.579], [-89.4531, 37.5801], [-89.4548, 37.5864], [-89.4539, 37.579]], [[-89.682, 40.5528], [-89.6811, 40.5523], [-89.6781, 40.5539], [-89.682, 40.5528]], [[-89.6707, 40.5578], [-89.6679, 40.5593], [-89.6603, 40.5677], [-89.6707, 40.5578]], [[-89.6545, 40.574], [-89.6543, 40.5742], [-89.6544, 40.5746], [-89.6545, 40.574]], [[-89.5919, 40.6845], [-89.5686, 40.6954], [-89.5759, 40.6934], [-89.5919, 40.6845]], [[-89.5546, 40.7018], [-89.5536, 40.7023], [-89.5533, 40.7032], [-89.5546, 40.7018]], [[-89.5573, 40.7688], [-89.5561, 40.7538], [-89.5464, 40.723], [-89.5534, 40.7476], [-89.5573, 40.7688]], [[-89.4886, 40.8988], [-89.4899, 40.8957], [-89.4756, 40.9121], [-89.4886, 40.8988]], [[-89.524, 40.8567], [-89.525, 40.8544], [-89.4988, 40.8741], [-89.524, 40.8567]], [[-89.5286, 40.8459], [-89.5267, 40.8423], [-89.5266, 40.8505], [-89.5286, 40.8459]], [[-89.2689, 41.3218], [-89.2702, 41.3209], [-89.2664, 41.3218], [-89.2689, 41.3218]], [[-89.2554, 41.3219], [-89.2609, 41.3219], [-89.2249, 41.3131], [-89.2554, 41.3219]], [[-88.46, 40.3989], [-88.4595, 40.6159], [-88.4603, 40.3329], [-88.46, 40.3989]], [[-88.4622, 39.8791], [-88.4636, 40.2233], [-88.4623, 39.7918], [-88.4622, 39.8791]], [[-88.1226, 39.1733], [-88.4709, 39.1715], [-88.3607, 39.1711], [-88.1226, 39.1733]], [[-88.3617, 38.9108], [-88.3618, 38.8521], [-88.3607, 39.1711], [-88.3617, 38.9108]], [[-88.2887, 38.629], [-88.2896, 38.6296], [-88.2921, 38.6262], [-88.2887, 38.629]], [[-88.1478, 38.569], [-88.1482, 38.598], [-88.1509, 38.2566], [-88.1478, 38.569]], [[-88.6656, 38.2566], [-88.3704, 38.2553], [-88.0277, 38.2557], [-88.1509, 38.2562], [-88.6656, 38.2566]], [[-88.18, 37.5992], [-88.3754, 37.5996], [-88.3745, 37.9014], [-88.3755, 37.5995], [-88.18, 37.5992]], [[-88.4605, 40.2819], [-88.6219, 40.2817], [-88.5749, 40.2815], [-88.4605, 40.2819]], [[-88.6952, 38.8263], [-88.6957, 38.7764], [-88.6936, 38.9086], [-88.6952, 38.8263]], [[-88.2629, 41.9864], [-88.2636, 42.0669], [-88.262, 41.7247], [-88.2629, 41.9864]], [[-88.6019, 41.7196], [-88.602, 42.0665], [-88.6022, 41.7195], [-88.262, 41.7247], [-88.6019, 41.7196]], [[-88.6022, 41.6314], [-88.5972, 41.4996], [-88.6022, 41.6708], [-88.6022, 41.6314]], [[-88.0121, 39.379], [-88.0078, 39.1744], [-88.0139, 39.4808], [-88.0121, 39.379]], [[-87.9894, 38.2693], [-87.9913, 38.2702], [-87.9906, 38.2596], [-87.9894, 38.2693]], [[-87.9733, 38.2739], [-87.9743, 38.2746], [-87.979, 38.2738], [-87.9733, 38.2739]], [[-87.9773, 38.2768], [-87.9777, 38.2766], [-87.9763, 38.2761], [-87.9773, 38.2768]], [[-87.9495, 38.307], [-87.9483, 38.3083], [-87.9569, 38.3064], [-87.9495, 38.307]], [[-87.9462, 38.3107], [-87.9485, 38.3125], [-87.9471, 38.3097], [-87.9462, 38.3107]], [[-87.9474, 38.3176], [-87.9489, 38.3172], [-87.9477, 38.3164], [-87.9474, 38.3176]], [[-87.9472, 38.3186], [-87.9528, 38.3175], [-87.9474, 38.3178], [-87.9472, 38.3186]], [[-87.958, 38.3196], [-87.9562, 38.3173], [-87.955, 38.3174], [-87.958, 38.3196]], [[-87.9459, 38.8501], [-87.9821, 38.8496], [-87.9272, 38.85], [-87.9459, 38.8501]], [[-87.9504, 39.1749], [-87.7462, 39.1792], [-87.9652, 39.1748], [-87.9504, 39.1749]], [[-87.9688, 39.7924], [-87.9663, 39.686], [-87.9602, 39.4819], [-87.9688, 39.7924]], [[-88.1179, 40.4879], [-88.1311, 40.9971], [-88.1319, 40.9971], [-88.1179, 40.4879]]]}}, {"type": "Feature", "properties": {"code": "MN", "name": "Minnesota"}, "geometry": {"type": "MultiPolygon", "coordinates": [[[[-96.4528, 44.1968], [-95.9479, 44.1963], [-96.4528, 44.1969], [-96.4541, 45.3015], [-96.4891, 45.3571], [-96.5218, 45.3756], [-96.6177, 45.4081], [-96.6805, 45.4105], [-96.6925, 45.4173], [-96.7327, 45.4587], [-96.7653, 45.5214], [-96.8578, 45.606], [-96.8358, 45.6496], [-96.6626, 45.7387], [-96.6278, 45.7862], [-96.5831, 45.82], [-96.5613, 45.9457], [-96.5703, 45.9636], [-96.5779, 46.0269], [-96.5569, 46.0648], [-96.5545, 46.084], [-96.5669, 46.1148], [-96.5603, 46.1166], [-96.572, 46.1246], [-96.5686, 46.1323], [-96.5795, 46.1476], [-96.5799, 46.1772], [-96.5927, 46.1752], [-96.5838, 46.2084], [-96.591, 46.2086], [-96.5986, 46.2416], [-96.5839, 46.2502], [-96.6004, 46.2619], [-96.5948, 46.2863], [-96.6055, 46.2932], [-96.5978, 46.297], [-96.6035, 46.3029], [-96.597, 46.3176], [-96.606, 46.3269], [-96.5998, 46.3304], [-96.62, 46.3401], [-96.6171, 46.3476], [-96.6293, 46.3542], [-96.6454, 46.3508], [-96.6438, 46.3623], [-96.666, 46.3746], [-96.6676, 46.391], [-96.6899, 46.4095], [-96.6851, 46.4139], [-96.7008, 46.4144], [-96.6935, 46.4221], [-96.7047, 46.4182], [-96.6989, 46.4264], [-96.7075, 46.4296], [-96.7046, 46.4382], [-96.7219, 46.4401], [-96.7123, 46.4415], [-96.7217, 46.4483], [-96.713, 46.4505], [-96.7176, 46.4544], [-96.7117, 46.46], [-96.7187, 46.4621], [-96.713, 46.4663], [-96.7231, 46.4683], [-96.7142, 46.471], [-96.7381, 46.4778], [-96.7336, 46.4972], [-96.7423, 46.5002], [-96.7333, 46.5039], [-96.7461, 46.5346], [-96.7381, 46.5346], [-96.7502, 46.544], [-96.7405, 46.5461], [-96.7492, 46.5497], [-96.7459, 46.5559], [-96.7544, 46.5567], [-96.7419, 46.5642], [-96.7526, 46.5712], [-96.7469, 46.5757], [-96.7565, 46.5751], [-96.7519, 46.5876], [-96.7627, 46.5895], [-96.7554, 46.5948], [-96.7705, 46.5955], [-96.7687, 46.6067], [-96.7786, 46.6067], [-96.7711, 46.6143], [-96.7801, 46.6145], [-96.7755, 46.6212], [-96.787, 46.6192], [-96.7784, 46.627], [-96.7979, 46.6291], [-96.7859, 46.6402], [-96.8013, 46.6685], [-96.7923, 46.6718], [-96.7992, 46.6782], [-96.7875, 46.6778], [-96.7944, 46.6835], [-96.7843, 46.6851], [-96.7903, 46.6903], [-96.7844, 46.7009], [-96.7912, 46.7037], [-96.7821, 46.7165], [-96.7911, 46.7178], [-96.7793, 46.7274], [-96.7894, 46.7575], [-96.7778, 46.7616], [-96.7895, 46.766], [-96.7757, 46.766], [-96.7884, 46.7703], [-96.7838, 46.7782], [-96.7967, 46.7775], [-96.7876, 46.7862], [-96.8019, 46.797], [-96.7961, 46.8033], [-96.8031, 46.8051], [-96.7958, 46.8078], [-96.8025, 46.8115], [-96.7916, 46.8279], [-96.7803, 46.8258], [-96.7939, 46.8331], [-96.7851, 46.8331], [-96.7872, 46.8411], [-96.7754, 46.8389], [-96.7817, 46.8457], [-96.7735, 46.8517], [-96.7855, 46.8549], [-96.7761, 46.8545], [-96.784, 46.8617], [-96.7762, 46.8739], [-96.7814, 46.8794], [-96.7685, 46.8796], [-96.7766, 46.8957], [-96.7625, 46.9181], [-96.7534, 46.9147], [-96.7633, 46.9234], [-96.7533, 46.9246], [-96.7653, 46.9276], [-96.7569, 46.9285], [-96.7633, 46.9351], [-96.7838, 46.9247], [-96.7918, 46.9285], [-96.7927, 46.9468], [-96.8047, 46.9475], [-96.795, 46.9654], [-96.8219, 46.9694], [-96.8213, 47.0036], [-96.8395, 47.0067], [-96.8295, 47.0215], [-96.8153, 47.0239], [-96.8273, 47.0313], [-96.8127, 47.0383], [-96.8215, 47.0358], [-96.8186, 47.0476], [-96.8275, 47.0456], [-96.8176, 47.0516], [-96.8304, 47.0608], [-96.8199, 47.0623], [-96.821, 47.0742], [-96.8293, 47.0746], [-96.8157, 47.0799], [-96.816, 47.0885], [-96.8263, 47.0887], [-96.8173, 47.0921], [-96.8168, 47.1091], [-96.8376, 47.122], [-96.82, 47.1309], [-96.8307, 47.1297], [-96.8263, 47.1349], [-96.8346, 47.1441], [-96.8286, 47.1464], [-96.8398, 47.1505], [-96.8227, 47.1562], [-96.832, 47.1595], [-96.8189, 47.1649], [-96.8234, 47.174], [-96.8334, 47.1763], [-96.8216, 47.1843], [-96.836, 47.1851], [-96.8259, 47.1908], [-96.8382, 47.1964], [-96.8447, 47.1929], [-96.8357, 47.2019], [-96.8272, 47.2017], [-96.8372, 47.2075], [-96.8308, 47.2095], [-96.8373, 47.2162], [-96.8331, 47.2208], [-96.8456, 47.2211], [-96.8321, 47.2259], [-96.8412, 47.2334], [-96.8289, 47.2342], [-96.8367, 47.2425], [-96.8437, 47.2398], [-96.8325, 47.248], [-96.844, 47.2503], [-96.8386, 47.2561], [-96.8448, 47.2589], [-96.8365, 47.2629], [-96.8473, 47.2628], [-96.8346, 47.267], [-96.8475, 47.2718], [-96.8404, 47.2755], [-96.8439, 47.293], [-96.8307, 47.3054], [-96.847, 47.3158], [-96.8288, 47.3281], [-96.846, 47.3284], [-96.8306, 47.3386], [-96.8466, 47.347], [-96.8381, 47.356], [-96.8498, 47.3569], [-96.8485, 47.3648], [-96.8582, 47.3676], [-96.8367, 47.372], [-96.8546, 47.3738], [-96.8439, 47.3756], [-96.8501, 47.3815], [-96.8382, 47.3822], [-96.8374, 47.3893], [-96.8489, 47.3935], [-96.8392, 47.3995], [-96.8527, 47.4059], [-96.8423, 47.4119], [-96.8557, 47.4096], [-96.8717, 47.4194], [-96.8528, 47.4323], [-96.8626, 47.4357], [-96.8542, 47.4544], [-96.8636, 47.4573], [-96.8539, 47.4604], [-96.861, 47.4726], [-96.8519, 47.4787], [-96.8684, 47.479], [-96.8531, 47.4874], [-96.8651, 47.4915], [-96.8491, 47.499], [-96.8531, 47.5068], [-96.8423, 47.5086], [-96.8532, 47.5127], [-96.842, 47.5152], [-96.8614, 47.5159], [-96.871, 47.5279], [-96.8538, 47.536], [-96.8632, 47.5406], [-96.8454, 47.5396], [-96.8605, 47.5465], [-96.8499, 47.5525], [-96.8617, 47.5595], [-96.8475, 47.5662], [-96.8684, 47.5658], [-96.8517, 47.5685], [-96.8599, 47.5741], [-96.8499, 47.5909], [-96.8589, 47.5951], [-96.8511, 47.5979], [-96.8554, 47.6088], [-96.8794, 47.619], [-96.8744, 47.6278], [-96.8886, 47.6385], [-96.8829, 47.6417], [-96.8851, 47.6738], [-96.8967, 47.6748], [-96.8994, 47.6895], [-96.9099, 47.6895], [-96.9128, 47.7017], [-96.9205, 47.6996], [-96.9119, 47.7067], [-96.9199, 47.717], [-96.9309, 47.7154], [-96.9186, 47.7239], [-96.9328, 47.7371], [-96.9291, 47.7503], [-96.9398, 47.7553], [-96.9288, 47.7557], [-96.9379, 47.7602], [-96.9352, 47.7675], [-96.9557, 47.7747], [-96.9583, 47.7857], [-96.9653, 47.7835], [-96.9572, 47.791], [-96.9671, 47.7999], [-96.991, 47.8077], [-96.9789, 47.8099], [-96.9801, 47.8224], [-96.9742, 47.823], [-96.9871, 47.8256], [-96.9817, 47.8304], [-96.9867, 47.8376], [-96.9983, 47.8417], [-97.0025, 47.8687], [-97.0232, 47.874], [-97.018, 47.8785], [-97.0254, 47.8843], [-97.019, 47.8911], [-97.025, 47.9082], [-97.0151, 47.9072], [-97.0238, 47.9159], [-97.0178, 47.9198], [-97.0358, 47.9302], [-97.0361, 47.9394], [-97.0546, 47.9463], [-97.0525, 47.9572], [-97.0619, 47.9645], [-97.0531, 47.9903], [-97.0643, 47.9985], [-97.0633, 48.015], [-97.0722, 48.0191], [-97.0723, 48.0481], [-97.1045, 48.0724], [-97.0998, 48.0859], [-97.1099, 48.0914], [-97.1022, 48.0967], [-97.1232, 48.1066], [-97.1207, 48.115], [-97.1335, 48.1371], [-97.1237, 48.1403], [-97.1461, 48.1416], [-97.121, 48.1591], [-97.1419, 48.1602], [-97.1464, 48.1732], [-97.1364, 48.176], [-97.1498, 48.1835], [-97.1357, 48.1971], [-97.1409, 48.2045], [-97.1292, 48.2096], [-97.139, 48.2171], [-97.1178, 48.2098], [-97.1406, 48.2221], [-97.1517, 48.2189], [-97.1372, 48.227], [-97.1207, 48.2258], [-97.1444, 48.2332], [-97.1337, 48.2391], [-97.1467, 48.2445], [-97.1251, 48.25], [-97.1306, 48.2589], [-97.123, 48.2617], [-97.1451, 48.2677], [-97.1253, 48.2705], [-97.1166, 48.2797], [-97.1253, 48.2919], [-97.1381, 48.2908], [-97.1283, 48.2988], [-97.1122, 48.2965], [-97.1262, 48.3037], [-97.1238, 48.3109], [-97.138, 48.3101], [-97.1156, 48.3239], [-97.1417, 48.3257], [-97.1259, 48.3406], [-97.1396, 48.3442], [-97.1364, 48.3524], [-97.1563, 48.3662], [-97.1393, 48.3704], [-97.1414, 48.3785], [-97.1334, 48.382], [-97.1506, 48.3824], [-97.1633, 48.392], [-97.1315, 48.4066], [-97.1394, 48.418], [-97.1548, 48.4175], [-97.1404, 48.4216], [-97.1225, 48.4183], [-97.1458, 48.4303], [-97.1268, 48.4318], [-97.1266, 48.4431], [-97.1505, 48.4412], [-97.1285, 48.4603], [-97.1482, 48.4707], [-97.1289, 48.4757], [-97.1627, 48.4778], [-97.1403, 48.4847], [-97.143, 48.4923], [-97.1322, 48.4884], [-97.1498, 48.502], [-97.1499, 48.512], [-97.1269, 48.5198], [-97.1506, 48.5195], [-97.1536, 48.5295], [-97.141, 48.5342], [-97.1632, 48.544], [-97.1656, 48.5532], [-97.141, 48.5563], [-97.1753, 48.5625], [-97.1481, 48.5721], [-97.1606, 48.5809], [-97.1437, 48.5824], [-97.1422, 48.5926], [-97.154, 48.5951], [-97.1345, 48.6079], [-97.1498, 48.6127], [-97.1302, 48.6134], [-97.1329, 48.6229], [-97.1204, 48.618], [-97.1308, 48.6321], [-97.1093, 48.6326], [-97.1157, 48.6445], [-97.0987, 48.6613], [-97.1093, 48.6641], [-97.1006, 48.6684], [-97.1004, 48.6831], [-97.0903, 48.6845], [-97.1201, 48.7014], [-97.11, 48.7078], [-97.1369, 48.726], [-97.1283, 48.7321], [-97.1412, 48.7353], [-97.1382, 48.7502], [-97.153, 48.7528], [-97.1459, 48.7656], [-97.159, 48.7757], [-97.1473, 48.7811], [-97.1736, 48.7933], [-97.1626, 48.8001], [-97.1812, 48.7979], [-97.1575, 48.8087], [-97.1903, 48.8157], [-97.1796, 48.8201], [-97.1845, 48.8334], [-97.1738, 48.8383], [-97.1829, 48.8469], [-97.1733, 48.8503], [-97.1794, 48.8631], [-97.1904, 48.8653], [-97.1778, 48.8753], [-97.1995, 48.8813], [-97.2017, 48.8917], [-97.1898, 48.8945], [-97.2105, 48.9044], [-97.2112, 48.9166], [-97.2198, 48.922], [-97.2144, 48.9316], [-97.2341, 48.9476], [-97.228, 48.963], [-97.2375, 48.9653], [-97.2373, 48.9857], [-97.2267, 48.9929], [-97.2342, 48.9963], [-97.2284, 49.0007], [-95.1537, 48.9989], [-95.1533, 49.3844], [-95.1265, 49.3694], [-95.0584, 49.3532], [-94.9575, 49.3702], [-94.8542, 49.3242], [-94.8162, 49.321], [-94.8256, 49.2944], [-94.7972, 49.2143], [-94.7981, 49.1979], [-94.7732, 49.1207], [-94.7503, 49.0993], [-94.6843, 48.884], [-94.693, 48.8534], [-94.6857, 48.8401], [-94.7043, 48.8243], [-94.695, 48.8092], [-94.6943, 48.7822], [-94.6412, 48.7413], [-94.619, 48.7374], [-94.5896, 48.7179], [-94.5491, 48.7147], [-94.5333, 48.7012], [-94.4523, 48.6924], [-94.4162, 48.7109], [-94.3428, 48.7034], [-94.2907, 48.7077], [-94.2605, 48.6964], [-94.2512, 48.6835], [-94.2502, 48.6563], [-94.2243, 48.6495], [-93.8444, 48.6302], [-93.8214, 48.6092], [-93.8068, 48.5776], [-93.8183, 48.53], [-93.7945, 48.516], [-93.6567, 48.5157], [-93.6289, 48.5312], [-93.6106, 48.5217], [-93.4675, 48.5457], [-93.4567, 48.5618], [-93.4643, 48.5918], [-93.4385, 48.5934], [-93.4053, 48.6093], [-93.3712, 48.6051], [-93.3541, 48.6124], [-93.3482, 48.6264], [-93.2549, 48.6428], [-93.2074, 48.6425], [-93.1781, 48.6233], [-92.985, 48.6237], [-92.9549, 48.6315], [-92.9498, 48.6083], [-92.728, 48.5393], [-92.6349, 48.5429], [-92.6272, 48.5034], [-92.6988, 48.4949], [-92.7126, 48.463], [-92.688, 48.4439], [-92.656, 48.4367], [-92.5073, 48.4479], [-92.4756, 48.4188], [-92.4563, 48.4142], [-92.4564, 48.4011], [-92.4767, 48.3718], [-92.4699, 48.3518], [-92.4378, 48.3098], [-92.4163, 48.2955], [-92.3692, 48.2203], [-92.3368, 48.2354], [-92.2697, 48.2482], [-92.2945, 48.2716], [-92.3015, 48.2886], [-92.2945, 48.3065], [-92.3063, 48.3164], [-92.289, 48.343], [-92.2623, 48.3549], [-92.217, 48.3451], [-92.145, 48.3657], [-92.1436, 48.3561], [-92.0552, 48.3592], [-92.0457, 48.3479], [-92.0466, 48.3347], [-92.0001, 48.3214], [-92.013, 48.2974], [-92.0066, 48.2654], [-91.9895, 48.2602], [-91.9769, 48.2446], [-91.9702, 48.2536], [-91.9544, 48.2517], [-91.9485, 48.2458], [-91.9583, 48.2438], [-91.9578, 48.233], [-91.8935, 48.2377], [-91.8679, 48.2191], [-91.8644, 48.207], [-91.8158, 48.2117], [-91.789, 48.1965], [-91.7564, 48.2058], [-91.7491, 48.1988], [-91.7423, 48.2045], [-91.7149, 48.1991], [-91.7116, 48.1891], [-91.7246, 48.1707], [-91.7053, 48.1708], [-91.7085, 48.1527], [-91.6982, 48.1416], [-91.712, 48.1147], [-91.6828, 48.1221], [-91.6876, 48.1117], [-91.6652, 48.107], [-91.6533, 48.1141], [-91.6402, 48.0969], [-91.5593, 48.1083], [-91.553, 48.103], [-91.5697, 48.0933], [-91.5755, 48.0663], [-91.5757, 48.0488], [-91.5673, 48.0437], [-91.4886, 48.0681], [-91.4503, 48.0688], [-91.4389, 48.05], [-91.4296, 48.0486], [-91.3709, 48.0694], [-91.2664, 48.0787], [-91.1377, 48.1492], [-91.143, 48.1542], [-91.0827, 48.1808], [-91.0321, 48.1885], [-90.977, 48.2195], [-90.915, 48.2306], [-90.8855, 48.2458], [-90.8751, 48.2378], [-90.8474, 48.2444], [-90.8392, 48.2395], [-90.8363, 48.177], [-90.8211, 48.1847], [-90.8042, 48.1778], [-90.7966, 48.1594], [-90.7779, 48.1638], [-90.778, 48.1487], [-90.798, 48.1369], [-90.7821, 48.1354], [-90.7899, 48.1299], [-90.7691, 48.1166], [-90.7516, 48.091], [-90.6416, 48.1035], [-90.5799, 48.1239], [-90.5593, 48.1217], [-90.5558, 48.1171], [-90.5698, 48.107], [-90.5568, 48.096], [-90.4871, 48.0991], [-90.4677, 48.1088], [-90.4384, 48.0987], [-90.4032, 48.1051], [-90.3745, 48.0909], [-90.3124, 48.1053], [-90.2893, 48.099], [-90.1362, 48.1121], [-90.0236, 48.0847], [-90.0151, 48.0672], [-89.9979, 48.0576], [-89.993, 48.0284], [-89.9521, 48.0108], [-89.9345, 48.0156], [-89.9226, 47.9968], [-89.8974, 47.9876], [-89.8712, 47.9859], [-89.8462, 47.9927], [-89.8448, 48.0031], [-89.8318, 47.9994], [-89.8198, 48.0151], [-89.764, 48.023], [-89.7232, 48.0205], [-89.724, 48.0137], [-89.7171, 48.0172], [-89.7159, 48.0092], [-89.7025, 48.0063], [-89.6738, 48.0115], [-89.6511, 48.0036], [-89.6104, 48.0178], [-89.6078, 48.0066], [-89.581, 47.9959], [-89.494, 48.0047], [-89.601, 47.9803], [-89.6139, 47.9849], [-89.6061, 47.9888], [-89.6117, 47.9947], [-89.6245, 47.9947], [-89.6496, 47.9793], [-89.6395, 47.9536], [-89.6576, 47.967], [-89.6814, 47.9636], [-89.6905, 47.9535], [-89.6818, 47.945], [-89.7032, 47.9396], [-89.7599, 47.9041], [-89.8388, 47.8764], [-89.9191, 47.864], [-89.9368, 47.8458], [-89.9714, 47.839], [-89.9745, 47.8311], [-90.1176, 47.7947], [-90.1648, 47.7922], [-90.1883, 47.7771], [-90.2319, 47.776], [-90.5371, 47.7031], [-90.5513, 47.6903], [-90.777, 47.6062], [-91.0456, 47.4565], [-91.0956, 47.4147], [-91.1548, 47.3804], [-91.1866, 47.3399], [-91.2387, 47.305], [-91.2492, 47.2842], [-91.2875, 47.2667], [-91.3667, 47.2001], [-91.4086, 47.1823], [-91.4615, 47.1352], [-91.5067, 47.1193], [-91.5209, 47.1043], [-91.5738, 47.0899], [-91.595, 47.0624], [-91.6132, 47.0592], [-91.6421, 47.0386], [-91.6374, 47.0273], [-91.656, 47.0289], [-91.6637, 47.0129], [-91.6758, 47.0176], [-91.6847, 47.0068], [-91.7046, 47.0052], [-91.7775, 46.9525], [-91.7807, 46.9433], [-91.8175, 46.9238], [-91.8461, 46.923], [-92.0943, 46.7884], [-92.0645, 46.7454], [-92.0153, 46.7065], [-92.034, 46.7089], [-92.0895, 46.7492], [-92.1166, 46.7486], [-92.1433, 46.7346], [-92.1463, 46.7159], [-92.1891, 46.7175], [-92.2047, 46.704], [-92.2052, 46.6983], [-92.1831, 46.6952], [-92.1761, 46.6863], [-92.2041, 46.6669], [-92.2071, 46.6519], [-92.2425, 46.6492], [-92.2566, 46.6587], [-92.2706, 46.6507], [-92.2913, 46.6681], [-92.294, 46.0744], [-92.3329, 46.0627], [-92.3518, 46.0157], [-92.3727, 46.0142], [-92.4106, 46.0273], [-92.4286, 46.0242], [-92.4423, 46.0162], [-92.4694, 45.9738], [-92.5271, 45.9832], [-92.5498, 45.968], [-92.5519, 45.9517], [-92.6388, 45.9342], [-92.6391, 45.9246], [-92.6561, 45.9244], [-92.6766, 45.9064], [-92.7077, 45.8949], [-92.734, 45.8681], [-92.74, 45.8463], [-92.7651, 45.8302], [-92.7578, 45.8066], [-92.7765, 45.79], [-92.7846, 45.7642], [-92.8098, 45.7442], [-92.8692, 45.7176], [-92.8871, 45.6441], [-92.8837, 45.5755], [-92.8233, 45.5609], [-92.7734, 45.5682], [-92.7261, 45.5411], [-92.7267, 45.5145], [-92.6802, 45.4643], [-92.6527, 45.4545], [-92.6466, 45.4416], [-92.6504, 45.3985], [-92.7027, 45.3585], [-92.699, 45.3364], [-92.7048, 45.3265], [-92.7619, 45.287], [-92.7517, 45.2659], [-92.7602, 45.2496], [-92.7517, 45.2187], [-92.7671, 45.1879], [-92.7524, 45.1739], [-92.7521, 45.1421], [-92.7396, 45.1156], [-92.8029, 45.0654], [-92.7971, 45.0506], [-92.7621, 45.0243], [-92.7712, 45.0014], [-92.7694, 44.9722], [-92.7546, 44.9558], [-92.7506, 44.9373], [-92.7587, 44.909], [-92.7746, 44.8981], [-92.7634, 44.8742], [-92.7691, 44.8622], [-92.7653, 44.8372], [-92.7852, 44.7923], [-92.8053, 44.7684], [-92.808, 44.7515], [-92.7373, 44.7172], [-92.661, 44.6609], [-92.6321, 44.649], [-92.6198, 44.6342], [-92.6215, 44.615], [-92.6015, 44.6121], [-92.5862, 44.6001], [-92.5694, 44.6035], [-92.5498, 44.5811], [-92.5481, 44.5678], [-92.5184, 44.5752], [-92.4373, 44.5528], [-92.4151, 44.5604], [-92.329, 44.5509], [-92.3141, 44.538], [-92.291, 44.4855], [-92.2325, 44.4454], [-92.0565, 44.4027], [-92.0381, 44.3887], [-91.9703, 44.3658], [-91.9186, 44.3227], [-91.9136, 44.3104], [-91.9246, 44.2918], [-91.8964, 44.2747], [-91.887, 44.2518], [-91.8927, 44.2311], [-91.8752, 44.2006], [-91.8292, 44.1784], [-91.8081, 44.1593], [-91.7191, 44.1289], [-91.7075, 44.1039], [-91.6815, 44.0974], [-91.6479, 44.0641], [-91.6105, 44.0493], [-91.5921, 44.0314], [-91.4374, 44.0], [-91.4074, 43.9651], [-91.3666, 43.9375], [-91.3574, 43.9172], [-91.2841, 43.8471], [-91.2624, 43.7922], [-91.244, 43.773], [-91.2685, 43.7098], [-91.2733, 43.6666], [-91.2624, 43.6418], [-91.2687, 43.6153], [-91.2319, 43.5818], [-91.2432, 43.5403], [-91.2183, 43.5144], [-91.2177, 43.5005], [-93.0492, 43.4997], [-96.4533, 43.5004], [-96.4528, 44.1968]], [[-96.0929, 44.6305], [-95.604, 44.6299], [-96.4518, 44.6313], [-96.0929, 44.6305]], [[-96.1947, 47.1511], [-95.797, 47.1516], [-96.8398, 47.1505], [-96.1947, 47.1511]], [[-96.0676, 47.4991], [-95.6467, 47.4998], [-96.8491, 47.499], [-96.0676, 47.4991]], [[-91.833, 43.8471], [-91.7304, 43.8469], [-91.2841, 43.8471], [-91.833, 43.8471]], [[-92.4489, 43.8483], [-92.449, 43.8341], [-92.4489, 43.5004], [-92.4489, 43.8483]], [[-95.3052, 48.9476], [-95.305, 48.9483], [-95.3055, 48.9485], [-95.3052, 48.9476]], [[-95.3074, 48.9472], [-95.3059, 48.9454], [-95.3056, 48.9464], [-95.3074, 48.9472]], [[-95.3229, 48.9402], [-95.3222, 48.9382], [-95.3216, 48.9412], [-95.3229, 48.9402]], [[-95.3187, 48.9283], [-95.3109, 48.9183], [-95.3196, 48.9308], [-95.3187, 48.9283]], [[-95.4867, 48.5392], [-95.212, 48.5399], [-95.3425, 48.5402], [-95.4867, 48.5392]], [[-95.5939, 48.1729], [-95.5925, 48.0207], [-95.5931, 48.3654], [-95.5939, 48.1729]], [[-95.1827, 47.3255], [-95.1832, 47.4128], [-95.185, 47.6733], [-95.1827, 47.3255]], [[-95.1637, 46.7176], [-95.1634, 46.6299], [-95.163, 46.8047], [-95.1623, 46.9782], [-95.1637, 46.7176]], [[-94.7871, 46.8039], [-94.6599, 46.8037], [-95.163, 46.8047], [-94.7871, 46.8039]], [[-95.1555, 46.3472], [-95.1543, 46.2824], [-95.1555, 46.3622], [-95.1555, 46.3472]], [[-94.7635, 45.2391], [-94.7631, 45.3261], [-94.7629, 45.4129], [-94.7635, 45.2391]], [[-94.5019, 44.9798], [-94.1026, 44.9789], [-94.2561, 44.9795], [-94.5019, 44.9798]], [[-93.5745, 44.7958], [-93.5778, 44.7942], [-93.5554, 44.7998], [-93.5745, 44.7958]], [[-93.5807, 44.7927], [-93.5821, 44.7823], [-93.5801, 44.793], [-93.5807, 44.7927]], [[-93.6356, 44.6977], [-93.637, 44.695], [-93.6299, 44.6981], [-93.6356, 44.6977]], [[-93.6483, 44.6952], [-93.6422, 44.6927], [-93.6395, 44.6939], [-93.6483, 44.6952]], [[-93.7539, 44.6376], [-93.7535, 44.6381], [-93.7598, 44.6435], [-93.7539, 44.6376]], [[-93.7601, 44.6351], [-93.7555, 44.6358], [-93.7547, 44.6367], [-93.7601, 44.6351]], [[-93.799, 44.6349], [-93.8025, 44.6345], [-93.798, 44.6341], [-93.799, 44.6349]], [[-93.8147, 44.6333], [-93.8151, 44.6331], [-93.8074, 44.634], [-93.8147, 44.6333]], [[-93.8454, 44.6224], [-93.8435, 44.6207], [-93.8444, 44.6257], [-93.8454, 44.6224]], [[-93.8485, 44.6218], [-93.843, 44.6176], [-93.8433, 44.6195], [-93.8485, 44.6218]], [[-93.8917, 44.55], [-93.8917, 44.5522], [-93.893, 44.5527], [-93.8917, 44.55]], [[-93.8924, 44.546], [-93.8916, 44.5462], [-93.8916, 44.5477], [-93.8924, 44.546]], [[-93.9004, 44.552], [-93.9019, 44.5518], [-93.9001, 44.5508], [-93.9004, 44.552]], [[-93.9067, 44.5511], [-93.9114, 44.5456], [-93.9039, 44.5515], [-93.9067, 44.5511]], [[-93.9122, 44.5381], [-93.9104, 44.5432], [-93.9114, 44.5456], [-93.9122, 44.5381]], [[-93.5243, 44.5436], [-93.2862, 44.544], [-93.9104, 44.5432], [-93.5243, 44.5436]], [[-93.6483, 43.848], [-94.8463, 43.8481], [-93.6483, 43.8476], [-93.6483, 43.848]], [[-95.5788, 47.6737], [-95.5829, 48.0207], [-95.5822, 47.934], [-95.5788, 47.6737]], [[-95.7697, 46.1075], [-95.1461, 46.1068], [-96.2654, 46.1086], [-95.7697, 46.1075]], [[-96.2646, 46.2822], [-96.2661, 46.0216], [-96.2662, 45.9347], [-96.2654, 46.1086], [-96.2646, 46.2822]], [[-94.0097, 44.878], [-94.0122, 44.9786], [-94.0105, 44.7175], [-94.0097, 44.878]], [[-94.2541, 44.7179], [-93.8886, 44.717], [-94.0105, 44.7175], [-94.2541, 44.7179]], [[-94.5024, 44.8923], [-95.2485, 44.8913], [-95.4829, 44.8907], [-94.5024, 44.8923]], [[-95.4213, 44.7324], [-95.4278, 44.7393], [-95.4222, 44.732], [-95.4213, 44.7324]], [[-95.4125, 44.7328], [-95.4168, 44.7346], [-95.3971, 44.7238], [-95.4125, 44.7328]], [[-95.101, 44.1949], [-95.1088, 44.195], [-95.1568, 44.1951], [-95.101, 44.1949]], [[-96.3077, 45.2486], [-96.3026, 45.2498], [-96.3074, 45.25], [-96.3077, 45.2486]], [[-96.3007, 45.2497], [-96.2834, 45.2469], [-96.2924, 45.2493], [-96.3007, 45.2497]], [[-96.1076, 45.1832], [-96.1053, 45.1777], [-96.1038, 45.1767], [-96.1076, 45.1832]], [[-96.2413, 45.4127], [-96.1171, 45.412], [-96.1177, 45.2398], [-96.117, 45.412], [-95.7476, 45.4123], [-96.2413, 45.4127]], [[-95.5948, 44.5423], [-95.3604, 44.5418], [-95.6043, 44.5425], [-95.5948, 44.5423]], [[-95.7337, 44.9349], [-95.7366, 44.9359], [-95.7194, 44.921], [-95.7337, 44.9349]], [[-95.6838, 44.9085], [-95.6802, 44.9073], [-95.6828, 44.9091], [-95.6838, 44.9085]], [[-95.6818, 44.9097], [-95.6823, 44.9094], [-95.6805, 44.9089], [-95.6818, 44.9097]], [[-95.6722, 44.9042], [-95.6773, 44.9071], [-95.6725, 44.9032], [-95.6722, 44.9042]], [[-95.6163, 44.863], [-95.6181, 44.864], [-95.6162, 44.8616], [-95.6163, 44.863]], [[-95.504, 44.7944], [-95.5195, 44.8018], [-95.5017, 44.7912], [-95.504, 44.7944]], [[-95.4985, 44.7869], [-95.4994, 44.7881], [-95.5039, 44.7861], [-95.4985, 44.7869]], [[-95.523, 44.7752], [-95.5234, 44.7764], [-95.5306, 44.7745], [-95.523, 44.7752]], [[-95.5279, 44.7707], [-95.5291, 44.7713], [-95.5288, 44.7706], [-95.5279, 44.7707]], [[-95.7447, 44.9444], [-95.745, 44.9449], [-95.7454, 44.9445], [-95.7447, 44.9444]], [[-96.0125, 45.1237], [-96.0367, 45.1521], [-96.0396, 45.1537], [-96.0125, 45.1237]], [[-96.177, 46.8049], [-96.1724, 46.6306], [-96.1746, 46.7179], [-96.177, 46.8049]], [[-95.5534, 47.6736], [-95.5542, 47.5], [-95.5527, 47.5], [-95.5534, 47.6736]], [[-94.8029, 44.4668], [-94.8, 44.4668], [-94.7981, 44.4696], [-94.8029, 44.4668]], [[-93.933, 44.4567], [-93.9365, 44.4541], [-93.9274, 44.4583], [-93.933, 44.4567]], [[-93.9168, 44.4632], [-93.9199, 44.4653], [-93.9184, 44.4624], [-93.9168, 44.4632]], [[-94.3691, 44.1087], [-95.1002, 44.108], [-94.8598, 44.108], [-94.3691, 44.1087]], [[-94.3689, 44.1814], [-94.3704, 44.1961], [-94.3689, 44.1141], [-94.3689, 44.1814]], [[-94.3605, 44.262], [-94.3743, 44.2662], [-94.3748, 44.2658], [-94.3717, 44.2644], [-94.3605, 44.262]], [[-94.2853, 44.2331], [-94.2909, 44.2395], [-94.2859, 44.2302], [-94.2853, 44.2331]], [[-94.2835, 44.228], [-94.2846, 44.2279], [-94.2842, 44.2272], [-94.2835, 44.228]], [[-94.781, 44.4544], [-94.7826, 44.4535], [-94.7811, 44.4536], [-94.781, 44.4544]], [[-94.7848, 44.4523], [-94.7865, 44.4513], [-94.777, 44.4468], [-94.7848, 44.4523]], [[-94.7683, 44.4464], [-94.7657, 44.4428], [-94.7677, 44.4464], [-94.7683, 44.4464]], [[-94.6857, 44.411], [-94.6869, 44.4099], [-94.6852, 44.41], [-94.6857, 44.411]], [[-94.6956, 44.4052], [-94.6946, 44.4027], [-94.6938, 44.4032], [-94.6956, 44.4052]], [[-94.6841, 44.4075], [-94.6781, 44.4082], [-94.6816, 44.409], [-94.6841, 44.4075]], [[-94.6759, 44.4077], [-94.6699, 44.4028], [-94.6748, 44.4075], [-94.6759, 44.4077]], [[-94.5203, 44.36], [-94.5178, 44.358], [-94.5092, 44.3552], [-94.5203, 44.36]], [[-94.5002, 44.353], [-94.4998, 44.3522], [-94.4964, 44.3541], [-94.5002, 44.353]], [[-93.9373, 44.339], [-93.9328, 44.344], [-93.9331, 44.3444], [-93.9373, 44.339]], [[-94.0214, 44.24], [-94.0194, 44.2399], [-94.0213, 44.2425], [-94.0214, 44.24]], [[-94.4981, 44.7172], [-94.4978, 44.6299], [-94.4977, 44.8923], [-94.4981, 44.7172]], [[-93.5217, 45.2466], [-93.5251, 45.2493], [-93.5206, 45.2424], [-93.5217, 45.2466]], [[-93.5038, 45.2425], [-93.5122, 45.2457], [-93.5217, 45.2466], [-93.5038, 45.2425]], [[-93.5101, 45.4148], [-93.511, 45.4951], [-93.5122, 45.2457], [-93.5101, 45.4148]], [[-93.5137, 45.7343], [-93.5181, 45.9817], [-93.5136, 45.7229], [-93.5137, 45.7343]], [[-93.5117, 45.5588], [-93.7594, 45.5596], [-94.1495, 45.5591], [-93.5117, 45.5588]], [[-93.7618, 45.7653], [-93.7636, 45.8032], [-93.7594, 45.5596], [-93.7618, 45.7653]], [[-94.1608, 45.5664], [-94.1456, 45.5535], [-94.1495, 45.5591], [-94.1608, 45.5664]], [[-94.4133, 47.4451], [-94.4072, 47.4413], [-94.4111, 47.4452], [-94.4133, 47.4451]], [[-94.4046, 47.4387], [-94.4102, 47.4353], [-94.4035, 47.4376], [-94.4046, 47.4387]], [[-94.026, 47.3517], [-94.026, 47.3514], [-94.0079, 47.3467], [-94.026, 47.3517]], [[-94.1696, 45.302], [-94.174, 45.3024], [-94.1734, 45.3014], [-94.1696, 45.302]], [[-94.1168, 45.328], [-94.1574, 45.3039], [-94.1567, 45.304], [-94.1168, 45.328]], [[-94.0989, 45.3434], [-94.1065, 45.3399], [-94.097, 45.3431], [-94.0989, 45.3434]], [[-94.0901, 45.3458], [-94.0905, 45.3453], [-94.0899, 45.3455], [-94.0901, 45.3458]], [[-94.0566, 45.4211], [-94.0564, 45.4184], [-94.0537, 45.4217], [-94.0566, 45.4211]], [[-94.0442, 45.4192], [-94.0522, 45.4353], [-94.0499, 45.4224], [-94.0442, 45.4192]], [[-93.9221, 45.3845], [-93.9165, 45.3831], [-93.9185, 45.3844], [-93.9221, 45.3845]], [[-93.9099, 45.3733], [-93.9119, 45.3803], [-93.9138, 45.3815], [-93.9099, 45.3733]], [[-93.8062, 45.313], [-93.7695, 45.2979], [-93.7621, 45.2964], [-93.8062, 45.313]], [[-93.7573, 45.2955], [-93.7543, 45.2949], [-93.7356, 45.2999], [-93.7573, 45.2955]], [[-93.544, 45.2579], [-93.529, 45.2523], [-93.5314, 45.2542], [-93.544, 45.2579]], [[-94.2032, 45.6789], [-94.203, 45.6782], [-94.2017, 45.6783], [-94.2032, 45.6789]], [[-94.1894, 45.6791], [-94.1843, 45.6795], [-94.1855, 45.6803], [-94.1894, 45.6791]], [[-94.183, 45.6786], [-94.1833, 45.6776], [-94.1823, 45.6781], [-94.183, 45.6786]], [[-94.5393, 46.3037], [-94.5562, 46.3071], [-94.5405, 46.3035], [-94.5393, 46.3037]], [[-94.3491, 46.2794], [-94.3437, 46.2866], [-94.3506, 46.2799], [-94.3491, 46.2794]], [[-94.3417, 46.2777], [-94.3449, 46.278], [-94.3409, 46.2766], [-94.3417, 46.2777]], [[-94.3394, 46.2846], [-94.3397, 46.2838], [-94.3388, 46.2842], [-94.3394, 46.2846]], [[-94.7282, 46.3812], [-94.7314, 46.3686], [-94.7317, 46.3642], [-94.7282, 46.3812]], [[-94.3387, 46.2735], [-94.339, 46.2725], [-94.3382, 46.2729], [-94.3387, 46.2735]], [[-94.3948, 46.2094], [-94.3871, 46.2014], [-94.3878, 46.2038], [-94.3948, 46.2094]], [[-94.4243, 48.2792], [-94.4258, 48.3674], [-94.4248, 48.0596], [-94.4243, 48.2792]], [[-94.4193, 47.7186], [-94.4162, 47.6007], [-94.4178, 48.0198], [-94.4193, 47.7186]], [[-92.6894, 43.8486], [-93.0456, 43.8491], [-93.0459, 44.1967], [-93.046, 43.8485], [-93.2245, 43.8483], [-92.6894, 43.8486]], [[-92.0791, 44.193], [-92.0795, 44.1067], [-92.0791, 43.8476], [-92.0791, 44.193]], [[-93.0198, 45.3409], [-93.0205, 45.1239], [-93.0194, 45.2969], [-93.0198, 45.3409]], [[-93.2277, 45.1245], [-92.9846, 45.1236], [-93.0205, 45.1239], [-93.2277, 45.1245]], [[-93.2817, 44.472], [-93.2801, 44.544], [-93.2815, 44.544], [-93.2817, 44.472]], [[-93.3786, 44.7857], [-93.3875, 44.7986], [-93.3803, 44.7853], [-93.3786, 44.7857]], [[-93.3257, 44.7927], [-93.328, 44.7913], [-93.3045, 44.7945], [-93.3257, 44.7927]], [[-93.2205, 44.8316], [-93.2309, 44.8275], [-93.2205, 44.8311], [-93.2205, 44.8316]], [[-93.1984, 44.8584], [-93.2004, 44.8553], [-93.1983, 44.8582], [-93.1984, 44.8584]], [[-93.183, 44.8853], [-93.1788, 44.8802], [-93.182, 44.886], [-93.183, 44.8853]], [[-93.1785, 44.8883], [-93.1793, 44.8878], [-93.1768, 44.8883], [-93.1785, 44.8883]], [[-93.2834, 45.0354], [-93.2081, 45.0357], [-93.2269, 45.0357], [-93.2834, 45.0354]], [[-93.0084, 44.8587], [-93.0092, 44.8609], [-93.0119, 44.8367], [-93.0084, 44.8587]], [[-93.0208, 44.7914], [-93.0194, 44.7955], [-93.0204, 44.7942], [-93.0208, 44.7914]], [[-93.016, 44.7756], [-93.0212, 44.7891], [-93.0215, 44.7868], [-93.016, 44.7756]], [[-92.9286, 44.7814], [-92.9472, 44.774], [-92.9397, 44.7757], [-92.9286, 44.7814]], [[-92.8786, 44.7723], [-92.8807, 44.7724], [-92.8759, 44.7695], [-92.8786, 44.7723]], [[-93.5024, 45.2419], [-93.4855, 45.2257], [-93.5016, 45.2416], [-93.5024, 45.2419]], [[-93.0583, 46.961], [-93.0647, 46.6801], [-93.0613, 46.7666], [-93.0583, 46.961]], [[-93.0648, 46.6764], [-93.0627, 46.5933], [-93.0647, 46.6801], [-93.0648, 46.6764]], [[-91.7988, 48.0047], [-91.7992, 47.8463], [-91.7971, 47.9117], [-91.7988, 48.0047]], [[-91.7993, 47.7859], [-91.7994, 47.7575], [-91.7964, 47.6659], [-91.7993, 47.7859]]], [[[-91.5517, 47.0906], [-91.5516, 47.0873], [-91.5532, 47.0876], [-91.5517, 47.0906]]], [[[-89.6602, 47.9507], [-89.6616, 47.955], [-89.6548, 47.9526], [-89.6602, 47.9507]]], [[[-89.5921, 47.9667], [-89.5749, 47.9807], [-89.5535, 47.9733], [-89.5864, 47.9588], [-89.5921, 47.9667]]]]}}, {"type": "Feature", "properties": {"code": "MO", "name": "Missouri"}, "geometry": {"type": "Polygon", "coordinates": [[[-94.6179, 36.4994], [-94.6083, 39.1179], [-94.5884, 39.1499], [-94.6017, 39.1596], [-94.6558, 39.1557], [-94.6592, 39.1741], [-94.6803, 39.1843], [-94.7141, 39.1704], [-94.7419, 39.1702], [-94.7631, 39.1799], [-94.7815, 39.2061], [-94.8238, 39.2099], [-94.8351, 39.2207], [-94.8257, 39.2417], [-94.8315, 39.2563], [-94.8871, 39.2865], [-94.9053, 39.312], [-94.91, 39.3525], [-94.8814, 39.3704], [-94.885, 39.3898], [-94.9018, 39.3928], [-94.9231, 39.3845], [-94.942, 39.3895], [-94.9479, 39.4086], [-94.973, 39.4217], [-94.9821, 39.4406], [-95.0375, 39.4637], [-95.0522, 39.5], [-95.1014, 39.5333], [-95.1131, 39.5591], [-95.0991, 39.5797], [-95.0693, 39.5762], [-95.0548, 39.5825], [-95.0464, 39.5996], [-95.0552, 39.6217], [-95.0495, 39.6379], [-95.0183, 39.6729], [-94.9713, 39.6864], [-94.9712, 39.7293], [-94.9601, 39.7431], [-94.9447, 39.7444], [-94.9026, 39.7242], [-94.8701, 39.7346], [-94.8594, 39.7537], [-94.8671, 39.7717], [-94.9123, 39.7593], [-94.9358, 39.7789], [-94.9256, 39.7898], [-94.8841, 39.7942], [-94.8763, 39.8069], [-94.8787, 39.8265], [-94.9169, 39.8361], [-94.9377, 39.8498], [-94.9407, 39.8644], [-94.9279, 39.8861], [-94.9593, 39.9017], [-95.0187, 39.8974], [-95.0279, 39.8715], [-95.0378, 39.8655], [-95.085, 39.8619], [-95.1282, 39.8742], [-95.1406, 39.8817], [-95.1497, 39.9059], [-95.2019, 39.9041], [-95.2044, 39.9389], [-95.2503, 39.9486], [-95.2699, 39.9694], [-95.3025, 39.9844], [-95.3153, 40.0121], [-95.3569, 40.0315], [-95.3872, 40.0268], [-95.4073, 40.0331], [-95.4216, 40.059], [-95.4099, 40.0743], [-95.4076, 40.098], [-95.3942, 40.1083], [-95.3954, 40.1228], [-95.4287, 40.1356], [-95.4363, 40.1587], [-95.4792, 40.1857], [-95.4823, 40.2007], [-95.4697, 40.2279], [-95.4775, 40.2427], [-95.5548, 40.2645], [-95.551, 40.2859], [-95.5622, 40.2974], [-95.6104, 40.314], [-95.6423, 40.306], [-95.658, 40.3127], [-95.6252, 40.3343], [-95.6237, 40.3466], [-95.641, 40.3664], [-95.6439, 40.3868], [-95.6591, 40.4087], [-95.6582, 40.4419], [-95.6947, 40.4715], [-95.7, 40.5053], [-95.6617, 40.5173], [-95.6534, 40.5419], [-95.6787, 40.5626], [-95.6941, 40.5569], [-95.695, 40.5331], [-95.7086, 40.5216], [-95.7224, 40.5281], [-95.7571, 40.526], [-95.7687, 40.5341], [-95.7634, 40.5508], [-95.7747, 40.5736], [-95.7656, 40.5852], [-94.2322, 40.5719], [-92.7146, 40.5896], [-91.7291, 40.6136], [-91.6864, 40.5809], [-91.6887, 40.5574], [-91.6201, 40.5408], [-91.6214, 40.5101], [-91.5908, 40.4923], [-91.5747, 40.4657], [-91.5251, 40.4578], [-91.5336, 40.4383], [-91.5191, 40.4328], [-91.5246, 40.4108], [-91.4885, 40.4043], [-91.4845, 40.3839], [-91.4634, 40.3854], [-91.4639, 40.3757], [-91.4412, 40.3863], [-91.4194, 40.3783], [-91.4621, 40.3424], [-91.4899, 40.286], [-91.4905, 40.2595], [-91.4973, 40.2488], [-91.5065, 40.2363], [-91.5117, 40.1471], [-91.4896, 40.0574], [-91.4949, 40.0365], [-91.4188, 39.9221], [-91.4435, 39.8936], [-91.4464, 39.8704], [-91.4295, 39.8378], [-91.368, 39.8004], [-91.3616, 39.7875], [-91.37, 39.7325], [-91.2761, 39.6658], [-91.2293, 39.6209], [-91.1859, 39.6051], [-91.1586, 39.553], [-91.1003, 39.5387], [-91.0643, 39.4946], [-91.0594, 39.4689], [-91.0383, 39.4484], [-90.9408, 39.404], [-90.9287, 39.3875], [-90.7935, 39.3095], [-90.7516, 39.2654], [-90.73, 39.2559], [-90.7079, 39.1509], [-90.6811, 39.1006], [-90.6827, 39.0883], [-90.7136, 39.054], [-90.6782, 38.9919], [-90.6635, 38.9274], [-90.6251, 38.8887], [-90.5834, 38.869], [-90.5666, 38.8688], [-90.544, 38.8751], [-90.5075, 38.9028], [-90.4721, 38.9588], [-90.4401, 38.9674], [-90.3958, 38.96], [-90.3095, 38.9241], [-90.2502, 38.9193], [-90.1133, 38.8493], [-90.1231, 38.798], [-90.1667, 38.7723], [-90.2119, 38.718], [-90.2092, 38.7028], [-90.1864, 38.6748], [-90.1777, 38.6428], [-90.1918, 38.599], [-90.2242, 38.5751], [-90.2578, 38.532], [-90.2928, 38.4287], [-90.3413, 38.3882], [-90.3682, 38.3403], [-90.3727, 38.2862], [-90.3596, 38.2245], [-90.3316, 38.1876], [-90.2749, 38.1576], [-90.2431, 38.1127], [-90.2187, 38.0944], [-90.1772, 38.0712], [-90.1579, 38.0748], [-90.1308, 38.0623], [-90.1174, 38.0317], [-90.0883, 38.0158], [-90.0573, 38.0144], [-90.0001, 37.9646], [-89.9408, 37.971], [-89.9359, 37.9596], [-89.9251, 37.96], [-89.9325, 37.9475], [-89.9596, 37.9402], [-89.9749, 37.9267], [-89.9525, 37.8832], [-89.9389, 37.8745], [-89.9018, 37.8698], [-89.8448, 37.9056], [-89.7993, 37.8815], [-89.8004, 37.8686], [-89.7864, 37.8517], [-89.7399, 37.8469], [-89.7175, 37.8257], [-89.6696, 37.7999], [-89.6604, 37.7863], [-89.668, 37.7595], [-89.6634, 37.7501], [-89.6173, 37.7497], [-89.5833, 37.7133], [-89.5167, 37.6928], [-89.5177, 37.6412], [-89.476, 37.5902], [-89.4861, 37.5809], [-89.5208, 37.5812], [-89.5164, 37.5356], [-89.4755, 37.4714], [-89.4398, 37.4372], [-89.4213, 37.3921], [-89.4328, 37.3471], [-89.4842, 37.3356], [-89.5118, 37.3108], [-89.5183, 37.2855], [-89.4887, 37.2515], [-89.4582, 37.2471], [-89.4676, 37.2182], [-89.4561, 37.1881], [-89.4256, 37.1382], [-89.3787, 37.0946], [-89.3757, 37.0805], [-89.3852, 37.0577], [-89.3783, 37.0396], [-89.2786, 36.9887], [-89.2662, 36.9963], [-89.26, 37.0233], [-89.3048, 37.0476], [-89.3077, 37.0697], [-89.2599, 37.0641], [-89.2549, 37.072], [-89.2341, 37.0373], [-89.2008, 37.0162], [-89.1855, 36.9735], [-89.17, 36.9703], [-89.1251, 36.9835], [-89.0996, 36.9645], [-89.1176, 36.8874], [-89.1319, 36.8574], [-89.138, 36.8473], [-89.1704, 36.8415], [-89.1789, 36.8314], [-89.1711, 36.7981], [-89.1235, 36.7853], [-89.1161, 36.7724], [-89.1261, 36.7517], [-89.1691, 36.7595], [-89.1978, 36.7394], [-89.1995, 36.716], [-89.1695, 36.6889], [-89.1719, 36.6725], [-89.1591, 36.6664], [-89.1977, 36.6289], [-89.2136, 36.5801], [-89.2273, 36.5694], [-89.26, 36.5651], [-89.3276, 36.6322], [-89.3655, 36.6251], [-89.3755, 36.6157], [-89.4198, 36.4939], [-89.4604, 36.4581], [-89.4862, 36.4616], [-89.4941, 36.4732], [-89.4659, 36.5299], [-89.4791, 36.5682], [-89.5425, 36.5806], [-89.5668, 36.5642], [-89.5712, 36.5473], [-89.5603, 36.5254], [-89.5195, 36.4754], [-89.5234, 36.4566], [-89.5455, 36.4307], [-89.5096, 36.3751], [-89.519, 36.3486], [-89.5318, 36.3392], [-89.6057, 36.3422], [-89.6203, 36.323], [-89.6118, 36.3091], [-89.5785, 36.2883], [-89.5395, 36.2774], [-89.5347, 36.2526], [-89.6024, 36.2381], [-89.6525, 36.2507], [-89.6952, 36.2528], [-89.7035, 36.2434], [-89.7053, 36.2366], [-89.6926, 36.225], [-89.607, 36.1712], [-89.5916, 36.1441], [-89.6019, 36.1195], [-89.6666, 36.0958], [-89.6788, 36.0846], [-89.6886, 36.0292], [-89.7069, 36.001], [-90.3779, 35.9957], [-90.3371, 36.0478], [-90.3333, 36.0675], [-90.3207, 36.0713], [-90.3192, 36.09], [-90.2999, 36.0982], [-90.2931, 36.1144], [-90.2663, 36.1206], [-90.2356, 36.1395], [-90.2354, 36.1592], [-90.2204, 36.1848], [-90.2113, 36.1834], [-90.1882, 36.2054], [-90.1264, 36.2294], [-90.1306, 36.2421], [-90.1149, 36.2656], [-90.0837, 36.2723], [-90.064, 36.303], [-90.082, 36.3221], [-90.0645, 36.3821], [-90.0804, 36.4008], [-90.1385, 36.414], [-90.1342, 36.4228], [-90.1441, 36.4258], [-90.1341, 36.4366], [-90.1373, 36.4554], [-90.1425, 36.4634], [-90.1558, 36.4636], [-90.1423, 36.4721], [-90.1594, 36.4801], [-90.1525, 36.498], [-94.6179, 36.4994]], [[-94.6008, 39.4562], [-94.6012, 39.5302], [-94.6017, 39.1596], [-94.6008, 39.4562]], [[-94.6023, 39.7472], [-94.6025, 39.7665], [-94.6012, 39.5302], [-94.6023, 39.7472]], [[-91.9507, 40.2576], [-91.9507, 40.2572], [-91.4973, 40.2488], [-91.9507, 40.2576]], [[-91.8692, 39.9487], [-91.8404, 39.9482], [-91.4355, 39.9453], [-91.8692, 39.9487]], [[-93.3672, 40.2663], [-93.3666, 40.0331], [-93.367, 40.4718], [-93.3672, 40.2663]], [[-92.3484, 40.2426], [-92.3478, 40.3027], [-92.3493, 40.3027], [-92.3484, 40.2426]], [[-92.3454, 40.0586], [-92.3465, 40.2159], [-92.3479, 40.2158], [-92.3454, 40.0586]], [[-92.3451, 40.0372], [-92.3429, 40.0372], [-92.3451, 40.0379], [-92.3451, 40.0372]], [[-92.2879, 39.9525], [-92.1773, 39.9545], [-92.3447, 39.9533], [-92.2879, 39.9525]], [[-92.6983, 39.5761], [-92.7074, 39.3218], [-92.6966, 39.6104], [-92.6983, 39.5761]], [[-92.5621, 38.9737], [-92.5608, 38.971], [-92.5414, 38.955], [-92.5592, 38.9732], [-92.5621, 38.9737]], [[-92.5364, 38.9509], [-92.515, 38.9381], [-92.5389, 38.9529], [-92.5364, 38.9509]], [[-92.4984, 38.9221], [-92.4759, 38.9035], [-92.515, 38.9381], [-92.4984, 38.9221]], [[-92.4796, 38.8774], [-92.4745, 38.8986], [-92.475, 38.9004], [-92.4796, 38.8774]], [[-92.3904, 38.818], [-92.3941, 38.8196], [-92.4212, 38.8198], [-92.3904, 38.818]], [[-92.3828, 38.8108], [-92.3844, 38.8155], [-92.387, 38.8166], [-92.3828, 38.8108]], [[-92.3798, 38.8009], [-92.3796, 38.8015], [-92.3803, 38.8034], [-92.3798, 38.8009]], [[-92.3837, 38.7895], [-92.3825, 38.7909], [-92.381, 38.7966], [-92.3837, 38.7895]], [[-92.4006, 38.7758], [-92.3908, 38.7806], [-92.387, 38.7853], [-92.4006, 38.7758]], [[-92.4086, 38.7702], [-92.408, 38.7642], [-92.4073, 38.7711], [-92.4086, 38.7702]], [[-92.4068, 38.7527], [-92.4037, 38.7491], [-92.4071, 38.7554], [-92.4068, 38.7527]], [[-92.3949, 38.7391], [-92.3939, 38.7389], [-92.3955, 38.7398], [-92.3949, 38.7391]], [[-92.5893, 38.43], [-92.4035, 38.4253], [-92.4952, 38.4278], [-92.5893, 38.43]], [[-92.7072, 38.224], [-92.6951, 38.2216], [-92.6959, 38.222], [-92.7072, 38.224]], [[-92.2523, 37.4729], [-92.253, 37.2548], [-92.2495, 37.6045], [-92.2489, 37.6485], [-92.2523, 37.4729]], [[-91.914, 37.6006], [-92.0293, 37.6025], [-92.2495, 37.6045], [-91.914, 37.6006]], [[-92.9032, 37.0707], [-92.0887, 37.0562], [-91.9303, 37.0535], [-91.9808, 37.0556], [-92.9032, 37.0707]], [[-93.0705, 36.8122], [-92.7649, 36.8061], [-92.096, 36.794], [-92.9093, 36.8092], [-93.0705, 36.8122]], [[-93.7633, 40.264], [-93.7648, 40.4725], [-93.7641, 40.1815], [-93.7633, 40.264]], [[-93.7611, 39.875], [-93.762, 39.9596], [-93.7644, 40.0787], [-93.7648, 40.0311], [-93.7611, 39.875]], [[-93.7585, 39.207], [-93.7584, 39.6114], [-93.7591, 39.6774], [-93.7592, 39.5246], [-93.7585, 39.207]], [[-93.7844, 39.2002], [-93.7534, 39.2077], [-93.7585, 39.207], [-93.7844, 39.2002]], [[-93.739, 39.2097], [-93.7427, 39.2092], [-93.7112, 39.2063], [-93.739, 39.2097]], [[-93.6935, 39.2179], [-93.6989, 39.2111], [-93.697, 39.2119], [-93.6935, 39.2179]], [[-93.6835, 39.2301], [-93.6847, 39.2286], [-93.6827, 39.2303], [-93.6835, 39.2301]], [[-93.6579, 39.2394], [-93.6594, 39.2381], [-93.658, 39.2385], [-93.6579, 39.2394]], [[-93.6505, 39.2482], [-93.6521, 39.2476], [-93.6434, 39.2454], [-93.6505, 39.2482]], [[-93.5039, 39.2176], [-93.5125, 39.2167], [-93.5058, 39.2167], [-93.5039, 39.2176]], [[-93.4907, 39.2253], [-93.4948, 39.2221], [-93.492, 39.2235], [-93.4907, 39.2253]], [[-93.4866, 39.2339], [-93.4888, 39.2277], [-93.4879, 39.2289], [-93.4866, 39.2339]], [[-93.4959, 39.2686], [-93.4962, 39.2649], [-93.4866, 39.2339], [-93.4959, 39.2686]], [[-93.4954, 39.2755], [-93.4957, 39.2719], [-93.4937, 39.2779], [-93.4954, 39.2755]], [[-93.4858, 39.2888], [-93.4882, 39.2854], [-93.48, 39.2909], [-93.4858, 39.2888]], [[-93.4986, 38.8993], [-93.4964, 38.9428], [-93.4835, 39.1793], [-93.4973, 38.9284], [-93.4986, 38.8993]], [[-94.0643, 38.5674], [-93.5115, 38.5562], [-94.1197, 38.5687], [-94.0643, 38.5674]], [[-93.6019, 37.8287], [-93.8117, 37.8348], [-93.6284, 37.8294], [-93.6019, 37.8287]], [[-93.618, 37.5135], [-93.6095, 37.7418], [-93.616, 37.5727], [-93.618, 37.5135]], [[-94.0523, 37.2901], [-93.6051, 37.2815], [-94.0838, 37.2909], [-94.0523, 37.2901]], [[-94.6059, 40.1261], [-94.6055, 40.0865], [-94.5985, 40.3867], [-94.6056, 40.1263], [-95.0431, 40.1301], [-94.6059, 40.1261]], [[-95.0435, 40.1305], [-95.0479, 40.1284], [-95.0475, 40.1279], [-95.0435, 40.1305]], [[-94.3422, 39.1778], [-94.3377, 39.1807], [-94.3309, 39.1886], [-94.3422, 39.1778]], [[-94.3274, 39.1926], [-94.3223, 39.1986], [-94.318, 39.2103], [-94.3274, 39.1926]], [[-94.3097, 39.2259], [-94.3078, 39.228], [-94.3089, 39.2274], [-94.3097, 39.2259]], [[-94.2931, 39.2355], [-94.25, 39.2348], [-94.2899, 39.2371], [-94.2931, 39.2355]], [[-94.1737, 39.2007], [-94.1857, 39.188], [-94.1753, 39.1972], [-94.1737, 39.2007]], [[-94.0786, 39.1342], [-94.059, 39.1348], [-94.0576, 39.1354], [-94.0786, 39.1342]], [[-94.0539, 39.1371], [-94.0456, 39.1408], [-94.0242, 39.1545], [-94.0539, 39.1371]], [[-93.9698, 39.2], [-93.9656, 39.1959], [-93.9668, 39.1983], [-93.9698, 39.2]], [[-93.962, 39.1886], [-93.9622, 39.1865], [-93.9615, 39.1875], [-93.962, 39.1886]], [[-93.9661, 39.1808], [-93.9834, 39.1685], [-93.9679, 39.1781], [-93.9661, 39.1808]], [[-93.9889, 39.1528], [-93.9791, 39.1455], [-93.9707, 39.1434], [-93.9889, 39.1528]], [[-93.9677, 39.1426], [-93.967, 39.1424], [-93.9583, 39.1452], [-93.9677, 39.1426]], [[-94.1178, 38.856], [-94.1142, 38.9173], [-94.1048, 39.1434], [-94.1178, 38.856]], [[-94.0746, 37.6032], [-94.0687, 37.7556], [-94.0735, 37.6397], [-94.0746, 37.6032]], [[-94.0689, 36.7478], [-94.0627, 36.9318], [-94.0603, 37.0155], [-94.0689, 36.7478]], [[-94.2598, 38.4529], [-94.2671, 38.4505], [-94.264, 38.4498], [-94.2598, 38.4529]], [[-94.225, 38.4574], [-94.2263, 38.4591], [-94.2288, 38.4548], [-94.225, 38.4574]], [[-94.0828, 38.0317], [-94.0822, 38.0319], [-94.0834, 38.0321], [-94.0828, 38.0317]], [[-94.0632, 38.0309], [-94.0621, 38.0321], [-94.0694, 38.0368], [-94.0632, 38.0309]], [[-94.2125, 39.2071], [-94.2084, 39.5272], [-94.2066, 39.7068], [-94.2106, 39.4547], [-94.2125, 39.2071]], [[-94.2159, 40.2565], [-94.2188, 40.0351], [-94.2167, 40.1366], [-94.2159, 40.2565]], [[-95.0523, 40.1371], [-95.0543, 40.1365], [-95.054, 40.1354], [-95.0523, 40.1371]], [[-95.0495, 40.1379], [-95.0511, 40.1374], [-95.0529, 40.1328], [-95.0495, 40.1379]], [[-95.0419, 40.112], [-95.042, 40.111], [-95.0336, 40.1087], [-95.0419, 40.112]], [[-95.0362, 40.1145], [-95.0417, 40.1138], [-95.0418, 40.1127], [-95.0362, 40.1145]], [[-95.0473, 40.1276], [-95.0464, 40.1264], [-95.0393, 40.127], [-95.0473, 40.1276]], [[-95.0599, 40.07], [-95.0607, 40.0699], [-95.0575, 40.0648], [-95.0599, 40.07]], [[-93.6081, 37.0982], [-92.9029, 37.0852], [-93.0653, 37.0887], [-93.6081, 37.0982]], [[-93.5125, 38.5194], [-93.5151, 38.4568], [-93.5127, 38.5125], [-93.5125, 38.5194]], [[-93.06, 38.6931], [-93.0482, 38.9726], [-93.0721, 38.4423], [-93.06, 38.6931]], [[-92.9346, 39.0645], [-92.9305, 39.0685], [-93.0482, 38.9726], [-92.9346, 39.0645]], [[-93.0763, 38.2966], [-93.0822, 38.1865], [-93.0777, 38.2631], [-93.0763, 38.2966]], [[-92.756, 38.2125], [-92.7382, 38.22], [-92.749, 38.2176], [-92.756, 38.2125]], [[-92.7355, 38.2207], [-92.7186, 38.2201], [-92.7314, 38.2216], [-92.7355, 38.2207]], [[-93.1914, 37.73], [-93.1826, 37.9042], [-93.1879, 37.8027], [-93.1914, 37.73]], [[-92.8554, 37.8957], [-93.0724, 37.9026], [-93.1826, 37.9042], [-92.8554, 37.8957]], [[-93.0591, 38.1857], [-93.0652, 38.0625], [-93.0724, 37.9026], [-93.0591, 38.1857]], [[-93.0764, 37.2886], [-93.0716, 37.4874], [-93.0734, 37.415], [-93.0764, 37.2886]], [[-93.0768, 37.2704], [-93.0768, 37.27], [-93.0615, 37.2698], [-93.0768, 37.2704]], [[-93.5386, 38.2055], [-93.5207, 38.207], [-93.5235, 38.2072], [-93.5386, 38.2055]], [[-93.279, 39.6156], [-93.2799, 39.6172], [-93.2801, 39.6156], [-93.279, 39.6156]], [[-93.2266, 39.4719], [-93.2281, 39.4732], [-93.2392, 39.4709], [-93.2266, 39.4719]], [[-93.2245, 39.4588], [-93.2195, 39.4508], [-93.2243, 39.4595], [-93.2245, 39.4588]], [[-93.2288, 39.4363], [-93.2192, 39.4304], [-93.2289, 39.4371], [-93.2288, 39.4363]], [[-93.2163, 39.4315], [-93.2174, 39.4331], [-93.2192, 39.4304], [-93.2163, 39.4315]], [[-93.1148, 39.411], [-93.1172, 39.4159], [-93.1196, 39.4167], [-93.1148, 39.411]], [[-93.1157, 39.3895], [-93.1149, 39.3891], [-93.1185, 39.4025], [-93.1157, 39.3895]], [[-93.0926, 39.3816], [-93.1077, 39.3854], [-93.0899, 39.3795], [-93.0926, 39.3816]], [[-93.0789, 39.3677], [-93.0803, 39.3718], [-93.0853, 39.3758], [-93.0789, 39.3677]], [[-93.0764, 39.3607], [-93.0781, 39.348], [-93.0768, 39.3446], [-93.0764, 39.3607]], [[-93.0755, 39.341], [-93.068, 39.3303], [-93.0631, 39.3274], [-93.0755, 39.341]], [[-93.052, 39.3207], [-93.05, 39.3202], [-93.0552, 39.3226], [-93.052, 39.3207]], [[-92.957, 39.3083], [-92.9581, 39.3111], [-92.9591, 39.3114], [-92.957, 39.3083]], [[-92.9548, 39.2951], [-92.9533, 39.2985], [-92.9539, 39.3001], [-92.9548, 39.2951]], [[-92.8504, 39.2317], [-92.8507, 39.2331], [-92.8527, 39.2336], [-92.8504, 39.2317]], [[-92.8492, 39.2262], [-92.8512, 39.2193], [-92.7904, 39.3436], [-92.8492, 39.2262]], [[-92.9505, 38.6858], [-92.8398, 38.6849], [-92.6171, 38.68], [-92.7267, 38.6841], [-92.9505, 38.6858]], [[-92.9129, 39.0786], [-92.9108, 39.0798], [-92.9074, 39.0842], [-92.9129, 39.0786]], [[-92.9074, 39.0927], [-92.9088, 39.0941], [-92.9074, 39.0842], [-92.9074, 39.0927]], [[-92.9105, 39.0957], [-92.9118, 39.097], [-92.9232, 39.0977], [-92.9105, 39.0957]], [[-92.9294, 39.0986], [-92.9428, 39.1035], [-92.9341, 39.0993], [-92.9294, 39.0986]], [[-92.9447, 39.1121], [-92.9452, 39.1071], [-92.9428, 39.1035], [-92.9447, 39.1121]], [[-92.9441, 39.1182], [-92.9416, 39.1259], [-92.9438, 39.1217], [-92.9441, 39.1182]], [[-92.8601, 39.202], [-92.8591, 39.203], [-92.8553, 39.2108], [-92.8601, 39.202]], [[-92.935, 39.0589], [-92.9264, 39.0441], [-92.9349, 39.0606], [-92.935, 39.0589]], [[-92.9097, 39.0156], [-92.9061, 39.0141], [-92.9115, 39.0187], [-92.9097, 39.0156]], [[-92.5664, 38.9715], [-92.5707, 38.9719], [-92.5978, 38.9677], [-92.5664, 38.9715]], [[-93.4599, 39.2894], [-93.4733, 39.2933], [-93.4756, 39.2925], [-93.4599, 39.2894]], [[-93.4066, 39.2642], [-93.4071, 39.2651], [-93.4139, 39.2678], [-93.4066, 39.2642]], [[-93.4046, 39.2559], [-93.403, 39.258], [-93.4047, 39.261], [-93.4046, 39.2559]], [[-93.4114, 39.2311], [-93.4061, 39.2294], [-93.4152, 39.2349], [-93.4114, 39.2311]], [[-93.3963, 39.2263], [-93.3888, 39.2282], [-93.399, 39.2272], [-93.3963, 39.2263]], [[-93.3681, 39.2333], [-93.3618, 39.2374], [-93.3763, 39.2313], [-93.3681, 39.2333]], [[-93.2252, 39.3289], [-93.2239, 39.3304], [-93.2301, 39.3279], [-93.2252, 39.3289]], [[-93.1662, 39.406], [-93.1672, 39.4073], [-93.1775, 39.4117], [-93.1662, 39.406]], [[-92.8562, 40.0373], [-93.362, 40.0331], [-92.8477, 40.0373], [-92.8562, 40.0373]], [[-93.3648, 39.7038], [-93.267, 39.7036], [-93.0823, 39.7067], [-93.3648, 39.7038]], [[-93.278, 39.6222], [-93.2793, 39.6226], [-93.2795, 39.6206], [-93.278, 39.6222]], [[-93.2658, 39.62], [-93.2649, 39.6211], [-93.2667, 39.6202], [-93.2658, 39.62]], [[-93.2604, 39.6267], [-93.2616, 39.628], [-93.2617, 39.6251], [-93.2604, 39.6267]], [[-93.2831, 39.6564], [-93.2848, 39.6545], [-93.2833, 39.6529], [-93.2831, 39.6564]], [[-93.2776, 39.6518], [-93.2768, 39.6524], [-93.2831, 39.6564], [-93.2776, 39.6518]], [[-92.1044, 39.2398], [-92.3145, 39.2465], [-92.4302, 39.2488], [-92.1044, 39.2398]], [[-92.31, 39.3478], [-92.0922, 39.3408], [-92.31, 39.3488], [-92.3009, 39.6053], [-92.3145, 39.2465], [-92.31, 39.3478]], [[-92.7014, 40.4765], [-92.7012, 40.4825], [-92.7019, 40.4831], [-92.7014, 40.4765]], [[-92.7002, 40.4294], [-92.6945, 40.4357], [-92.7015, 40.4301], [-92.7002, 40.4294]], [[-92.6923, 40.4225], [-92.6935, 40.4234], [-92.6936, 40.4229], [-92.6923, 40.4225]], [[-92.6776, 40.4072], [-92.6766, 40.4073], [-92.6771, 40.408], [-92.6776, 40.4072]], [[-92.6662, 40.3977], [-92.6797, 40.4038], [-92.6669, 40.3969], [-92.6662, 40.3977]], [[-91.1855, 39.1391], [-91.323, 39.1412], [-91.2602, 39.1398], [-91.1855, 39.1391]], [[-91.4017, 38.7085], [-91.4186, 38.7098], [-91.4264, 38.7091], [-91.4017, 38.7085]], [[-91.3585, 38.6972], [-91.3951, 38.708], [-91.3964, 38.7081], [-91.3692, 38.6993], [-91.3585, 38.6972]], [[-91.6404, 38.6985], [-91.6449, 38.1537], [-91.525, 38.1524], [-91.6448, 38.1555], [-91.6404, 38.6985]], [[-91.036, 37.0937], [-91.0273, 37.0953], [-91.0667, 37.0938], [-91.036, 37.0937]], [[-91.6551, 37.0745], [-91.66, 36.7875], [-91.6581, 36.8887], [-91.2231, 36.8839], [-91.6579, 36.8892], [-91.6551, 37.0745]], [[-92.2555, 38.3249], [-92.2502, 38.3227], [-92.2487, 38.3231], [-92.2555, 38.3249]], [[-92.1945, 38.3355], [-92.1947, 38.3222], [-92.1932, 38.3708], [-92.1945, 38.3355]], [[-91.6742, 36.7878], [-91.6783, 36.6251], [-91.678, 36.6068], [-91.6742, 36.7878]], [[-92.1854, 38.0163], [-92.3113, 38.0186], [-92.1854, 38.0151], [-92.1854, 38.0163]], [[-91.9663, 38.0097], [-92.1786, 38.0149], [-92.0212, 38.0106], [-91.9663, 38.0097]], [[-91.6312, 38.7015], [-91.6219, 38.6991], [-91.6252, 38.7007], [-91.6312, 38.7015]], [[-92.3628, 38.6883], [-92.3625, 38.6891], [-92.363, 38.6887], [-92.3628, 38.6883]], [[-92.3507, 38.6773], [-92.3585, 38.6807], [-92.3578, 38.6795], [-92.3507, 38.6773]], [[-92.2934, 38.6666], [-92.3407, 38.6742], [-92.3373, 38.6731], [-92.2934, 38.6666]], [[-92.2207, 38.6432], [-92.2294, 38.646], [-92.2198, 38.6427], [-92.2207, 38.6432]], [[-91.6296, 39.1479], [-91.634, 39.0591], [-91.6472, 38.7034], [-91.6296, 39.1479]], [[-91.6655, 38.702], [-91.6467, 38.7033], [-91.6472, 38.7034], [-91.6655, 38.702]], [[-92.1161, 38.4001], [-92.115, 38.4019], [-92.1157, 38.4036], [-92.1161, 38.4001]], [[-92.0229, 38.4753], [-92.0206, 38.4763], [-92.0188, 38.4783], [-92.0229, 38.4753]], [[-92.014, 38.4836], [-92.0105, 38.4875], [-92.0083, 38.4971], [-92.014, 38.4836]], [[-92.0276, 38.5432], [-92.0261, 38.5488], [-92.0277, 38.5466], [-92.0276, 38.5432]], [[-92.009, 38.5709], [-91.9994, 38.5768], [-92.0101, 38.5706], [-92.009, 38.5709]], [[-91.9801, 38.5881], [-91.9439, 38.5971], [-91.9775, 38.5896], [-91.9801, 38.5881]], [[-91.8565, 38.6694], [-91.8144, 38.6818], [-91.8549, 38.6703], [-91.8565, 38.6694]], [[-92.2048, 38.6303], [-92.2143, 38.6397], [-92.2045, 38.6282], [-92.2048, 38.6303]], [[-92.2035, 38.6083], [-92.2007, 38.6017], [-92.2033, 38.6195], [-92.2035, 38.6083]], [[-92.1602, 38.5775], [-92.1513, 38.5744], [-92.1628, 38.5791], [-92.1602, 38.5775]], [[-92.1244, 38.565], [-92.1187, 38.5639], [-92.1301, 38.567], [-92.1244, 38.565]], [[-92.0981, 38.5599], [-92.0862, 38.5592], [-92.1039, 38.561], [-92.0981, 38.5599]], [[-92.0589, 38.5577], [-92.0393, 38.5629], [-92.0648, 38.558], [-92.0589, 38.5577]], [[-90.7729, 37.375], [-90.7729, 37.3737], [-90.7497, 37.3728], [-90.7729, 37.375]], [[-90.5506, 37.2726], [-90.5497, 37.3176], [-90.5474, 37.5984], [-90.5506, 37.2726]], [[-90.2364, 37.3163], [-90.2859, 37.3155], [-90.1457, 37.3121], [-90.2364, 37.3163]], [[-90.1468, 37.5974], [-89.8611, 37.5993], [-89.8166, 37.5999], [-90.1468, 37.5974]], [[-89.7374, 37.5913], [-89.7361, 37.5912], [-89.7407, 37.5992], [-89.7374, 37.5913]], [[-89.5386, 37.5743], [-89.5293, 37.5642], [-89.5285, 37.5644], [-89.5386, 37.5743]], [[-90.6275, 36.811], [-90.6626, 36.8115], [-90.8957, 36.8129], [-90.6275, 36.811]], [[-90.3527, 36.9267], [-90.6786, 36.9272], [-90.6786, 36.9265], [-90.3527, 36.9267]], [[-90.2586, 36.922], [-90.2418, 36.9215], [-90.3527, 36.9267], [-90.2586, 36.922]], [[-90.2541, 36.8712], [-90.2538, 36.8711], [-90.2567, 36.8797], [-90.2541, 36.8712]], [[-90.2398, 36.8644], [-90.2449, 36.8685], [-90.2498, 36.8691], [-90.2398, 36.8644]], [[-90.2318, 36.8535], [-90.2306, 36.8537], [-90.2306, 36.8547], [-90.2318, 36.8535]], [[-90.1472, 36.6304], [-89.9588, 36.6293], [-90.1474, 36.6307], [-90.1472, 36.6304]], [[-90.1555, 36.6298], [-90.155, 36.6292], [-90.1547, 36.6298], [-90.1555, 36.6298]], [[-89.9632, 36.611], [-89.9633, 36.6255], [-89.9636, 36.6134], [-89.9632, 36.611]], [[-89.9579, 36.5883], [-89.9609, 36.5956], [-89.9548, 36.5556], [-89.9579, 36.5883]], [[-89.9539, 36.5456], [-89.9542, 36.5493], [-89.9605, 36.5275], [-89.9539, 36.5456]], [[-89.9557, 36.3887], [-89.9725, 36.3896], [-89.9613, 36.3888], [-89.9557, 36.3887]], [[-90.1112, 37.0412], [-90.1485, 37.0414], [-89.9957, 37.0401], [-90.1112, 37.0412]], [[-89.4909, 37.247], [-89.4926, 37.2466], [-89.4912, 37.2465], [-89.4909, 37.247]], [[-89.7868, 37.0878], [-89.7859, 37.0834], [-89.7827, 37.0803], [-89.7868, 37.0878]], [[-89.7787, 37.0732], [-89.779, 37.0721], [-89.7664, 37.0507], [-89.7787, 37.0732]], [[-89.763, 37.0489], [-89.7608, 37.0501], [-89.7664, 37.0507], [-89.763, 37.0489]], [[-89.7581, 37.0498], [-89.7584, 37.0383], [-89.7569, 37.0497], [-89.7581, 37.0498]], [[-90.6526, 38.0914], [-90.6514, 38.0921], [-90.6574, 38.0973], [-90.6526, 38.0914]], [[-90.662, 38.0847], [-90.6607, 38.0842], [-90.6613, 38.0851], [-90.662, 38.0847]], [[-90.647, 38.0791], [-90.6325, 38.0741], [-90.6287, 38.0751], [-90.647, 38.0791]], [[-90.6128, 38.0704], [-90.6129, 38.0716], [-90.618, 38.0727], [-90.6128, 38.0704]], [[-90.6173, 38.0575], [-90.6124, 38.0646], [-90.6127, 38.0689], [-90.6173, 38.0575]], [[-90.6214, 38.0475], [-90.6213, 38.0469], [-90.6212, 38.0479], [-90.6214, 38.0475]], [[-90.6168, 38.0233], [-90.6128, 38.017], [-90.6185, 38.0324], [-90.6168, 38.0233]], [[-90.3229, 37.9817], [-90.416, 38.0423], [-90.4163, 38.0422], [-90.3229, 37.9817]], [[-90.2879, 38.0918], [-90.2803, 38.0988], [-90.296, 38.088], [-90.2879, 38.0918]], [[-90.5772, 37.6442], [-90.6478, 37.6446], [-90.6479, 37.6428], [-90.5772, 37.6442]], [[-90.1468, 37.6416], [-90.535, 37.6439], [-90.535, 37.6436], [-90.1468, 37.6416]], [[-90.4907, 38.7536], [-90.4927, 38.7515], [-90.4921, 38.7518], [-90.4907, 38.7536]], [[-90.4732, 38.791], [-90.4844, 38.7614], [-90.4827, 38.7635], [-90.4732, 38.791]], [[-90.4406, 38.8277], [-90.4481, 38.8221], [-90.4732, 38.791], [-90.4406, 38.8277]], [[-90.4252, 38.8289], [-90.431, 38.8298], [-90.4406, 38.8277], [-90.4252, 38.8289]], [[-90.3643, 38.8273], [-90.3823, 38.8219], [-90.3658, 38.8259], [-90.3643, 38.8273]], [[-90.345, 38.8494], [-90.358, 38.8331], [-90.3503, 38.8403], [-90.345, 38.8494]], [[-90.1551, 38.8297], [-90.1776, 38.8189], [-90.1516, 38.8296], [-90.1551, 38.8297]], [[-90.1416, 38.8294], [-90.1497, 38.8296], [-90.1346, 38.8256], [-90.1416, 38.8294]], [[-90.1268, 38.8213], [-90.1315, 38.8239], [-90.1244, 38.8173], [-90.1268, 38.8213]], [[-91.3469, 38.6966], [-91.3514, 38.6959], [-91.3491, 38.6954], [-91.3469, 38.6966]], [[-90.9645, 38.5475], [-90.9924, 38.5551], [-90.9486, 38.5412], [-90.9645, 38.5475]], [[-90.921, 38.5355], [-90.9295, 38.5351], [-90.9268, 38.5343], [-90.921, 38.5355]], [[-90.884, 38.5476], [-90.9038, 38.539], [-90.896, 38.5406], [-90.884, 38.5476]], [[-90.732, 38.4822], [-90.7362, 38.4675], [-90.7323, 38.6381], [-90.7376, 38.4159], [-90.732, 38.4822]], [[-90.6795, 38.4576], [-90.6782, 38.4564], [-90.6788, 38.4579], [-90.6795, 38.4576]], [[-90.6776, 38.4548], [-90.6865, 38.4475], [-90.6771, 38.4536], [-90.6776, 38.4548]], [[-90.9564, 38.8935], [-90.9576, 38.8933], [-90.9591, 38.8382], [-90.9564, 38.8935]]]}}, {"type": "Feature", "properties": {"code": "WI", "name": "Wisconsin"}, "geometry": {"type": "MultiPolygon", "coordinates": [[[[-90.636, 42.5187], [-90.7092, 42.6361], [-90.9212, 42.6854], [-90.9492, 42.6856], [-91.0268, 42.7242], [-91.0354, 42.7373], [-91.0537, 42.7382], [-91.0658, 42.7534], [-91.0603, 42.7618], [-91.0695, 42.7696], [-91.0787, 42.8277], [-91.0941, 42.8308], [-91.0914, 42.8499], [-91.1006, 42.8831], [-91.1456, 42.908], [-91.1454, 42.9582], [-91.1795, 43.0674], [-91.177, 43.1318], [-91.1462, 43.1524], [-91.1222, 43.1973], [-91.0664, 43.2393], [-91.0579, 43.2554], [-91.0726, 43.2621], [-91.0737, 43.2747], [-91.1072, 43.3136], [-91.204, 43.3499], [-91.215, 43.368], [-91.1977, 43.3953], [-91.2012, 43.4159], [-91.2323, 43.451], [-91.216, 43.4811], [-91.2174, 43.5125], [-91.2432, 43.5403], [-91.2327, 43.5835], [-91.2687, 43.6153], [-91.2624, 43.6418], [-91.2717, 43.6549], [-91.2685, 43.7098], [-91.2441, 43.7747], [-91.2624, 43.7922], [-91.2841, 43.8471], [-91.3574, 43.9172], [-91.3666, 43.9375], [-91.406, 43.9639], [-91.4374, 44.0], [-91.5921, 44.0314], [-91.6105, 44.0493], [-91.6479, 44.0641], [-91.6815, 44.0974], [-91.7075, 44.1039], [-91.7106, 44.1205], [-91.7216, 44.1303], [-91.7517, 44.1348], [-91.8081, 44.1593], [-91.8292, 44.1784], [-91.8752, 44.2006], [-91.8927, 44.2311], [-91.887, 44.2518], [-91.8964, 44.2747], [-91.9246, 44.2918], [-91.9135, 44.3114], [-91.9256, 44.3335], [-91.9703, 44.3658], [-92.0381, 44.3887], [-92.0565, 44.4027], [-92.2325, 44.4454], [-92.291, 44.4855], [-92.3162, 44.541], [-92.3361, 44.554], [-92.4151, 44.5604], [-92.4373, 44.5528], [-92.5184, 44.5752], [-92.5481, 44.5678], [-92.5498, 44.5811], [-92.5694, 44.6035], [-92.5862, 44.6001], [-92.6015, 44.6121], [-92.6215, 44.615], [-92.6198, 44.6342], [-92.6321, 44.649], [-92.661, 44.6609], [-92.7373, 44.7172], [-92.808, 44.7515], [-92.7661, 44.835], [-92.7634, 44.8742], [-92.7746, 44.8981], [-92.7587, 44.909], [-92.7506, 44.9373], [-92.7546, 44.9558], [-92.7694, 44.9722], [-92.7712, 45.0014], [-92.7621, 45.0243], [-92.7971, 45.0506], [-92.8029, 45.0654], [-92.7396, 45.1156], [-92.7521, 45.1421], [-92.7524, 45.1739], [-92.7671, 45.1879], [-92.7517, 45.2187], [-92.7602, 45.2496], [-92.7517, 45.2659], [-92.761, 45.289], [-92.71, 45.3213], [-92.699, 45.3364], [-92.7027, 45.3585], [-92.6504, 45.3985], [-92.6466, 45.4416], [-92.6535, 45.4553], [-92.6802, 45.4643], [-92.7267, 45.5145], [-92.7261, 45.5411], [-92.7702, 45.5669], [-92.8233, 45.5609], [-92.8811, 45.5734], [-92.8871, 45.6441], [-92.8692, 45.7176], [-92.8098, 45.7442], [-92.7846, 45.7642], [-92.7765, 45.79], [-92.7578, 45.8066], [-92.7651, 45.8302], [-92.74, 45.8463], [-92.734, 45.8681], [-92.7125, 45.8917], [-92.6766, 45.9064], [-92.6595, 45.9229], [-92.6391, 45.9246], [-92.6388, 45.9342], [-92.5519, 45.9517], [-92.5498, 45.968], [-92.5271, 45.9832], [-92.4694, 45.9738], [-92.4423, 46.0162], [-92.4286, 46.0242], [-92.4106, 46.0273], [-92.3727, 46.0142], [-92.3518, 46.0157], [-92.3329, 46.0627], [-92.294, 46.0744], [-92.2913, 46.6681], [-92.2706, 46.6507], [-92.2566, 46.6587], [-92.2425, 46.6492], [-92.2071, 46.6519], [-92.2041, 46.6669], [-92.1761, 46.6863], [-92.1831, 46.6952], [-92.2052, 46.6983], [-92.2047, 46.704], [-92.1891, 46.7175], [-92.1463, 46.7159], [-92.1433, 46.7346], [-92.1166, 46.7486], [-92.0895, 46.7492], [-92.034, 46.7089], [-92.0081, 46.7059], [-91.9734, 46.6864], [-91.943, 46.6799], [-91.7901, 46.6947], [-91.5907, 46.7543], [-91.5111, 46.7575], [-91.4236, 46.7822], [-91.4085, 46.7942], [-91.386, 46.7895], [-91.3656, 46.795], [-91.3148, 46.8268], [-91.2567, 46.8369], [-91.2327, 46.86], [-91.202, 46.8711], [-91.1866, 46.8857], [-91.1797, 46.8857], [-91.1817, 46.8802], [-91.2044, 46.8588], [-91.1903, 46.8484], [-91.1676, 46.8448], [-91.1402, 46.8732], [-91.1333, 46.8703], [-91.1349, 46.859], [-91.1055, 46.8576], [-91.0966, 46.8615], [-91.0909, 46.8827], [-91.053, 46.8813], [-91.0345, 46.9031], [-90.9951, 46.9176], [-90.9684, 46.9439], [-90.9218, 46.9313], [-90.8639, 46.9627], [-90.8317, 46.9539], [-90.8249, 46.9326], [-90.7921, 46.9338], [-90.7804, 46.909], [-90.7679, 46.9081], [-90.751, 46.888], [-90.7771, 46.886], [-90.7702, 46.8763], [-90.789, 46.8533], [-90.7857, 46.842], [-90.7993, 46.8232], [-90.8356, 46.7898], [-90.8565, 46.7889], [-90.8623, 46.7681], [-90.885, 46.7563], [-90.8538, 46.6935], [-90.8871, 46.6677], [-90.9116, 46.6634], [-90.9218, 46.6278], [-90.9516, 46.601], [-90.9445, 46.5877], [-90.9056, 46.5835], [-90.8739, 46.6011], [-90.7807, 46.6309], [-90.7376, 46.6553], [-90.7462, 46.664], [-90.7609, 46.6604], [-90.7481, 46.6698], [-90.6932, 46.66], [-90.7588, 46.7043], [-90.7534, 46.7038], [-90.6279, 46.6238], [-90.5497, 46.5839], [-90.5059, 46.5896], [-90.4376, 46.5615], [-90.4181, 46.5661], [-90.3933, 46.5326], [-90.3503, 46.5405], [-90.3426, 46.5527], [-90.3279, 46.5517], [-90.3109, 46.5394], [-90.317, 46.5173], [-90.2771, 46.5245], [-90.273, 46.5051], [-90.2316, 46.5098], [-90.2303, 46.5017], [-90.2166, 46.5018], [-90.204, 46.4782], [-90.189, 46.469], [-90.1933, 46.4631], [-90.1783, 46.4574], [-90.1779, 46.4402], [-90.1678, 46.4421], [-90.1579, 46.4093], [-90.1188, 46.3592], [-90.1212, 46.3372], [-89.0916, 46.1385], [-88.816, 46.0206], [-88.7965, 46.0236], [-88.7962, 46.0337], [-88.7786, 46.0313], [-88.7802, 46.0154], [-88.77, 46.0257], [-88.7586, 46.0195], [-88.74, 46.0273], [-88.7248, 46.0245], [-88.7184, 46.0133], [-88.7047, 46.0182], [-88.6756, 46.0117], [-88.6639, 45.9932], [-88.6708, 45.9885], [-88.6142, 45.9888], [-88.6127, 46.0045], [-88.6014, 46.0176], [-88.589, 46.0051], [-88.5655, 46.0157], [-88.5095, 46.0192], [-88.4925, 45.9922], [-88.4587, 45.9994], [-88.4169, 45.9753], [-88.3802, 45.9917], [-88.3301, 45.966], [-88.327, 45.9551], [-88.3197, 45.9636], [-88.2924, 45.9511], [-88.2463, 45.9634], [-88.2399, 45.9494], [-88.192, 45.9527], [-88.1701, 45.9395], [-88.1462, 45.9368], [-88.1264, 45.9215], [-88.1029, 45.9219], [-88.095, 45.9147], [-88.1066, 45.9022], [-88.1018, 45.8835], [-88.0699, 45.8727], [-88.1361, 45.819], [-88.1295, 45.8093], [-88.1083, 45.8035], [-88.094, 45.7857], [-88.0706, 45.7799], [-87.9934, 45.7956], [-87.9809, 45.777], [-87.9897, 45.772], [-87.9635, 45.7582], [-87.8758, 45.7539], [-87.8622, 45.745], [-87.8555, 45.7269], [-87.8101, 45.7102], [-87.8091, 45.6997], [-87.7822, 45.6831], [-87.7816, 45.6733], [-87.8232, 45.6627], [-87.8247, 45.6532], [-87.7959, 45.6188], [-87.7808, 45.6146], [-87.7772, 45.5885], [-87.7868, 45.5828], [-87.7924, 45.5631], [-87.8317, 45.568], [-87.833, 45.5595], [-87.8034, 45.5383], [-87.8022, 45.5131], [-87.7928, 45.5], [-87.813, 45.4642], [-87.8617, 45.4345], [-87.8493, 45.4039], [-87.8754, 45.3794], [-87.8713, 45.3715], [-87.8881, 45.3547], [-87.8704, 45.3563], [-87.8758, 45.3653], [-87.8702, 45.3664], [-87.8501, 45.3404], [-87.8326, 45.3522], [-87.7541, 45.3494], [-87.694, 45.3899], [-87.6573, 45.3688], [-87.6481, 45.3394], [-87.6875, 45.2981], [-87.7104, 45.2593], [-87.7113, 45.24], [-87.7252, 45.2315], [-87.7262, 45.2094], [-87.7418, 45.1971], [-87.7361, 45.1722], [-87.6839, 45.1441], [-87.6612, 45.1083], [-87.6315, 45.1062], [-87.5922, 45.0948], [-87.5874, 45.0871], [-87.6088, 45.0777], [-87.6257, 45.0452], [-87.6289, 44.9867], [-87.6544, 44.9821], [-87.6592, 44.9725], [-87.6966, 44.9752], [-87.813, 44.954], [-87.8393, 44.9328], [-87.8443, 44.9185], [-87.831, 44.8926], [-87.8471, 44.8806], [-87.8666, 44.8427], [-87.9024, 44.8278], [-87.9389, 44.7591], [-87.9826, 44.7218], [-87.9879, 44.6776], [-88.1312, 44.6769], [-87.9936, 44.6772], [-88.0151, 44.6349], [-88.0089, 44.6319], [-88.0149, 44.5855], [-88.0498, 44.5648], [-88.0024, 44.5387], [-87.9551, 44.5289], [-87.929, 44.536], [-87.8989, 44.5741], [-87.9129, 44.578], [-87.864, 44.6155], [-87.7624, 44.6445], [-87.7176, 44.698], [-87.7209, 44.7245], [-87.6149, 44.835], [-87.5783, 44.8534], [-87.5503, 44.8513], [-87.5657, 44.8301], [-87.5567, 44.8249], [-87.5419, 44.8323], [-87.534, 44.8573], [-87.5146, 44.8505], [-87.5041, 44.8562], [-87.5188, 44.872], [-87.4856, 44.8546], [-87.4331, 44.8927], [-87.4191, 44.8854], [-87.4364, 44.8876], [-87.4386, 44.881], [-87.42, 44.8759], [-87.3855, 44.8311], [-87.3836, 44.8851], [-87.4062, 44.9045], [-87.405, 44.9118], [-87.3214, 45.0382], [-87.3016, 45.0542], [-87.2841, 45.0465], [-87.2804, 45.0754], [-87.2617, 45.0863], [-87.2574, 45.1216], [-87.2503, 45.1312], [-87.2394, 45.1281], [-87.2377, 45.1682], [-87.2231, 45.1746], [-87.2221, 45.1645], [-87.1947, 45.1624], [-87.1872, 45.1503], [-87.1698, 45.1529], [-87.1751, 45.1731], [-87.1672, 45.1836], [-87.12, 45.1911], [-87.1228, 45.223], [-87.1087, 45.257], [-87.0775, 45.2527], [-87.0674, 45.2958], [-87.0597, 45.2988], [-87.0439, 45.2848], [-87.0255, 45.2856], [-87.017, 45.2993], [-86.9941, 45.2981], [-86.9725, 45.2841], [-86.9844, 45.2644], [-86.9824, 45.2482], [-86.9734, 45.2433], [-86.985, 45.2386], [-86.9796, 45.2251], [-86.9854, 45.2158], [-87.0028, 45.2118], [-87.022, 45.2332], [-87.0395, 45.2274], [-87.0329, 45.2185], [-87.0416, 45.2113], [-87.0458, 45.1587], [-87.0299, 45.1454], [-87.0505, 45.1367], [-87.0661, 45.1574], [-87.0794, 45.1563], [-87.085, 45.145], [-87.0765, 45.1289], [-87.051, 45.1162], [-87.048, 45.0878], [-87.0653, 45.0782], [-87.0811, 45.0925], [-87.0927, 45.0927], [-87.0961, 45.0819], [-87.0799, 45.0735], [-87.0789, 45.0577], [-87.0968, 45.0557], [-87.1006, 45.0698], [-87.1231, 45.066], [-87.1248, 45.0422], [-87.1394, 45.0126], [-87.1635, 45.0049], [-87.1894, 44.9686], [-87.1884, 44.9481], [-87.1717, 44.9315], [-87.216, 44.9066], [-87.2045, 44.8756], [-87.2674, 44.8469], [-87.2826, 44.8147], [-87.3073, 44.8021], [-87.3204, 44.785], [-87.319, 44.7713], [-87.3352, 44.7497], [-87.3435, 44.7192], [-87.3822, 44.6586], [-87.4016, 44.6312], [-87.4375, 44.6051], [-87.4681, 44.5519], [-87.518, 44.3944], [-87.5176, 44.3757], [-87.543, 44.3275], [-87.5412, 44.2931], [-87.5084, 44.2297], [-87.5129, 44.1928], [-87.5399, 44.1597], [-87.5632, 44.1442], [-87.6481, 44.1037], [-87.6561, 44.0518], [-87.6834, 44.0201], [-87.6989, 43.9659], [-87.719, 43.9378], [-87.736, 43.8737], [-87.7264, 43.8104], [-87.6961, 43.7646], [-87.7102, 43.7371], [-87.7027, 43.6876], [-87.7901, 43.5631], [-87.7917, 43.4922], [-87.8125, 43.4504], [-87.8696, 43.3872], [-87.9118, 43.2504], [-87.8811, 43.1706], [-87.9005, 43.1259], [-87.8761, 43.099], [-87.8638, 43.0706], [-87.8906, 43.0484], [-87.8987, 43.0257], [-87.888, 43.0022], [-87.845, 42.9611], [-87.8397, 42.9146], [-87.8465, 42.8841], [-87.8271, 42.8422], [-88.7771, 42.8427], [-88.3064, 42.8421], [-88.3047, 42.4948], [-88.7766, 42.492], [-90.6428, 42.5085], [-90.636, 42.5187]], [[-88.1609, 43.5429], [-88.4004, 43.5435], [-87.7919, 43.543], [-88.1609, 43.5429]], [[-88.401, 43.6309], [-88.4015, 43.3701], [-88.4004, 43.5435], [-88.401, 43.6309]], [[-88.8861, 43.6335], [-88.9701, 43.6329], [-88.401, 43.6309], [-88.8861, 43.6335]], [[-88.8857, 43.8952], [-88.8867, 44.2426], [-88.8861, 43.6335], [-88.8857, 43.8952]], [[-88.6968, 44.2432], [-88.7398, 44.2433], [-89.0626, 44.2434], [-88.8867, 44.2426], [-88.6968, 44.2432]], [[-88.5397, 43.077], [-88.5416, 43.0194], [-88.5415, 42.843], [-88.5397, 43.077]], [[-89.0136, 42.8493], [-89.0755, 42.8471], [-88.7771, 42.8427], [-89.0136, 42.8493]], [[-89.8382, 42.8574], [-89.8381, 43.2061], [-89.8376, 42.5055], [-89.8382, 42.8574]], [[-90.4269, 42.8129], [-90.4298, 43.1977], [-90.4264, 42.5071], [-90.4269, 42.8129]], [[-90.0437, 45.8701], [-90.0429, 45.8973], [-90.044, 45.9818], [-90.0437, 45.8701]], [[-90.0423, 45.3819], [-90.0461, 45.3403], [-90.0422, 45.375], [-90.0423, 45.396], [-90.0423, 45.3819]], [[-90.6602, 45.378], [-90.5037, 45.3772], [-90.0423, 45.3819], [-90.6602, 45.378]], [[-90.8019, 44.4224], [-90.3173, 44.4245], [-90.3173, 44.4246], [-90.8019, 44.4224]], [[-89.9015, 44.1818], [-89.9002, 44.1843], [-89.9036, 44.1914], [-89.9015, 44.1818]], [[-89.9052, 44.1778], [-89.9035, 44.1778], [-89.9023, 44.1801], [-89.9052, 44.1778]], [[-89.9759, 44.1261], [-89.9754, 44.128], [-89.9847, 44.1293], [-89.9759, 44.1261]], [[-89.9807, 44.1223], [-89.9769, 44.1225], [-89.9763, 44.1248], [-89.9807, 44.1223]], [[-89.9941, 44.1268], [-89.9857, 44.1221], [-89.9831, 44.1222], [-89.9941, 44.1268]], [[-90.0097, 44.1197], [-90.0101, 44.1163], [-90.0077, 44.1206], [-90.0097, 44.1197]], [[-90.0105, 44.1135], [-90.0049, 44.1058], [-90.0103, 44.1148], [-90.0105, 44.1135]], [[-90.0093, 44.1019], [-90.0048, 44.1027], [-90.0048, 44.104], [-90.0093, 44.1019]], [[-90.0245, 44.095], [-90.0246, 44.0928], [-90.0237, 44.0954], [-90.0245, 44.095]], [[-90.0253, 44.0683], [-90.0236, 44.079], [-90.0249, 44.0827], [-90.0253, 44.0683]], [[-89.9658, 43.9862], [-89.9682, 43.9916], [-89.9718, 43.9932], [-89.9658, 43.9862]], [[-89.9623, 43.9638], [-89.9626, 43.9792], [-89.9634, 43.981], [-89.9623, 43.9638]], [[-89.9557, 43.9364], [-89.9546, 43.934], [-89.9557, 43.9382], [-89.9557, 43.9364]], [[-89.9591, 43.9201], [-89.9521, 43.9242], [-89.9524, 43.9256], [-89.9591, 43.9201]], [[-89.9794, 43.9187], [-89.9808, 43.9162], [-89.9775, 43.9188], [-89.9794, 43.9187]], [[-89.984, 43.9104], [-89.9786, 43.8992], [-89.9832, 43.9118], [-89.984, 43.9104]], [[-89.7849, 43.6411], [-89.2973, 43.643], [-89.7858, 43.642], [-89.7849, 43.6411]], [[-90.3116, 43.641], [-89.7858, 43.641], [-89.7781, 43.6338], [-89.7849, 43.6411], [-90.3116, 43.641]], [[-89.5979, 43.9821], [-89.598, 44.2457], [-89.5995, 43.6426], [-89.5979, 43.9821]], [[-89.1686, 43.9825], [-89.1686, 43.9828], [-89.5979, 43.9821], [-89.1686, 43.9825]], [[-89.3835, 44.2448], [-89.7247, 44.2477], [-89.7637, 44.2478], [-89.598, 44.2457], [-89.3835, 44.2448]], [[-90.2209, 43.1742], [-90.1931, 43.164], [-90.1938, 43.1645], [-90.2209, 43.1742]], [[-89.8589, 43.1956], [-89.8554, 43.1974], [-89.8619, 43.1958], [-89.8589, 43.1956]], [[-90.4528, 43.2015], [-90.5059, 43.2089], [-90.4649, 43.2018], [-90.4528, 43.2015]], [[-90.6788, 45.3781], [-90.677, 45.9812], [-90.6787, 45.6383], [-90.6788, 45.3781]], [[-90.9228, 45.1193], [-90.924, 45.1201], [-90.9234, 45.0312], [-90.9228, 45.1193]], [[-91.1655, 44.2474], [-91.1656, 44.5964], [-91.1659, 44.2546], [-91.1655, 44.2474]], [[-90.5889, 43.2007], [-90.6086, 43.1854], [-90.5845, 43.2018], [-90.5889, 43.2007]], [[-91.5403, 45.6376], [-91.5422, 45.2065], [-91.541, 45.2922], [-91.5403, 45.6376]], [[-92.0314, 45.6399], [-92.1547, 45.6397], [-91.5403, 45.6376], [-92.0314, 45.6399]], [[-92.0204, 44.5913], [-92.0228, 44.5905], [-92.0292, 44.5863], [-92.0204, 44.5913]], [[-92.0031, 44.5968], [-91.5291, 44.5962], [-91.3951, 44.5965], [-91.6502, 44.5966], [-92.0031, 44.5968]], [[-91.6505, 44.856], [-91.6515, 45.1204], [-91.6502, 44.5966], [-91.6505, 44.856]], [[-91.1319, 42.9992], [-91.1252, 42.9996], [-91.1312, 42.9995], [-91.1319, 42.9992]], [[-91.0871, 42.9936], [-91.0622, 42.9926], [-91.059, 42.9941], [-91.0871, 42.9936]], [[-91.0567, 42.9951], [-91.0548, 42.996], [-91.0526, 43.0017], [-91.0567, 42.9951]], [[-91.3161, 44.0602], [-91.3057, 44.0645], [-91.3075, 44.0649], [-91.3161, 44.0602]], [[-91.5561, 44.0297], [-91.5712, 44.0378], [-91.5565, 44.0292], [-91.5561, 44.0297]], [[-92.1354, 44.5396], [-92.1352, 44.6844], [-92.1361, 45.1214], [-92.1363, 44.8578], [-92.1354, 44.5396]], [[-91.5518, 45.9851], [-91.5518, 45.9833], [-91.5418, 45.9826], [-91.5518, 45.9851]], [[-90.3527, 43.2096], [-90.4087, 43.2002], [-90.3517, 43.2096], [-90.3527, 43.2096]], [[-90.3355, 43.2097], [-90.3459, 43.2096], [-90.3213, 43.2088], [-90.3355, 43.2097]], [[-90.2925, 43.2069], [-90.2947, 43.207], [-90.2907, 43.205], [-90.2925, 43.2069]], [[-90.2818, 43.1955], [-90.2866, 43.2006], [-90.2836, 43.1953], [-90.2818, 43.1955]], [[-90.9234, 45.0311], [-90.4338, 45.031], [-90.345, 45.0331], [-90.9234, 45.0311]], [[-90.9775, 44.128], [-90.9777, 44.1264], [-90.9672, 44.12], [-90.9775, 44.128]], [[-90.9703, 44.1286], [-90.9773, 44.1296], [-90.9774, 44.1285], [-90.9703, 44.1286]], [[-90.9229, 44.5098], [-90.8016, 44.5096], [-90.8016, 44.5097], [-90.9229, 44.5098]], [[-90.426, 46.2405], [-90.5522, 46.2413], [-90.5522, 46.2409], [-90.426, 46.2405]], [[-89.4899, 44.6858], [-90.3156, 44.6852], [-89.8449, 44.6849], [-89.4899, 44.6858]], [[-88.6778, 45.3778], [-88.678, 45.3778], [-88.6801, 45.205], [-88.6778, 45.3778]], [[-88.4837, 45.1169], [-88.6412, 45.1173], [-88.9825, 45.118], [-88.4837, 45.1169]], [[-88.2482, 44.8527], [-88.4891, 44.8554], [-88.7362, 44.8564], [-88.2482, 44.8527]], [[-88.1901, 44.5852], [-88.1905, 44.5852], [-88.1926, 44.2443], [-88.1901, 44.5852]], [[-89.7134, 43.281], [-89.7136, 43.2814], [-89.7176, 43.2726], [-89.7134, 43.281]], [[-89.7205, 43.2931], [-89.727, 43.3003], [-89.7167, 43.2866], [-89.7205, 43.2931]], [[-89.0088, 43.3715], [-89.0091, 43.2848], [-89.0104, 43.1544], [-89.0088, 43.1977], [-89.0088, 43.3715]], [[-89.7761, 43.6318], [-89.7824, 43.6256], [-89.7758, 43.6314], [-89.7761, 43.6318]], [[-89.7403, 43.5982], [-89.7197, 43.5985], [-89.7228, 43.5999], [-89.7403, 43.5982]], [[-89.7185, 43.5979], [-89.72, 43.5917], [-89.7176, 43.5975], [-89.7185, 43.5979]], [[-89.1676, 43.7655], [-89.2298, 43.7679], [-89.2341, 43.7664], [-89.1676, 43.7655]], [[-88.7368, 44.5906], [-88.5587, 44.5897], [-88.6061, 44.5905], [-88.7368, 44.5906]], [[-89.2242, 45.1186], [-89.2237, 44.6814], [-89.2238, 45.0292], [-89.2242, 45.1186]], [[-89.426, 45.1191], [-89.7385, 45.1197], [-89.2242, 45.1186], [-89.426, 45.1191]], [[-89.425, 45.4106], [-89.4248, 45.4672], [-89.4283, 45.5554], [-89.425, 45.4106]], [[-88.4281, 45.377], [-88.5504, 45.3774], [-88.3058, 45.3745], [-88.4281, 45.377]], [[-88.0432, 44.241], [-87.8881, 44.2405], [-88.0966, 44.2415], [-88.0432, 44.241]], [[-88.3094, 45.7205], [-88.3653, 45.7221], [-88.4151, 45.7222], [-88.3094, 45.7205]]], [[[-90.766, 46.7129], [-90.7862, 46.7264], [-90.8061, 46.7303], [-90.7844, 46.7294], [-90.766, 46.7129]]], [[[-91.038, 46.9419], [-91.0342, 46.9452], [-91.0368, 46.9408], [-91.038, 46.9419]]], [[[-90.8057, 46.9718], [-90.7874, 46.9795], [-90.7908, 46.9704], [-90.8057, 46.9718]]], [[[-90.9345, 46.9825], [-90.932, 46.9631], [-90.9658, 46.9622], [-90.9803, 46.9716], [-90.9821, 46.9859], [-90.9428, 46.9932], [-90.9375, 47.0031], [-90.9238, 46.9879], [-90.9345, 46.9825]]], [[[-90.8786, 46.9913], [-90.8513, 46.9854], [-90.851, 46.983], [-90.8597, 46.9764], [-90.8786, 46.9913]]], [[[-90.7749, 47.0245], [-90.7589, 47.0347], [-90.7402, 47.01], [-90.7506, 47.0004], [-90.7659, 47.0021], [-90.7749, 47.0245]]], [[[-90.6165, 46.8745], [-90.6026, 46.8727], [-90.5689, 46.8473], [-90.6738, 46.8197], [-90.6753, 46.8054], [-90.6529, 46.7978], [-90.6572, 46.7888], [-90.7165, 46.7854], [-90.7636, 46.7549], [-90.7879, 46.7528], [-90.7821, 46.768], [-90.7916, 46.785], [-90.733, 46.8002], [-90.7209, 46.8159], [-90.6569, 46.8435], [-90.6165, 46.8745]]], [[[-90.7599, 46.8309], [-90.7578, 46.8504], [-90.7405, 46.8701], [-90.7302, 46.8735], [-90.7205, 46.8657], [-90.744, 46.8376], [-90.7599, 46.8309]]], [[[-90.4992, 46.8714], [-90.5145, 46.8775], [-90.4489, 46.8965], [-90.4756, 46.8751], [-90.4992, 46.8714]]], [[[-90.6674, 46.8914], [-90.6897, 46.879], [-90.7027, 46.887], [-90.6779, 46.8959], [-90.6674, 46.8914]]], [[[-90.5086, 46.9577], [-90.525, 46.9339], [-90.5455, 46.9316], [-90.5397, 46.9102], [-90.5502, 46.908], [-90.5498, 46.9166], [-90.5685, 46.9251], [-90.5857, 46.9162], [-90.6071, 46.9212], [-90.6391, 46.9065], [-90.6543, 46.9223], [-90.6371, 46.9419], [-90.6012, 46.9525], [-90.5288, 46.9685], [-90.5086, 46.9577]]], [[[-90.7367, 46.9134], [-90.7653, 46.947], [-90.7405, 46.9642], [-90.7156, 46.9584], [-90.6945, 46.9367], [-90.689, 46.9175], [-90.7367, 46.9134]]], [[[-90.6549, 46.9769], [-90.6341, 46.9796], [-90.6341, 46.971], [-90.6716, 46.949], [-90.6784, 46.9564], [-90.6549, 46.9769]]], [[[-90.7118, 46.9876], [-90.6966, 47.0085], [-90.6692, 47.0001], [-90.6948, 46.9829], [-90.7118, 46.9876]]], [[[-90.606, 47.007], [-90.6032, 46.9954], [-90.6174, 46.9894], [-90.6272, 47.0026], [-90.606, 47.007]]], [[[-90.5587, 46.9962], [-90.5755, 47.0339], [-90.5622, 47.0399], [-90.5663, 47.031], [-90.5449, 47.0174], [-90.5465, 47.0053], [-90.5587, 46.9962]]], [[[-90.6514, 47.0301], [-90.645, 47.0402], [-90.6371, 47.0364], [-90.6412, 47.0256], [-90.6514, 47.0301]]], [[[-90.6803, 47.0189], [-90.6928, 47.0234], [-90.6887, 47.0432], [-90.6487, 47.0531], [-90.6705, 47.0411], [-90.6803, 47.0189]]], [[[-90.3951, 47.077], [-90.4104, 47.0169], [-90.4315, 47.0019], [-90.4652, 46.9976], [-90.4483, 47.0653], [-90.436, 47.0736], [-90.3951, 47.077]]], [[[-90.5865, 47.0757], [-90.5847, 47.0626], [-90.5894, 47.0589], [-90.5865, 47.0757]]], [[[-90.724, 47.0779], [-90.722, 47.0632], [-90.7267, 47.0621], [-90.7309, 47.08], [-90.724, 47.0779]]], [[[-87.8076, 42.5854], [-87.814, 42.5794], [-87.8137, 42.5427], [-87.8021, 42.4926], [-88.3047, 42.4948], [-88.3059, 42.6108], [-88.3064, 42.8421], [-87.8271, 42.8422], [-87.794, 42.8062], [-87.7579, 42.7821], [-87.7782, 42.7628], [-87.778, 42.7189], [-87.8171, 42.6355], [-87.8197, 42.6158], [-87.8076, 42.5854]]], [[[-87.9813, 44.5867], [-87.9893, 44.6046], [-87.9813, 44.597], [-87.9813, 44.5867]]], [[[-88.0006, 44.6107], [-88.0034, 44.6171], [-87.9915, 44.6049], [-88.0006, 44.6107]]], [[[-87.9914, 44.6736], [-87.9879, 44.6776], [-87.9802, 44.654], [-87.9914, 44.6736]]], [[[-87.5051, 45.0598], [-87.4972, 45.0611], [-87.4918, 45.0566], [-87.4928, 45.0557], [-87.5051, 45.0598]]], [[[-87.2637, 45.1571], [-87.2687, 45.1592], [-87.2622, 45.1608], [-87.2637, 45.1571]]], [[[-87.2121, 45.177], [-87.2071, 45.18], [-87.2072, 45.1776], [-87.2121, 45.177]]], [[[-87.3439, 45.2076], [-87.3323, 45.2064], [-87.3386, 45.1758], [-87.3326, 45.1609], [-87.377, 45.1782], [-87.3752, 45.1982], [-87.3527, 45.198], [-87.3439, 45.2076]]], [[[-86.9476, 45.3123], [-86.9442, 45.3006], [-86.96, 45.3118], [-86.9579, 45.3151], [-86.9476, 45.3123]]], [[[-86.9374, 45.421], [-86.9235, 45.3973], [-86.9143, 45.4082], [-86.8775, 45.414], [-86.8531, 45.4055], [-86.8304, 45.4109], [-86.8287, 45.4285], [-86.8101, 45.4226], [-86.8054, 45.4073], [-86.8244, 45.4061], [-86.8494, 45.3701], [-86.8636, 45.3649], [-86.8665, 45.3357], [-86.9032, 45.3331], [-86.9087, 45.3166], [-86.8971, 45.2961], [-86.9049, 45.2968], [-86.9067, 45.3105], [-86.9272, 45.3297], [-86.9561, 45.3423], [-86.9546, 45.3586], [-86.9463, 45.3587], [-86.9552, 45.3837], [-86.943, 45.4153], [-86.9374, 45.421]]]]}}]}