{"type": "FeatureCollection", "features": [{"type": "Feature", "properties": {"code": "17031", "name": "Cook", "state": "IL"}, "geometry": {"type": "Polygon", "coordinates": [[[-88.2382, 42.067], [-88.2384, 42.1542], [-87.7591, 42.1523], [-87.7247, 42.1077], [-87.711, 42.0953], [-87.6815, 42.0784], [-87.6824, 42.0757], [-87.6715, 42.0583], [-87.6732, 42.048], [-87.669, 42.0291], [-87.6577, 42.007], [-87.6499, 41.9785], [-87.6456, 41.9714], [-87.6315, 41.9635], [-87.6414, 41.9617], [-87.6407, 41.9539], [-87.6333, 41.9424], [-87.6271, 41.9171], [-87.6207, 41.9132], [-87.6255, 41.9105], [-87.6241, 41.9042], [-87.6143, 41.8936], [-87.6024, 41.8963], [-87.6023, 41.8933], [-87.6137, 41.8905], [-87.6132, 41.8836], [-87.6165, 41.8824], [-87.6163, 41.8689], [-87.6059, 41.8668], [-87.6065, 41.8532], [-87.6105, 41.8519], [-87.6094, 41.8452], [-87.6005, 41.8268], [-87.5758, 41.7963], [-87.5795, 41.7934], [-87.5729, 41.7793], [-87.5542, 41.7606], [-87.5407, 41.7573], [-87.5445, 41.7548], [-87.5433, 41.752], [-87.5311, 41.7481], [-87.5293, 41.7328], [-87.5246, 41.7235], [-87.5252, 41.7176], [-87.529, 41.7154], [-87.5242, 41.7083], [-87.5257, 41.4703], [-87.7903, 41.4698], [-87.7928, 41.5585], [-87.9094, 41.5569], [-87.9119, 41.6439], [-88.0277, 41.6415], [-88.029, 41.6852], [-87.9667, 41.6867], [-87.9478, 41.6951], [-87.9422, 41.6991], [-87.9421, 41.7027], [-87.9211, 41.7164], [-87.9143, 41.7166], [-87.9205, 41.8678], [-87.9205, 41.9939], [-88.2629, 41.9864], [-88.2636, 42.0669], [-88.2382, 42.067]]]}}, {"type": "Feature", "properties": {"code": "17017", "name": "Cass", "state": "IL"}, "geometry": {"type": "Polygon", "coordinates": [[[-90.5756, 39.8913], [-90.5543, 39.9014], [-90.5382, 39.9182], [-90.5321, 39.946], [-90.5111, 39.9676], [-90.5137, 39.9879], [-90.5109, 39.9938], [-90.4535, 40.011], [-90.435, 40.0215], [-90.4289, 40.042], [-90.4286, 40.0603], [-90.3934, 40.0788], [-90.3913, 40.0841], [-90.3934, 40.0919], [-90.3708, 40.1232], [-90.3545, 40.1242], [-90.3496, 40.1228], [-90.3493, 40.1181], [-90.3424, 40.1168], [-90.3361, 40.1225], [-90.3334, 40.1181], [-90.329, 40.1202], [-90.3146, 40.1156], [-90.3128, 40.1032], [-90.3066, 40.0927], [-90.3033, 40.0928], [-90.301, 40.0835], [-90.305, 40.0779], [-90.2906, 40.0689], [-90.2932, 40.0645], [-90.2878, 40.0638], [-90.2889, 40.0587], [-90.2857, 40.0557], [-90.2723, 40.0549], [-90.2696, 40.0612], [-90.2658, 40.0621], [-90.2473, 40.0566], [-90.2449, 40.061], [-90.2436, 40.0579], [-90.2341, 40.0609], [-90.2358, 40.0583], [-90.2299, 40.057], [-90.2279, 40.0516], [-90.2227, 40.0551], [-90.2163, 40.0515], [-90.2133, 40.0592], [-90.2115, 40.0553], [-90.2068, 40.0602], [-90.2036, 40.0529], [-90.1947, 40.0538], [-90.1921, 40.06], [-90.1863, 40.0616], [-90.1895, 40.0654], [-90.1827, 40.067], [-90.1829, 40.0626], [-90.1779, 40.0632], [-90.1765, 40.0601], [-90.1564, 40.0612], [-90.1541, 40.0662], [-90.1497, 40.0652], [-90.1503, 40.0676], [-90.143, 40.0645], [-90.1383, 40.066], [-90.1392, 40.0633], [-90.1348, 40.0623], [-90.1268, 40.0766], [-90.1129, 40.081], [-90.11, 40.0782], [-90.1043, 40.0803], [-90.0992, 40.0778], [-90.0954, 40.0811], [-90.0944, 40.0771], [-90.0912, 40.0806], [-90.0876, 40.0798], [-90.088, 40.084], [-90.0812, 40.0801], [-90.0794, 40.0873], [-90.0702, 40.09], [-90.0718, 40.0939], [-90.0657, 40.0934], [-90.0647, 40.1001], [-90.0511, 40.0996], [-90.0506, 40.1034], [-90.0428, 40.109], [-90.039, 40.1064], [-90.0392, 40.1026], [-90.0319, 40.1107], [-90.0319, 40.1055], [-90.0202, 40.1056], [-90.0208, 40.1036], [-90.0129, 40.1008], [-90.0059, 40.1045], [-90.0049, 40.109], [-89.9998, 40.1033], [-89.9971, 40.1128], [-89.9951, 40.1108], [-89.9944, 39.8729], [-90.5835, 39.8768], [-90.5756, 39.8913]]]}}, {"type": "Feature", "properties": {"code": "17109", "name": "McDonough", "state": "IL"}, "geometry": {"type": "Polygon", "coordinates": [[[-90.9042, 40.6392], [-90.4456, 40.6276], [-90.4502, 40.2763], [-90.9098, 40.2844], [-90.9042, 40.6392]]]}}, {"type": "Feature", "properties": {"code": "17041", "name": "Douglas", "state": "IL"}, "geometry": {"type": "Polygon", "coordinates": [[[-88.4623, 39.7918], [-88.4622, 39.8791], [-87.9376, 39.8798], [-87.937, 39.7924], [-87.9688, 39.7924], [-87.9663, 39.686], [-88.063, 39.6813], [-88.0635, 39.6527], [-88.4721, 39.6516], [-88.4732, 39.7918], [-88.4623, 39.7918]]]}}, {"type": "Feature", "properties": {"code": "19177", "name": "Van Buren", "state": "IA"}, "geometry": {"type": "Polygon", "coordinates": [[[-92.1791, 40.8997], [-91.7182, 40.9011], [-91.7168, 40.5985], [-91.7291, 40.6136], [-92.1798, 40.6005], [-92.1791, 40.8997]]]}}, {"type": "Feature", "properties": {"code": "19045", "name": "Clinton", "state": "IA"}, "geometry": {"type": "Polygon", "coordinates": [[[-90.8984, 42.0335], [-90.1542, 42.0331], [-90.1401, 42.0033], [-90.1462, 41.9813], [-90.1538, 41.9741], [-90.1641, 41.9562], [-90.1638, 41.9449], [-90.1516, 41.931], [-90.1536, 41.9066], [-90.17, 41.8764], [-90.173, 41.8574], [-90.1819, 41.8432], [-90.184, 41.8331], [-90.182, 41.8071], [-90.2223, 41.7931], [-90.2633, 41.7721], [-90.2786, 41.7674], [-90.3107, 41.7422], [-90.3164, 41.7289], [-90.3399, 41.7405], [-90.3477, 41.73], [-90.3549, 41.732], [-90.3578, 41.7313], [-90.3571, 41.728], [-90.365, 41.7279], [-90.3745, 41.7343], [-90.3896, 41.7369], [-90.3896, 41.7306], [-90.397, 41.7337], [-90.409, 41.7296], [-90.4102, 41.733], [-90.4061, 41.7351], [-90.4117, 41.7406], [-90.428, 41.7366], [-90.4231, 41.7406], [-90.4275, 41.7445], [-90.4242, 41.7506], [-90.4357, 41.76], [-90.4402, 41.7586], [-90.4493, 41.7648], [-90.4593, 41.758], [-90.4652, 41.759], [-90.4683, 41.7628], [-90.4673, 41.7689], [-90.4736, 41.7735], [-90.4839, 41.7668], [-90.4958, 41.7659], [-90.5067, 41.7695], [-90.5128, 41.7653], [-90.528, 41.7753], [-90.5373, 41.7764], [-90.5428, 41.7659], [-90.5487, 41.7692], [-90.5499, 41.7635], [-90.5648, 41.7658], [-90.5665, 41.7623], [-90.5699, 41.7637], [-90.5791, 41.7591], [-90.589, 41.7644], [-90.5891, 41.7694], [-90.5924, 41.7706], [-90.6001, 41.763], [-90.6113, 41.764], [-90.6155, 41.7566], [-90.6236, 41.7636], [-90.6307, 41.7654], [-90.6519, 41.7555], [-90.6561, 41.7578], [-90.6574, 41.7641], [-90.6679, 41.7645], [-90.6766, 41.7606], [-90.6763, 41.7557], [-90.6861, 41.7571], [-90.6869, 41.7525], [-90.6943, 41.7489], [-90.6916, 41.7431], [-90.6975, 41.743], [-90.7021, 41.7377], [-90.7111, 41.7397], [-90.7139, 41.7346], [-90.7223, 41.737], [-90.7262, 41.7423], [-90.7316, 41.7374], [-90.7436, 41.7415], [-90.7493, 41.7444], [-90.755, 41.7566], [-90.7619, 41.7628], [-90.7735, 41.7679], [-90.7837, 41.7682], [-90.7862, 41.7714], [-90.8984, 41.7714], [-90.8984, 42.0335]]]}}, {"type": "Feature", "properties": {"code": "19163", "name": "Scott", "state": "IA"}, "geometry": {"type": "Polygon", "coordinates": [[[-90.8984, 41.7714], [-90.7862, 41.7714], [-90.7837, 41.7682], [-90.7735, 41.7679], [-90.7619, 41.7628], [-90.755, 41.7566], [-90.7493, 41.7444], [-90.7436, 41.7415], [-90.7316, 41.7374], [-90.7262, 41.7423], [-90.7223, 41.737], [-90.7139, 41.7346], [-90.7111, 41.7397], [-90.7021, 41.7377], [-90.6975, 41.743], [-90.6916, 41.7431], [-90.6943, 41.7489], [-90.6869, 41.7525], [-90.6861, 41.7571], [-90.6763, 41.7557], [-90.6766, 41.7606], [-90.6679, 41.7645], [-90.6574, 41.7641], [-90.6561, 41.7578], [-90.6519, 41.7555], [-90.6307, 41.7654], [-90.6236, 41.7636], [-90.6155, 41.7566], [-90.6113, 41.764], [-90.6001, 41.763], [-90.5924, 41.7706], [-90.5891, 41.7694], [-90.589, 41.7644], [-90.5791, 41.7591], [-90.5699, 41.7637], [-90.5665, 41.7623], [-90.5648, 41.7658], [-90.5499, 41.7635], [-90.5487, 41.7692], [-90.5428, 41.7659], [-90.5373, 41.7764], [-90.528, 41.7753], [-90.5128, 41.7653], [-90.5067, 41.7695], [-90.4958, 41.7659], [-90.4839, 41.7668], [-90.4736, 41.7735], [-90.4673, 41.7689], [-90.4683, 41.7628], [-90.4652, 41.759], [-90.4593, 41.758], [-90.4493, 41.7648], [-90.4402, 41.7586], [-90.4357, 41.76], [-90.4242, 41.7506], [-90.4275, 41.7445], [-90.4231, 41.7406], [-90.428, 41.7366], [-90.4117, 41.7406], [-90.4061, 41.7351], [-90.4102, 41.733], [-90.409, 41.7296], [-90.397, 41.7337], [-90.3896, 41.7306], [-90.3896, 41.7369], [-90.3745, 41.7343], [-90.365, 41.7279], [-90.3571, 41.728], [-90.3578, 41.7313], [-90.3549, 41.732], [-90.3477, 41.73], [-90.3399, 41.7405], [-90.3164, 41.7289], [-90.3174, 41.7183], [-90.3129, 41.7075], [-90.3134, 41.6981], [-90.3173, 41.6917], [-90.3345, 41.6796], [-90.3435, 41.647], [-90.3395, 41.5986], [-90.3432, 41.5878], [-90.4128, 41.5653], [-90.4222, 41.5542], [-90.4327, 41.5495], [-90.4614, 41.5235], [-90.5006, 41.518], [-90.5409, 41.5261], [-90.5562, 41.5242], [-90.5672, 41.5175], [-90.591, 41.5128], [-90.6021, 41.506], [-90.6059, 41.4942], [-90.6558, 41.4621], [-90.7375, 41.4501], [-90.7863, 41.4529], [-90.7838, 41.5965], [-90.8998, 41.5986], [-90.8984, 41.7714]]]}}, {"type": "Feature", "properties": {"code": "27137", "name": "St. Louis", "state": "MN"}, "geometry": {"type": "Polygon", "coordinates": [[[-93.095, 48.2425], [-93.0886, 48.6276], [-92.985, 48.6237], [-92.9549, 48.6315], [-92.9501, 48.6304], [-92.9498, 48.6083], [-92.9296, 48.6069], [-92.9099, 48.5963], [-92.8947, 48.5949], [-92.728, 48.5393], [-92.6579, 48.5463], [-92.6349, 48.5429], [-92.6255, 48.5175], [-92.6252, 48.513], [-92.6315, 48.5068], [-92.6272, 48.5034], [-92.6367, 48.4994], [-92.654, 48.5016], [-92.6614, 48.4966], [-92.6849, 48.4976], [-92.6988, 48.4949], [-92.7126, 48.463], [-92.688, 48.4439], [-92.656, 48.4367], [-92.5756, 48.4408], [-92.5372, 48.4477], [-92.5073, 48.4479], [-92.4892, 48.4303], [-92.4821, 48.4287], [-92.4756, 48.4188], [-92.4563, 48.4142], [-92.4564, 48.4011], [-92.4767, 48.3718], [-92.4699, 48.3518], [-92.4378, 48.3098], [-92.4261, 48.3045], [-92.4163, 48.2955], [-92.3893, 48.2533], [-92.3924, 48.2525], [-92.3913, 48.2507], [-92.385, 48.2498], [-92.3872, 48.2446], [-92.3839, 48.2447], [-92.3779, 48.2296], [-92.3692, 48.2203], [-92.3675, 48.224], [-92.3621, 48.2229], [-92.3532, 48.2303], [-92.3368, 48.2354], [-92.3322, 48.2339], [-92.3147, 48.2405], [-92.2807, 48.2443], [-92.2697, 48.2482], [-92.2737, 48.2567], [-92.2904, 48.2655], [-92.2945, 48.2716], [-92.293, 48.2764], [-92.3015, 48.2886], [-92.2945, 48.3065], [-92.3063, 48.3164], [-92.3046, 48.323], [-92.2954, 48.324], [-92.289, 48.343], [-92.2623, 48.3549], [-92.2228, 48.3492], [-92.217, 48.3451], [-92.2068, 48.3456], [-92.2037, 48.3521], [-92.1936, 48.3486], [-92.1784, 48.3519], [-92.1774, 48.3572], [-92.1622, 48.3633], [-92.145, 48.3657], [-92.1436, 48.3561], [-92.0835, 48.3539], [-92.078, 48.3583], [-92.0552, 48.3592], [-92.0457, 48.3479], [-92.0466, 48.3347], [-92.0377, 48.3332], [-92.0309, 48.3258], [-92.0001, 48.3214], [-92.013, 48.2974], [-92.0121, 48.2873], [-92.0072, 48.2804], [-92.0066, 48.2654], [-91.9895, 48.2602], [-91.9769, 48.2446], [-91.9711, 48.2477], [-91.9702, 48.2536], [-91.9544, 48.2517], [-91.9485, 48.2458], [-91.9583, 48.2438], [-91.9578, 48.233], [-91.9418, 48.2306], [-91.9374, 48.2342], [-91.9158, 48.2389], [-91.8935, 48.2377], [-91.8847, 48.2273], [-91.8679, 48.2191], [-91.8644, 48.207], [-91.8158, 48.2117], [-91.8145, 48.2087], [-91.7983, 48.2029], [-91.7994, 47.7575], [-91.7964, 47.6659], [-91.7905, 47.6008], [-91.7891, 47.4804], [-91.7944, 46.9396], [-91.812, 46.9306], [-91.8175, 46.9238], [-91.8349, 46.9271], [-91.8461, 46.923], [-91.8616, 46.9103], [-91.8825, 46.905], [-91.9122, 46.8845], [-91.9521, 46.8671], [-91.9851, 46.8496], [-91.9985, 46.8389], [-92.0455, 46.8192], [-92.0595, 46.8103], [-92.0619, 46.805], [-92.0853, 46.7958], [-92.0943, 46.7884], [-92.0883, 46.7733], [-92.0645, 46.7454], [-92.0272, 46.7109], [-92.0194, 46.7105], [-92.0153, 46.7065], [-92.0203, 46.704], [-92.034, 46.7089], [-92.0895, 46.7492], [-92.1166, 46.7486], [-92.1433, 46.7346], [-92.1413, 46.7252], [-92.1463, 46.7159], [-92.1673, 46.7199], [-92.1891, 46.7175], [-92.1974, 46.7076], [-92.2047, 46.704], [-92.2052, 46.6983], [-92.1831, 46.6952], [-92.1765, 46.6902], [-92.1761, 46.6863], [-92.2041, 46.6669], [-92.2016, 46.6566], [-92.2071, 46.6519], [-92.2164, 46.6498], [-92.2285, 46.6529], [-92.2425, 46.6492], [-92.2566, 46.6587], [-92.266, 46.651], [-92.2706, 46.6507], [-92.2744, 46.6574], [-92.2862, 46.6603], [-92.2874, 46.6673], [-92.2913, 46.6681], [-92.2929, 46.6635], [-92.3013, 46.6669], [-92.3017, 46.7641], [-92.6592, 46.7691], [-92.8082, 46.766], [-93.0613, 46.7664], [-93.056, 47.1093], [-93.0663, 47.1094], [-93.0646, 47.3715], [-93.0667, 47.3716], [-93.0696, 47.4002], [-93.0637, 47.5445], [-93.0615, 47.7204], [-93.082, 47.7206], [-93.0837, 47.8065], [-93.0809, 47.9785], [-93.0881, 47.9786], [-93.0891, 48.0679], [-93.0965, 48.0678], [-93.098, 48.2425], [-93.095, 48.2425]]]}}, {"type": "Feature", "properties": {"code": "27107", "name": "Norman", "state": "MN"}, "geometry": {"type": "Polygon", "coordinates": [[[-96.8543, 47.4254], [-96.8647, 47.428], [-96.8528, 47.4323], [-96.8626, 47.4357], [-96.8558, 47.4399], [-96.8592, 47.4516], [-96.8542, 47.4544], [-96.8636, 47.4573], [-96.8539, 47.4604], [-96.861, 47.4726], [-96.8519, 47.4787], [-96.8569, 47.4812], [-96.8645, 47.4771], [-96.8684, 47.479], [-96.8634, 47.4837], [-96.8538, 47.4837], [-96.8531, 47.4874], [-96.8651, 47.4915], [-96.8491, 47.499], [-96.0676, 47.4991], [-96.0671, 47.1518], [-96.8398, 47.1505], [-96.8365, 47.1565], [-96.8227, 47.1562], [-96.832, 47.1595], [-96.8189, 47.1649], [-96.8245, 47.1665], [-96.8234, 47.174], [-96.8334, 47.1763], [-96.8248, 47.178], [-96.8276, 47.1818], [-96.8216, 47.1843], [-96.836, 47.1851], [-96.8259, 47.1908], [-96.8382, 47.1964], [-96.8399, 47.1912], [-96.8447, 47.1929], [-96.8357, 47.2019], [-96.8272, 47.2017], [-96.8372, 47.2075], [-96.8308, 47.2095], [-96.8373, 47.2162], [-96.8331, 47.2208], [-96.8389, 47.2227], [-96.8424, 47.2177], [-96.8456, 47.2211], [-96.8321, 47.2259], [-96.8342, 47.2291], [-96.8412, 47.2294], [-96.8412, 47.2334], [-96.8374, 47.235], [-96.8316, 47.2313], [-96.8289, 47.2342], [-96.8367, 47.2425], [-96.8437, 47.2398], [-96.8325, 47.248], [-96.8365, 47.2522], [-96.844, 47.2503], [-96.8386, 47.2561], [-96.8448, 47.2589], [-96.8366, 47.2602], [-96.8365, 47.2629], [-96.8473, 47.2628], [-96.8346, 47.267], [-96.8475, 47.2718], [-96.8404, 47.2755], [-96.8439, 47.293], [-96.8307, 47.3054], [-96.837, 47.3114], [-96.8429, 47.3087], [-96.8424, 47.313], [-96.847, 47.3158], [-96.8357, 47.3189], [-96.837, 47.3245], [-96.8288, 47.3281], [-96.835, 47.3309], [-96.8405, 47.3267], [-96.846, 47.3284], [-96.8446, 47.3314], [-96.8348, 47.3325], [-96.8306, 47.3386], [-96.8406, 47.341], [-96.8466, 47.347], [-96.8473, 47.3494], [-96.8429, 47.3509], [-96.8448, 47.3541], [-96.8384, 47.3534], [-96.8381, 47.356], [-96.8498, 47.3569], [-96.8521, 47.3599], [-96.8485, 47.3648], [-96.8582, 47.3676], [-96.845, 47.368], [-96.8367, 47.372], [-96.8489, 47.3706], [-96.8546, 47.3738], [-96.8439, 47.3756], [-96.8501, 47.3815], [-96.8482, 47.3827], [-96.8382, 47.3822], [-96.8418, 47.3857], [-96.8374, 47.3893], [-96.8395, 47.3925], [-96.8489, 47.3935], [-96.8392, 47.3995], [-96.8527, 47.4059], [-96.8423, 47.4119], [-96.8557, 47.4096], [-96.8618, 47.4143], [-96.8612, 47.4178], [-96.8717, 47.4194], [-96.8543, 47.4254]]]}}, {"type": "Feature", "properties": {"code": "27173", "name": "Yellow Medicine", "state": "MN"}, "geometry": {"type": "Polygon", "coordinates": [[[-96.4516, 44.8056], [-95.849, 44.8053], [-95.8475, 44.8918], [-95.7373, 44.8915], [-95.737, 44.9362], [-95.7194, 44.921], [-95.7188, 44.9114], [-95.7235, 44.9101], [-95.721, 44.9072], [-95.6873, 44.9023], [-95.6802, 44.9073], [-95.6836, 44.9097], [-95.6791, 44.9086], [-95.6712, 44.9021], [-95.6742, 44.8972], [-95.657, 44.889], [-95.6502, 44.891], [-95.6485, 44.8872], [-95.6544, 44.8848], [-95.6413, 44.8742], [-95.6373, 44.8733], [-95.6329, 44.8779], [-95.6268, 44.8689], [-95.6209, 44.8675], [-95.6146, 44.8596], [-95.6153, 44.8507], [-95.5969, 44.8494], [-95.6005, 44.8432], [-95.5736, 44.8403], [-95.5602, 44.8232], [-95.5365, 44.8151], [-95.5357, 44.8115], [-95.5451, 44.8035], [-95.5195, 44.8018], [-95.4976, 44.7888], [-95.509, 44.784], [-95.5255, 44.7831], [-95.5225, 44.7766], [-95.5306, 44.7745], [-95.5288, 44.7706], [-95.5163, 44.7717], [-95.5156, 44.7666], [-95.5116, 44.7653], [-95.5081, 44.7666], [-95.5068, 44.7724], [-95.4953, 44.7698], [-95.4897, 44.7642], [-95.4919, 44.7585], [-95.49, 44.7514], [-95.4772, 44.7561], [-95.4636, 44.7488], [-95.4581, 44.7409], [-95.4411, 44.7435], [-95.4278, 44.7393], [-95.4222, 44.732], [-95.4168, 44.7346], [-95.3971, 44.7238], [-95.4014, 44.719], [-95.3989, 44.7187], [-95.3985, 44.714], [-95.3936, 44.7145], [-95.3855, 44.7095], [-95.3796, 44.7111], [-95.3821, 44.7057], [-95.3602, 44.6985], [-95.3604, 44.5418], [-95.6043, 44.5425], [-95.604, 44.6299], [-96.4518, 44.6313], [-96.4516, 44.8056]]]}}, {"type": "Feature", "properties": {"code": "29031", "name": "Cape Girardeau", "state": "MO"}, "geometry": {"type": "Polygon", "coordinates": [[[-89.8633, 37.219], [-89.8626, 37.2488], [-89.8611, 37.5993], [-89.8166, 37.5999], [-89.8023, 37.6027], [-89.7995, 37.6063], [-89.7975, 37.6004], [-89.801, 37.5925], [-89.7918, 37.5925], [-89.7863, 37.5987], [-89.7821, 37.5918], [-89.7655, 37.5916], [-89.7607, 37.5878], [-89.7561, 37.5923], [-89.7361, 37.5912], [-89.7407, 37.5992], [-89.735, 37.6016], [-89.7221, 37.5954], [-89.7193, 37.5879], [-89.7146, 37.5902], [-89.7148, 37.5968], [-89.7096, 37.5993], [-89.6976, 37.5942], [-89.687, 37.5956], [-89.6841, 37.5935], [-89.6863, 37.5884], [-89.6811, 37.5846], [-89.6777, 37.5845], [-89.6757, 37.5916], [-89.6722, 37.5834], [-89.6644, 37.5907], [-89.665, 37.5984], [-89.6475, 37.5977], [-89.6387, 37.6035], [-89.6377, 37.5977], [-89.6416, 37.5922], [-89.6394, 37.587], [-89.6362, 37.5869], [-89.6345, 37.5906], [-89.6262, 37.5881], [-89.6243, 37.5937], [-89.6165, 37.5926], [-89.6089, 37.5974], [-89.6065, 37.6035], [-89.6024, 37.603], [-89.6036, 37.5921], [-89.5928, 37.583], [-89.5965, 37.579], [-89.5927, 37.5751], [-89.5835, 37.5819], [-89.5822, 37.577], [-89.585, 37.5742], [-89.5815, 37.571], [-89.5554, 37.5768], [-89.5434, 37.567], [-89.5384, 37.5695], [-89.5413, 37.5718], [-89.5386, 37.5743], [-89.5293, 37.5642], [-89.5217, 37.5662], [-89.5164, 37.5356], [-89.4755, 37.4714], [-89.4398, 37.4372], [-89.4213, 37.3921], [-89.4282, 37.3562], [-89.4328, 37.3471], [-89.4476, 37.3405], [-89.4842, 37.3356], [-89.5118, 37.3108], [-89.5183, 37.2855], [-89.5068, 37.2685], [-89.4887, 37.2515], [-89.4902, 37.2472], [-89.4987, 37.2451], [-89.5038, 37.2475], [-89.5071, 37.244], [-89.5108, 37.2463], [-89.5181, 37.2435], [-89.5205, 37.2473], [-89.5464, 37.2473], [-89.5465, 37.2402], [-89.5835, 37.2403], [-89.5835, 37.2329], [-89.6203, 37.233], [-89.6205, 37.2183], [-89.6497, 37.2183], [-89.6495, 37.2062], [-89.6674, 37.2061], [-89.6674, 37.1988], [-89.686, 37.1985], [-89.6858, 37.184], [-89.7042, 37.184], [-89.7038, 37.155], [-89.722, 37.1551], [-89.7218, 37.1406], [-89.7585, 37.1406], [-89.7582, 37.126], [-89.8666, 37.1262], [-89.8668, 37.219], [-89.8633, 37.219]]]}}, {"type": "Feature", "properties": {"code": "29201", "name": "Scott", "state": "MO"}, "geometry": {"type": "Polygon", "coordinates": [[[-89.7745, 37.0973], [-89.7728, 37.1127], [-89.7656, 37.1186], [-89.7652, 37.1261], [-89.7582, 37.126], [-89.7585, 37.1406], [-89.7218, 37.1406], [-89.722, 37.1551], [-89.7038, 37.155], [-89.7042, 37.184], [-89.6858, 37.184], [-89.686, 37.1985], [-89.6674, 37.1988], [-89.6674, 37.2061], [-89.6495, 37.2062], [-89.6497, 37.2183], [-89.6205, 37.2183], [-89.6203, 37.233], [-89.5835, 37.2329], [-89.5835, 37.2403], [-89.5465, 37.2402], [-89.5464, 37.2473], [-89.5205, 37.2473], [-89.5181, 37.2435], [-89.5108, 37.2463], [-89.5071, 37.244], [-89.5038, 37.2475], [-89.4912, 37.2465], [-89.4887, 37.2515], [-89.4705, 37.2534], [-89.4607, 37.2506], [-89.4582, 37.2471], [-89.4583, 37.2404], [-89.4676, 37.2182], [-89.4561, 37.1881], [-89.4256, 37.1382], [-89.4117, 37.1225], [-89.3881, 37.1075], [-89.3787, 37.0946], [-89.3757, 37.0805], [-89.3852, 37.0577], [-89.3839, 37.0464], [-89.3783, 37.0396], [-89.3624, 37.0302], [-89.3312, 37.0199], [-89.3133, 37.0096], [-89.3472, 37.0091], [-89.3473, 37.002], [-89.3743, 36.9942], [-89.3751, 36.9649], [-89.4113, 36.9648], [-89.4115, 36.9501], [-89.4299, 36.9503], [-89.4299, 36.9356], [-89.4654, 36.9357], [-89.4652, 36.9062], [-89.5015, 36.9063], [-89.5015, 36.8769], [-89.5199, 36.8769], [-89.5198, 36.8696], [-89.5676, 36.8709], [-89.6046, 36.8662], [-89.6037, 36.8622], [-89.606, 36.8617], [-89.6916, 36.8595], [-89.6896, 36.863], [-89.6924, 36.866], [-89.6898, 36.8681], [-89.6973, 36.8741], [-89.6897, 36.886], [-89.6866, 36.8848], [-89.6938, 36.8996], [-89.6905, 36.9134], [-89.6871, 36.914], [-89.6897, 36.9161], [-89.6866, 36.9195], [-89.6885, 36.921], [-89.6847, 36.923], [-89.6898, 36.9241], [-89.6867, 36.928], [-89.6926, 36.9354], [-89.6922, 36.9407], [-89.6951, 36.9387], [-89.7031, 36.9475], [-89.7096, 36.9468], [-89.7122, 36.9529], [-89.7149, 36.9521], [-89.7206, 36.969], [-89.7181, 36.9748], [-89.7225, 36.9758], [-89.7189, 36.9822], [-89.7212, 36.9901], [-89.7371, 37.0072], [-89.7356, 37.0106], [-89.7466, 37.0234], [-89.7463, 37.0278], [-89.7539, 37.0299], [-89.7523, 37.0358], [-89.7584, 37.0383], [-89.7569, 37.0497], [-89.7664, 37.0507], [-89.7868, 37.0878], [-89.7745, 37.0973]]]}}, {"type": "Feature", "properties": {"code": "29081", "name": "Harrison", "state": "MO"}, "geometry": {"type": "Polygon", "coordinates": [[[-93.7743, 40.5776], [-93.7745, 40.4724], [-93.7648, 40.4725], [-93.764, 40.1329], [-94.2167, 40.1366], [-94.2146, 40.4705], [-94.2316, 40.4704], [-94.2322, 40.5719], [-93.7743, 40.5776]]]}}, {"type": "Feature", "properties": {"code": "55121", "name": "Trempealeau", "state": "WI"}, "geometry": {"type": "Polygon", "coordinates": [[[-91.5965, 44.1844], [-91.5993, 44.1937], [-91.6085, 44.2005], [-91.6029, 44.204], [-91.601, 44.211], [-91.5931, 44.2173], [-91.5841, 44.2157], [-91.5804, 44.218], [-91.5816, 44.2215], [-91.575, 44.2226], [-91.5716, 44.2191], [-91.5614, 44.2227], [-91.5637, 44.2244], [-91.5571, 44.2243], [-91.5517, 44.2338], [-91.5387, 44.2353], [-91.5392, 44.2395], [-91.5343, 44.2415], [-91.5386, 44.2421], [-91.5376, 44.2464], [-91.5297, 44.2468], [-91.5291, 44.5962], [-91.1656, 44.597], [-91.1659, 44.2546], [-91.1655, 44.2474], [-91.1536, 44.2476], [-91.1519, 44.0797], [-91.1664, 44.0828], [-91.1689, 44.0884], [-91.1804, 44.0843], [-91.187, 44.0853], [-91.1877, 44.0906], [-91.1918, 44.0871], [-91.2006, 44.0866], [-91.1994, 44.0775], [-91.2079, 44.0739], [-91.2095, 44.0675], [-91.2167, 44.0651], [-91.2165, 44.0583], [-91.221, 44.0531], [-91.2319, 44.0583], [-91.2475, 44.0575], [-91.2567, 44.0683], [-91.2674, 44.0723], [-91.2842, 44.0604], [-91.3075, 44.0649], [-91.3161, 44.0602], [-91.3186, 44.0508], [-91.3321, 44.0435], [-91.3284, 44.0366], [-91.3373, 44.0375], [-91.3396, 44.0351], [-91.3401, 44.02], [-91.3447, 44.0158], [-91.3369, 44.0125], [-91.3381, 44.0074], [-91.328, 43.9999], [-91.33, 43.9953], [-91.3285, 43.9917], [-91.322, 43.9895], [-91.3226, 43.9845], [-91.4252, 43.9843], [-91.4299, 43.9939], [-91.4374, 44.0], [-91.4635, 44.009], [-91.4809, 44.0081], [-91.5071, 44.019], [-91.559, 44.0253], [-91.5561, 44.0297], [-91.5712, 44.0378], [-91.5708, 44.0449], [-91.5591, 44.0531], [-91.5583, 44.0624], [-91.5501, 44.0678], [-91.5499, 44.0729], [-91.5402, 44.0775], [-91.5434, 44.0817], [-91.5343, 44.0959], [-91.5408, 44.1015], [-91.5394, 44.1038], [-91.5487, 44.1079], [-91.5476, 44.1109], [-91.5526, 44.1193], [-91.5488, 44.1236], [-91.5579, 44.1344], [-91.5607, 44.1449], [-91.5726, 44.1498], [-91.5708, 44.1523], [-91.5739, 44.1497], [-91.5766, 44.1537], [-91.5879, 44.1536], [-91.5908, 44.1554], [-91.5897, 44.1599], [-91.5949, 44.1604], [-91.5957, 44.164], [-91.6072, 44.1645], [-91.6123, 44.1688], [-91.6129, 44.1735], [-91.5965, 44.1844]]]}}, {"type": "Feature", "properties": {"code": "55037", "name": "Florence", "state": "WI"}, "geometry": {"type": "Polygon", "coordinates": [[[-88.6756, 46.0117], [-88.6713, 45.999], [-88.6639, 45.9932], [-88.6708, 45.9885], [-88.6479, 45.9887], [-88.6375, 45.985], [-88.6341, 45.988], [-88.6142, 45.9888], [-88.6159, 45.9933], [-88.6116, 45.9988], [-88.6127, 46.0045], [-88.6014, 46.0176], [-88.5939, 46.0151], [-88.589, 46.0051], [-88.5655, 46.0157], [-88.5508, 46.0129], [-88.5411, 46.0138], [-88.5329, 46.0181], [-88.5324, 46.0212], [-88.5095, 46.0192], [-88.4969, 45.999], [-88.4974, 45.9951], [-88.4925, 45.9922], [-88.476, 45.9928], [-88.4747, 45.9988], [-88.4709, 46.001], [-88.4587, 45.9994], [-88.4538, 45.997], [-88.4543, 45.9934], [-88.4503, 45.9902], [-88.4348, 45.9883], [-88.4169, 45.9753], [-88.4099, 45.9797], [-88.3879, 45.9832], [-88.3852, 45.9902], [-88.3802, 45.9917], [-88.3454, 45.974], [-88.3414, 45.9687], [-88.3301, 45.966], [-88.3279, 45.9589], [-88.3303, 45.9566], [-88.327, 45.9551], [-88.3197, 45.9636], [-88.2924, 45.9511], [-88.285, 45.9553], [-88.2593, 45.9595], [-88.2548, 45.9635], [-88.2463, 45.9634], [-88.2458, 45.9541], [-88.2399, 45.9494], [-88.2038, 45.9479], [-88.1976, 45.9531], [-88.192, 45.9527], [-88.178, 45.9471], [-88.1701, 45.9395], [-88.1612, 45.9406], [-88.1462, 45.9368], [-88.141, 45.9306], [-88.1264, 45.9256], [-88.1264, 45.9215], [-88.1029, 45.9219], [-88.095, 45.9147], [-88.102, 45.9106], [-88.1066, 45.9022], [-88.1018, 45.8835], [-88.0965, 45.8799], [-88.0818, 45.8802], [-88.0699, 45.8727], [-88.0756, 45.8699], [-88.0748, 45.8649], [-88.0826, 45.8649], [-88.0888, 45.8559], [-88.1361, 45.819], [-88.1295, 45.8093], [-88.1083, 45.8035], [-88.1032, 45.7914], [-88.094, 45.7857], [-88.0798, 45.785], [-88.0706, 45.7799], [-88.0583, 45.7807], [-88.0593, 45.7131], [-88.3653, 45.7221], [-88.6758, 45.7229], [-88.6744, 45.9809], [-88.6842, 45.9824], [-88.6833, 46.0141], [-88.6756, 46.0117]]]}}, {"type": "Feature", "properties": {"code": "17065", "name": "Hamilton", "state": "IL"}, "geometry": {"type": "Polygon", "coordinates": [[[-88.7024, 38.2567], [-88.3704, 38.2555], [-88.3745, 37.9077], [-88.7066, 37.9068], [-88.7024, 38.2567]]]}}, {"type": "Feature", "properties": {"code": "19039", "name": "Clarke", "state": "IA"}, "geometry": {"type": "Polygon", "coordinates": [[[-94.0142, 41.1568], [-93.8988, 41.1566], [-93.7892, 41.162], [-93.5576, 41.1613], [-93.5565, 40.8983], [-94.0148, 40.897], [-94.0142, 41.1568]]]}}, {"type": "Feature", "properties": {"code": "19001", "name": "Adair", "state": "IA"}, "geometry": {"type": "Polygon", "coordinates": [[[-94.7006, 41.5041], [-94.2416, 41.5037], [-94.2416, 41.1571], [-94.7006, 41.1581], [-94.7006, 41.5041]]]}}, {"type": "Feature", "properties": {"code": "27097", "name": "Morrison", "state": "MN"}, "geometry": {"type": "Polygon", "coordinates": [[[-94.6439, 46.3415], [-94.6373, 46.3414], [-94.6229, 46.3267], [-94.6177, 46.3276], [-94.6142, 46.3245], [-94.6042, 46.3301], [-94.5856, 46.3244], [-94.5591, 46.3112], [-94.5562, 46.3071], [-94.5405, 46.3035], [-94.5134, 46.3082], [-94.5079, 46.3129], [-94.4976, 46.3152], [-94.4877, 46.3143], [-94.4811, 46.3215], [-94.4674, 46.3226], [-94.4593, 46.3315], [-94.4535, 46.328], [-94.4451, 46.3318], [-94.4265, 46.3323], [-94.4231, 46.3277], [-94.4023, 46.3216], [-94.3962, 46.313], [-94.3892, 46.3124], [-94.387, 46.3091], [-94.3912, 46.3061], [-94.3901, 46.3035], [-94.3819, 46.3095], [-94.3731, 46.2979], [-94.3607, 46.3], [-94.3505, 46.2954], [-94.3437, 46.2866], [-94.3506, 46.2799], [-94.338, 46.2756], [-94.3398, 46.2701], [-94.3548, 46.2642], [-94.3553, 46.2551], [-94.3635, 46.252], [-94.3727, 46.243], [-94.3889, 46.2382], [-94.389, 46.2332], [-94.3944, 46.2287], [-94.3948, 46.2094], [-94.3656, 46.1789], [-94.3716, 46.174], [-94.371, 46.1649], [-94.3746, 46.1571], [-93.8104, 46.1566], [-93.8103, 45.9831], [-93.7689, 45.9825], [-93.7639, 45.8221], [-94.3532, 45.8221], [-94.3449, 45.8113], [-94.3279, 45.7986], [-94.3132, 45.8001], [-94.3128, 45.7921], [-94.3055, 45.7853], [-94.2718, 45.7752], [-94.644, 45.774], [-94.6436, 45.9329], [-94.6488, 45.9335], [-94.6479, 46.2824], [-94.6533, 46.2826], [-94.6535, 46.3487], [-94.6439, 46.3415]]]}}, {"type": "Feature", "properties": {"code": "27023", "name": "Chippewa", "state": "MN"}, "geometry": {"type": "Polygon", "coordinates": [[[-95.2465, 45.1524], [-95.2475, 45.0213], [-95.2438, 45.0188], [-95.2476, 45.019], [-95.2478, 45.0125], [-95.2485, 44.8913], [-95.4829, 44.8907], [-95.4828, 44.7525], [-95.49, 44.7514], [-95.4919, 44.7585], [-95.4897, 44.7642], [-95.4953, 44.7698], [-95.5068, 44.7724], [-95.5081, 44.7666], [-95.5116, 44.7653], [-95.5156, 44.7666], [-95.5163, 44.7717], [-95.5254, 44.7695], [-95.5302, 44.7718], [-95.5306, 44.7745], [-95.523, 44.7752], [-95.5255, 44.7831], [-95.4985, 44.7869], [-95.504, 44.7944], [-95.5195, 44.8018], [-95.5451, 44.8035], [-95.5357, 44.8115], [-95.5365, 44.8151], [-95.5602, 44.8232], [-95.5736, 44.8403], [-95.6005, 44.8432], [-95.5969, 44.8494], [-95.6153, 44.8507], [-95.6163, 44.863], [-95.6268, 44.8689], [-95.6329, 44.8779], [-95.6373, 44.8733], [-95.6413, 44.8742], [-95.6544, 44.8848], [-95.6485, 44.8872], [-95.6502, 44.891], [-95.657, 44.889], [-95.6742, 44.8972], [-95.6722, 44.9042], [-95.6818, 44.9097], [-95.6838, 44.9085], [-95.6802, 44.9073], [-95.6873, 44.9023], [-95.721, 44.9072], [-95.7235, 44.9101], [-95.7188, 44.9114], [-95.7194, 44.921], [-95.7337, 44.9349], [-95.7446, 44.9385], [-95.7413, 44.9395], [-95.745, 44.9449], [-95.7493, 44.9406], [-95.7581, 44.9469], [-95.7563, 44.9416], [-95.766, 44.942], [-95.7607, 44.9428], [-95.7695, 44.948], [-95.7702, 44.9435], [-95.777, 44.9425], [-95.7864, 44.9489], [-95.7964, 44.9473], [-95.8094, 44.9524], [-95.8109, 44.9541], [-95.8069, 44.9546], [-95.811, 44.9615], [-95.8199, 44.9611], [-95.8231, 44.965], [-95.8203, 44.9686], [-95.824, 44.9695], [-95.8246, 44.9869], [-95.8308, 44.99], [-95.8254, 44.9919], [-95.8309, 44.9906], [-95.8341, 44.9929], [-95.8304, 44.9949], [-95.8358, 44.9957], [-95.8333, 44.998], [-95.8386, 44.9966], [-95.8454, 45.0022], [-95.8609, 45.0076], [-95.8669, 45.0141], [-95.8708, 45.0251], [-95.8743, 45.0222], [-95.8797, 45.0236], [-95.8803, 45.026], [-95.8779, 45.0255], [-95.8845, 45.0293], [-95.8828, 45.0335], [-95.8948, 45.0365], [-95.9803, 45.0976], [-95.9929, 45.1108], [-96.0011, 45.1129], [-96.0026, 45.116], [-95.9998, 45.116], [-95.9998, 45.1193], [-96.0125, 45.1237], [-96.0367, 45.1521], [-95.2465, 45.1524]]]}}, {"type": "Feature", "properties": {"code": "27139", "name": "Scott", "state": "MN"}, "geometry": {"type": "Polygon", "coordinates": [[[-93.9029, 44.5523], [-93.8986, 44.55], [-93.8986, 44.5447], [-93.8916, 44.5462], [-93.8917, 44.5522], [-93.9003, 44.5554], [-93.8979, 44.5621], [-93.8911, 44.5666], [-93.9014, 44.5709], [-93.8951, 44.5745], [-93.8927, 44.585], [-93.9028, 44.5871], [-93.8915, 44.596], [-93.8824, 44.5962], [-93.8823, 44.6003], [-93.8762, 44.6014], [-93.8779, 44.6057], [-93.8726, 44.6062], [-93.8689, 44.6024], [-93.8613, 44.6054], [-93.8541, 44.6171], [-93.8584, 44.6208], [-93.8485, 44.6218], [-93.843, 44.6176], [-93.8444, 44.6257], [-93.8365, 44.6185], [-93.8155, 44.633], [-93.8031, 44.6346], [-93.7946, 44.6338], [-93.7909, 44.6286], [-93.7742, 44.6378], [-93.7725, 44.6303], [-93.7637, 44.6341], [-93.7668, 44.6383], [-93.7725, 44.6388], [-93.768, 44.6404], [-93.7601, 44.6351], [-93.7555, 44.6358], [-93.7535, 44.6381], [-93.7598, 44.6435], [-93.7382, 44.646], [-93.7278, 44.6567], [-93.7184, 44.6553], [-93.7154, 44.659], [-93.7214, 44.6636], [-93.6977, 44.6698], [-93.6751, 44.6926], [-93.6628, 44.6962], [-93.6552, 44.6901], [-93.6483, 44.6952], [-93.6422, 44.6927], [-93.6299, 44.6981], [-93.6292, 44.7026], [-93.6179, 44.7073], [-93.6262, 44.7156], [-93.6256, 44.7236], [-93.6327, 44.7241], [-93.6285, 44.7318], [-93.6315, 44.7385], [-93.6221, 44.7472], [-93.6209, 44.7536], [-93.6133, 44.7491], [-93.6085, 44.7538], [-93.6219, 44.7625], [-93.5952, 44.7742], [-93.5992, 44.7828], [-93.5821, 44.7823], [-93.58, 44.7936], [-93.5554, 44.7998], [-93.5457, 44.7962], [-93.5412, 44.7987], [-93.5405, 44.8048], [-93.5202, 44.805], [-93.5202, 44.8022], [-93.5033, 44.8047], [-93.4991, 44.8103], [-93.4919, 44.8046], [-93.4837, 44.8078], [-93.4812, 44.8047], [-93.4637, 44.8067], [-93.4503, 44.8035], [-93.4439, 44.8056], [-93.4382, 44.8131], [-93.4058, 44.8047], [-93.3963, 44.7971], [-93.3875, 44.7986], [-93.3803, 44.7853], [-93.3642, 44.7892], [-93.3561, 44.7854], [-93.3486, 44.7914], [-93.336, 44.7865], [-93.3296, 44.7911], [-93.3284, 44.7176], [-93.3183, 44.7175], [-93.3187, 44.6306], [-93.2782, 44.6308], [-93.2785, 44.544], [-93.9104, 44.5432], [-93.9114, 44.5456], [-93.9029, 44.5523]]]}}, {"type": "Feature", "properties": {"code": "27087", "name": "Mahnomen", "state": "MN"}, "geometry": {"type": "Polygon", "coordinates": [[[-95.5515, 47.5], [-95.5512, 47.1515], [-96.0671, 47.1518], [-96.0676, 47.4991], [-95.5515, 47.5]]]}}, {"type": "Feature", "properties": {"code": "29113", "name": "Lincoln", "state": "MO"}, "geometry": {"type": "Polygon", "coordinates": [[[-91.2602, 39.1398], [-91.1855, 39.1391], [-91.1829, 39.2272], [-90.7218, 39.2241], [-90.7171, 39.2139], [-90.7174, 39.1974], [-90.7105, 39.1764], [-90.7079, 39.1509], [-90.7029, 39.1387], [-90.6861, 39.1178], [-90.6811, 39.1006], [-90.6827, 39.0883], [-90.7004, 39.0718], [-90.7021, 39.0656], [-90.7136, 39.054], [-90.6782, 38.9919], [-90.6759, 38.9621], [-90.6634, 38.9342], [-90.6966, 38.9328], [-90.6975, 38.9282], [-90.6896, 38.9236], [-90.6846, 38.9156], [-90.6972, 38.9161], [-90.7038, 38.9212], [-90.7143, 38.9182], [-90.7175, 38.9154], [-90.7157, 38.9123], [-90.7062, 38.9135], [-90.6993, 38.9079], [-90.7081, 38.9026], [-90.7142, 38.9099], [-90.7239, 38.9087], [-90.7246, 38.9152], [-90.7357, 38.9162], [-90.7346, 38.9197], [-90.7241, 38.9244], [-90.7288, 38.9311], [-90.743, 38.9304], [-90.7567, 38.9198], [-90.7764, 38.923], [-90.782, 38.9186], [-90.7913, 38.9179], [-90.8044, 38.9111], [-90.7975, 38.9051], [-90.7992, 38.9014], [-90.8083, 38.8996], [-90.8102, 38.8856], [-90.8062, 38.879], [-90.8178, 38.876], [-90.8311, 38.8782], [-90.8366, 38.8841], [-90.8354, 38.88], [-90.8447, 38.884], [-90.8513, 38.8836], [-90.8502, 38.8801], [-90.8558, 38.8847], [-90.8604, 38.8819], [-90.8629, 38.8873], [-90.8712, 38.8887], [-90.9005, 38.886], [-90.9012, 38.8893], [-90.9078, 38.8909], [-90.9332, 38.8851], [-90.9373, 38.8881], [-90.9402, 38.8865], [-90.9497, 38.8949], [-90.9576, 38.8933], [-90.9585, 38.8709], [-91.1113, 38.8727], [-91.1102, 38.9319], [-91.1893, 38.9322], [-91.1884, 38.9918], [-91.2643, 38.9928], [-91.2602, 39.1398]]]}}, {"type": "Feature", "properties": {"code": "29167", "name": "Polk", "state": "MO"}, "geometry": {"type": "Polygon", "coordinates": [[[-93.6284, 37.8294], [-93.5732, 37.828], [-93.5741, 37.8133], [-93.1879, 37.8027], [-93.1914, 37.73], [-93.1732, 37.7297], [-93.1825, 37.4172], [-93.6212, 37.4274], [-93.6095, 37.7418], [-93.6324, 37.7423], [-93.6284, 37.8294]]]}}, {"type": "Feature", "properties": {"code": "29207", "name": "Stoddard", "state": "MO"}, "geometry": {"type": "Polygon", "coordinates": [[[-90.2485, 36.9108], [-90.2575, 36.912], [-90.2586, 36.922], [-90.2418, 36.9215], [-90.2416, 36.9359], [-90.2236, 36.9358], [-90.223, 36.9646], [-90.2052, 36.9646], [-90.2049, 36.9788], [-90.1866, 36.9787], [-90.1863, 36.9933], [-90.1685, 36.9932], [-90.1679, 37.0077], [-90.1494, 37.0074], [-90.1485, 37.0414], [-89.9957, 37.0401], [-89.9959, 37.0547], [-89.9592, 37.0544], [-89.9596, 37.1273], [-89.7652, 37.1261], [-89.7656, 37.1186], [-89.7728, 37.1127], [-89.7745, 37.0973], [-89.7868, 37.0878], [-89.7859, 37.0834], [-89.7781, 37.0759], [-89.779, 37.0721], [-89.7664, 37.0507], [-89.763, 37.0489], [-89.7581, 37.0516], [-89.7584, 37.0383], [-89.7523, 37.0358], [-89.7539, 37.0299], [-89.7463, 37.0278], [-89.7466, 37.0234], [-89.7356, 37.0106], [-89.7371, 37.0072], [-89.7212, 36.9901], [-89.7189, 36.9822], [-89.7225, 36.9758], [-89.7181, 36.9748], [-89.7206, 36.969], [-89.7149, 36.9521], [-89.7122, 36.9529], [-89.7096, 36.9468], [-89.7031, 36.9475], [-89.6951, 36.9387], [-89.6922, 36.9407], [-89.6926, 36.9354], [-89.6867, 36.928], [-89.6898, 36.9241], [-89.6847, 36.923], [-89.6885, 36.921], [-89.6866, 36.9195], [-89.6897, 36.9161], [-89.6871, 36.914], [-89.6905, 36.9134], [-89.6938, 36.8996], [-89.6866, 36.8848], [-89.6897, 36.886], [-89.6973, 36.8741], [-89.6898, 36.8681], [-89.6924, 36.866], [-89.6896, 36.863], [-89.6916, 36.8595], [-89.7048, 36.8593], [-89.7001, 36.7429], [-89.7027, 36.7391], [-89.701, 36.6275], [-90.1484, 36.6307], [-90.1496, 36.6335], [-90.1441, 36.6338], [-90.1423, 36.6382], [-90.1494, 36.6407], [-90.1388, 36.6424], [-90.1397, 36.6483], [-90.1448, 36.6495], [-90.1431, 36.6521], [-90.147, 36.6575], [-90.1373, 36.6592], [-90.1345, 36.6625], [-90.1368, 36.6674], [-90.1429, 36.6665], [-90.1404, 36.6709], [-90.1493, 36.672], [-90.1444, 36.6734], [-90.1491, 36.6792], [-90.1421, 36.6805], [-90.1492, 36.6842], [-90.1399, 36.6869], [-90.1468, 36.6937], [-90.1405, 36.6933], [-90.1398, 36.6961], [-90.1434, 36.6989], [-90.1463, 36.6952], [-90.1458, 36.6989], [-90.1535, 36.7027], [-90.1484, 36.7106], [-90.1531, 36.7093], [-90.1516, 36.7163], [-90.156, 36.716], [-90.158, 36.723], [-90.1645, 36.7249], [-90.1613, 36.7258], [-90.165, 36.7319], [-90.1625, 36.7342], [-90.1691, 36.7356], [-90.1681, 36.7423], [-90.177, 36.7422], [-90.1778, 36.7457], [-90.1725, 36.7475], [-90.1766, 36.7482], [-90.1753, 36.752], [-90.1874, 36.7558], [-90.1829, 36.7593], [-90.1906, 36.7633], [-90.1894, 36.772], [-90.1964, 36.7695], [-90.1986, 36.7733], [-90.2062, 36.7739], [-90.201, 36.7772], [-90.2035, 36.7864], [-90.1997, 36.787], [-90.2026, 36.7936], [-90.1976, 36.7927], [-90.2037, 36.8034], [-90.1979, 36.8041], [-90.2028, 36.8088], [-90.2091, 36.8086], [-90.2081, 36.8135], [-90.2163, 36.8146], [-90.2103, 36.8176], [-90.2123, 36.8207], [-90.2176, 36.8182], [-90.2218, 36.8203], [-90.2175, 36.8265], [-90.2244, 36.8324], [-90.2224, 36.8387], [-90.219, 36.8386], [-90.2163, 36.8428], [-90.2211, 36.8457], [-90.2223, 36.8505], [-90.2248, 36.8467], [-90.2298, 36.8501], [-90.225, 36.8545], [-90.2306, 36.8527], [-90.2305, 36.8587], [-90.2351, 36.8578], [-90.2382, 36.8629], [-90.2409, 36.8594], [-90.2398, 36.8644], [-90.2449, 36.8685], [-90.2533, 36.8696], [-90.2567, 36.8797], [-90.2532, 36.8766], [-90.2481, 36.8784], [-90.253, 36.8819], [-90.252, 36.8877], [-90.2452, 36.8926], [-90.2497, 36.8922], [-90.2474, 36.8962], [-90.2533, 36.8991], [-90.2548, 36.9065], [-90.2598, 36.9076], [-90.2485, 36.9108]]]}}, {"type": "Feature", "properties": {"code": "55111", "name": "Sauk", "state": "WI"}, "geometry": {"type": "Polygon", "coordinates": [[[-89.7858, 43.641], [-89.776, 43.6319], [-89.7824, 43.6256], [-89.7734, 43.6203], [-89.7754, 43.6138], [-89.7683, 43.6071], [-89.7612, 43.6036], [-89.7527, 43.6057], [-89.7403, 43.5982], [-89.7184, 43.5985], [-89.72, 43.5917], [-89.7344, 43.5788], [-89.7305, 43.5704], [-89.6941, 43.5659], [-89.6657, 43.5692], [-89.6388, 43.5629], [-89.6123, 43.5649], [-89.5994, 43.5579], [-89.6007, 43.3807], [-89.6206, 43.3691], [-89.6412, 43.3629], [-89.6558, 43.3598], [-89.6793, 43.3602], [-89.7038, 43.3303], [-89.7236, 43.3145], [-89.727, 43.3003], [-89.7133, 43.2821], [-89.7176, 43.2726], [-89.7267, 43.2649], [-89.724, 43.2636], [-89.7251, 43.2601], [-89.7317, 43.2522], [-89.7431, 43.2478], [-89.749, 43.2488], [-89.7544, 43.243], [-89.7622, 43.2406], [-89.8054, 43.2389], [-89.837, 43.2068], [-89.8513, 43.1984], [-89.8661, 43.1947], [-89.8764, 43.1965], [-89.9053, 43.188], [-89.9498, 43.1934], [-90.0001, 43.1946], [-90.0249, 43.1833], [-90.035, 43.1729], [-90.0486, 43.1669], [-90.0518, 43.1493], [-90.0587, 43.1453], [-90.0879, 43.1624], [-90.1133, 43.1604], [-90.1351, 43.1657], [-90.159, 43.1668], [-90.1833, 43.1571], [-90.1938, 43.1645], [-90.192, 43.555], [-90.3111, 43.554], [-90.3124, 43.641], [-89.7858, 43.641]]]}}, {"type": "Feature", "properties": {"code": "55107", "name": "Rusk", "state": "WI"}, "geometry": {"type": "Polygon", "coordinates": [[[-91.5403, 45.6376], [-90.6787, 45.6383], [-90.6788, 45.3779], [-90.9253, 45.3794], [-90.9252, 45.2921], [-91.541, 45.2921], [-91.5403, 45.6376]]]}}, {"type": "Feature", "properties": {"code": "17043", "name": "DuPage", "state": "IL"}, "geometry": {"type": "Polygon", "coordinates": [[[-88.2629, 41.9864], [-87.9205, 41.9939], [-87.9205, 41.8678], [-87.9143, 41.7166], [-87.9211, 41.7164], [-87.9421, 41.7027], [-87.9422, 41.6991], [-87.9478, 41.6951], [-87.9667, 41.6867], [-88.029, 41.6852], [-88.0304, 41.7289], [-88.262, 41.7247], [-88.2629, 41.9864]]]}}, {"type": "Feature", "properties": {"code": "17161", "name": "Rock Island", "state": "IL"}, "geometry": {"type": "Polygon", "coordinates": [[[-91.0665, 41.3652], [-91.0516, 41.3853], [-91.0478, 41.4109], [-91.0399, 41.4185], [-91.0278, 41.4236], [-91.0058, 41.4261], [-90.9798, 41.4343], [-90.9498, 41.4242], [-90.93, 41.4214], [-90.9005, 41.4312], [-90.8576, 41.4528], [-90.8466, 41.4551], [-90.7501, 41.4496], [-90.6558, 41.4621], [-90.6059, 41.4942], [-90.6021, 41.506], [-90.5952, 41.511], [-90.5672, 41.5175], [-90.5562, 41.5242], [-90.5409, 41.5261], [-90.5006, 41.518], [-90.4614, 41.5235], [-90.4327, 41.5495], [-90.4222, 41.5542], [-90.4128, 41.5653], [-90.3432, 41.5878], [-90.3395, 41.5986], [-90.3435, 41.647], [-90.3345, 41.6796], [-90.3173, 41.6917], [-90.3134, 41.6981], [-90.3129, 41.7075], [-90.3177, 41.7227], [-90.3152, 41.7343], [-90.3028, 41.75], [-90.2786, 41.7674], [-90.2424, 41.783], [-90.2472, 41.7626], [-90.2401, 41.765], [-90.2368, 41.7626], [-90.2467, 41.7548], [-90.2479, 41.7469], [-90.2432, 41.7443], [-90.2443, 41.7404], [-90.2365, 41.7407], [-90.2347, 41.7361], [-90.2387, 41.7273], [-90.2341, 41.725], [-90.2398, 41.7067], [-90.245, 41.7024], [-90.2312, 41.6958], [-90.232, 41.6919], [-90.2268, 41.6925], [-90.2262, 41.6869], [-90.2269, 41.6835], [-90.2362, 41.6795], [-90.1895, 41.6634], [-90.1618, 41.6446], [-90.1638, 41.6392], [-90.1739, 41.6401], [-90.1733, 41.6376], [-90.1625, 41.6355], [-90.1599, 41.6305], [-90.1607, 41.6179], [-90.1661, 41.6098], [-90.1648, 41.5973], [-90.1677, 41.5928], [-90.1854, 41.5889], [-90.1791, 41.5735], [-90.1848, 41.556], [-90.1953, 41.5407], [-90.2167, 41.5379], [-90.2258, 41.5299], [-90.2501, 41.5228], [-90.3047, 41.5178], [-90.3151, 41.5092], [-90.3327, 41.514], [-90.3522, 41.5088], [-90.3694, 41.4967], [-90.3767, 41.4787], [-90.3873, 41.4764], [-90.4211, 41.4576], [-90.4319, 41.4568], [-90.4337, 41.327], [-91.0719, 41.3336], [-91.0665, 41.3652]]]}}, {"type": "Feature", "properties": {"code": "17125", "name": "Mason", "state": "IL"}, "geometry": {"type": "Polygon", "coordinates": [[[-90.3473, 40.1265], [-90.3352, 40.1372], [-90.3076, 40.14], [-90.2681, 40.1546], [-90.2258, 40.1501], [-90.2096, 40.1531], [-90.2027, 40.1607], [-90.2015, 40.1806], [-90.1961, 40.1898], [-90.1808, 40.196], [-90.1711, 40.211], [-90.158, 40.2197], [-90.1275, 40.227], [-90.1176, 40.2377], [-90.1073, 40.2609], [-90.0941, 40.2689], [-90.0699, 40.2944], [-90.0689, 40.3125], [-90.0651, 40.3192], [-90.0532, 40.3278], [-90.0499, 40.3374], [-90.0528, 40.3475], [-90.0431, 40.37], [-90.033, 40.3778], [-89.9838, 40.3926], [-89.9754, 40.4045], [-89.9552, 40.4202], [-89.9247, 40.4359], [-89.7171, 40.4357], [-89.7149, 40.3192], [-89.603, 40.3201], [-89.601, 40.2184], [-89.6036, 40.2184], [-89.6033, 40.1214], [-89.6345, 40.1536], [-89.6464, 40.1536], [-89.6483, 40.157], [-89.6607, 40.156], [-89.669, 40.1607], [-89.6709, 40.1541], [-89.68, 40.1555], [-89.6806, 40.1513], [-89.6838, 40.155], [-89.6859, 40.1536], [-89.6867, 40.1468], [-89.6943, 40.1409], [-89.7043, 40.1406], [-89.7086, 40.147], [-89.7192, 40.1403], [-89.7274, 40.1427], [-89.73, 40.1356], [-89.7341, 40.1377], [-89.734, 40.1327], [-89.7492, 40.1269], [-89.77, 40.1285], [-89.7734, 40.1322], [-89.7804, 40.1271], [-89.7922, 40.1286], [-89.7944, 40.1238], [-89.8096, 40.1246], [-89.8101, 40.1212], [-89.8189, 40.1254], [-89.8239, 40.1215], [-89.8275, 40.1257], [-89.834, 40.1244], [-89.8381, 40.1303], [-89.8433, 40.1264], [-89.8521, 40.13], [-89.8644, 40.1279], [-89.8726, 40.1374], [-89.8775, 40.1339], [-89.8819, 40.1364], [-89.8858, 40.1345], [-89.885, 40.1282], [-89.8918, 40.1305], [-89.8981, 40.1278], [-89.9084, 40.1378], [-89.9075, 40.1316], [-89.9163, 40.1335], [-89.9208, 40.1385], [-89.925, 40.1364], [-89.9261, 40.14], [-89.9416, 40.1367], [-89.9372, 40.132], [-89.9449, 40.1337], [-89.9455, 40.1305], [-89.9488, 40.1353], [-89.9515, 40.1321], [-89.9542, 40.1366], [-89.9589, 40.1344], [-89.9631, 40.143], [-89.9662, 40.1431], [-89.9705, 40.1421], [-89.9697, 40.1382], [-89.9746, 40.1357], [-89.9715, 40.1329], [-89.9767, 40.1304], [-89.9739, 40.1271], [-89.9787, 40.125], [-89.9866, 40.129], [-89.9845, 40.1243], [-89.9887, 40.123], [-89.9887, 40.1184], [-89.9832, 40.1134], [-89.9922, 40.1119], [-89.9939, 40.108], [-89.9971, 40.1128], [-89.9998, 40.1033], [-90.0049, 40.109], [-90.0059, 40.1045], [-90.0129, 40.1008], [-90.0208, 40.1036], [-90.0202, 40.1056], [-90.0319, 40.1055], [-90.0319, 40.1107], [-90.0392, 40.1026], [-90.039, 40.1064], [-90.0428, 40.109], [-90.0506, 40.1034], [-90.0511, 40.0996], [-90.0647, 40.1001], [-90.0657, 40.0934], [-90.0718, 40.0939], [-90.0702, 40.09], [-90.0794, 40.0873], [-90.0812, 40.0801], [-90.088, 40.084], [-90.0876, 40.0798], [-90.0912, 40.0806], [-90.0944, 40.0771], [-90.0954, 40.0811], [-90.0992, 40.0778], [-90.1043, 40.0803], [-90.11, 40.0782], [-90.1129, 40.081], [-90.1268, 40.0766], [-90.1348, 40.0623], [-90.1392, 40.0633], [-90.1383, 40.066], [-90.143, 40.0645], [-90.1503, 40.0676], [-90.1497, 40.0652], [-90.1541, 40.0662], [-90.1564, 40.0612], [-90.1765, 40.0601], [-90.1779, 40.0632], [-90.1829, 40.0626], [-90.1827, 40.067], [-90.1895, 40.0654], [-90.1863, 40.0616], [-90.1921, 40.06], [-90.1947, 40.0538], [-90.2036, 40.0529], [-90.2068, 40.0602], [-90.2115, 40.0553], [-90.2133, 40.0592], [-90.2181, 40.0513], [-90.2227, 40.0551], [-90.2279, 40.0516], [-90.2299, 40.057], [-90.2358, 40.0583], [-90.2341, 40.0609], [-90.2436, 40.0579], [-90.2449, 40.061], [-90.2473, 40.0566], [-90.2658, 40.0621], [-90.2696, 40.0612], [-90.2723, 40.0549], [-90.2857, 40.0557], [-90.2889, 40.0587], [-90.2878, 40.0638], [-90.2932, 40.0645], [-90.2906, 40.0689], [-90.305, 40.0779], [-90.301, 40.0835], [-90.3033, 40.0928], [-90.3066, 40.0927], [-90.3128, 40.1032], [-90.3146, 40.1156], [-90.329, 40.1202], [-90.3334, 40.1181], [-90.3361, 40.1225], [-90.3424, 40.1168], [-90.3493, 40.1181], [-90.3496, 40.1228], [-90.3545, 40.1242], [-90.3473, 40.1265]]]}}, {"type": "Feature", "properties": {"code": "17087", "name": "Johnson", "state": "IL"}, "geometry": {"type": "Polygon", "coordinates": [[[-89.0414, 37.5966], [-88.8368, 37.5975], [-88.8189, 37.6007], [-88.7085, 37.5993], [-88.7107, 37.3371], [-88.9051, 37.3357], [-88.8964, 37.3301], [-88.8982, 37.327], [-88.8956, 37.326], [-88.8992, 37.3214], [-88.8976, 37.3175], [-88.9265, 37.3032], [-88.942, 37.304], [-88.9558, 37.2975], [-88.9631, 37.2975], [-88.9685, 37.3031], [-88.9918, 37.3099], [-88.998, 37.3079], [-89.0035, 37.3112], [-89.0184, 37.3091], [-89.0329, 37.2978], [-89.0447, 37.2941], [-89.0414, 37.5966]]]}}, {"type": "Feature", "properties": {"code": "19111", "name": "Lee", "state": "IA"}, "geometry": {"type": "Polygon", "coordinates": [[[-91.4095, 40.8129], [-91.4064, 40.8087], [-91.3935, 40.8086], [-91.3639, 40.7907], [-91.3507, 40.7936], [-91.3468, 40.7865], [-91.3188, 40.7799], [-91.3117, 40.7721], [-91.2934, 40.7726], [-91.2868, 40.7666], [-91.2818, 40.7537], [-91.2639, 40.7542], [-91.2483, 40.7504], [-91.2334, 40.7375], [-91.2171, 40.7323], [-91.2075, 40.722], [-91.2095, 40.714], [-91.1968, 40.7192], [-91.18, 40.7083], [-91.181, 40.7131], [-91.1761, 40.7214], [-91.1667, 40.7199], [-91.1635, 40.7227], [-91.1506, 40.7062], [-91.1332, 40.6987], [-91.1194, 40.7], [-91.1124, 40.6963], [-91.1239, 40.6692], [-91.187, 40.6373], [-91.2531, 40.638], [-91.3065, 40.6262], [-91.3487, 40.6097], [-91.3599, 40.6018], [-91.3798, 40.5745], [-91.4015, 40.5595], [-91.4069, 40.5476], [-91.4041, 40.5391], [-91.3819, 40.5282], [-91.3691, 40.5125], [-91.3642, 40.5], [-91.3649, 40.4842], [-91.3815, 40.446], [-91.381, 40.4354], [-91.3724, 40.4115], [-91.3757, 40.3919], [-91.3884, 40.3849], [-91.413, 40.3823], [-91.4194, 40.3783], [-91.4412, 40.3863], [-91.4516, 40.376], [-91.4639, 40.3757], [-91.4659, 40.3784], [-91.4634, 40.3854], [-91.4803, 40.3818], [-91.4845, 40.3839], [-91.491, 40.3935], [-91.4885, 40.4043], [-91.4981, 40.4019], [-91.5246, 40.4108], [-91.5266, 40.4199], [-91.5191, 40.4328], [-91.5291, 40.4343], [-91.5336, 40.4383], [-91.5233, 40.4501], [-91.5251, 40.4578], [-91.5527, 40.4588], [-91.5747, 40.4657], [-91.5815, 40.4729], [-91.5908, 40.4923], [-91.6128, 40.5024], [-91.6214, 40.5101], [-91.618, 40.534], [-91.6201, 40.5408], [-91.6817, 40.553], [-91.6916, 40.5622], [-91.6864, 40.5809], [-91.7168, 40.5985], [-91.7188, 40.8135], [-91.4095, 40.8129]]]}}, {"type": "Feature", "properties": {"code": "19051", "name": "Davis", "state": "IA"}, "geometry": {"type": "Polygon", "coordinates": [[[-92.1791, 40.8997], [-92.1798, 40.6005], [-92.6379, 40.5909], [-92.6391, 40.8989], [-92.1791, 40.8997]]]}}, {"type": "Feature", "properties": {"code": "19149", "name": "Plymouth", "state": "IA"}, "geometry": {"type": "Polygon", "coordinates": [[[-96.6313, 42.7372], [-96.6351, 42.7402], [-96.6305, 42.7504], [-96.6195, 42.7548], [-96.6225, 42.7584], [-96.6279, 42.7564], [-96.6351, 42.7632], [-96.6325, 42.7673], [-96.6349, 42.7707], [-96.6264, 42.7725], [-96.6195, 42.784], [-96.6046, 42.783], [-96.6026, 42.7878], [-96.6052, 42.7912], [-96.597, 42.7919], [-96.5987, 42.7978], [-96.5945, 42.798], [-96.591, 42.8066], [-96.5957, 42.8104], [-96.596, 42.815], [-96.5857, 42.818], [-96.5779, 42.8276], [-96.5824, 42.8337], [-96.5816, 42.8375], [-96.5714, 42.8372], [-96.5656, 42.8304], [-96.5606, 42.8394], [-96.554, 42.836], [-96.5495, 42.8391], [-96.5547, 42.8461], [-96.5455, 42.85], [-96.5415, 42.8577], [-96.5427, 42.8597], [-96.5466, 42.8573], [-96.5504, 42.8632], [-96.5497, 42.8703], [-96.5379, 42.8785], [-96.5401, 42.8897], [-96.5264, 42.8919], [-96.5289, 42.898], [-96.5394, 42.9], [-96.5428, 42.9037], [-96.5366, 42.9057], [-96.5374, 42.9088], [-95.8594, 42.9091], [-95.8599, 42.5606], [-96.4988, 42.561], [-96.4859, 42.5735], [-96.4961, 42.5809], [-96.4923, 42.5878], [-96.501, 42.5892], [-96.5002, 42.5941], [-96.5095, 42.6127], [-96.517, 42.616], [-96.5279, 42.609], [-96.5316, 42.6151], [-96.5185, 42.6202], [-96.5163, 42.6304], [-96.524, 42.6346], [-96.5264, 42.6412], [-96.5379, 42.6464], [-96.5379, 42.6554], [-96.5418, 42.6604], [-96.56, 42.6585], [-96.5599, 42.6628], [-96.5563, 42.6648], [-96.5667, 42.6759], [-96.5765, 42.6708], [-96.5719, 42.6777], [-96.5785, 42.6781], [-96.5753, 42.6828], [-96.5854, 42.6831], [-96.5868, 42.6901], [-96.5904, 42.6911], [-96.5929, 42.6869], [-96.5981, 42.6866], [-96.5949, 42.6894], [-96.5954, 42.694], [-96.6003, 42.698], [-96.6055, 42.6942], [-96.6118, 42.6951], [-96.6058, 42.6984], [-96.6056, 42.702], [-96.615, 42.699], [-96.6188, 42.6997], [-96.6234, 42.707], [-96.6267, 42.704], [-96.6306, 42.7059], [-96.6245, 42.7156], [-96.6271, 42.7173], [-96.6247, 42.7255], [-96.6335, 42.7242], [-96.6304, 42.7299], [-96.6384, 42.7355], [-96.6313, 42.7372]]]}}, {"type": "Feature", "properties": {"code": "19063", "name": "Emmet", "state": "IA"}, "geometry": {"type": "Polygon", "coordinates": [[[-94.4429, 43.5004], [-94.4431, 43.255], [-94.9137, 43.2551], [-94.9147, 43.5002], [-94.4429, 43.5004]]]}}, {"type": "Feature", "properties": {"code": "27027", "name": "Clay", "state": "MN"}, "geometry": {"type": "Polygon", "coordinates": [[[-96.1947, 47.1511], [-96.1936, 46.9774], [-96.1741, 46.9774], [-96.177, 46.8049], [-96.1724, 46.6306], [-96.7892, 46.6292], [-96.7958, 46.6314], [-96.7979, 46.6291], [-96.7911, 46.6383], [-96.7859, 46.6402], [-96.7941, 46.6467], [-96.7907, 46.6491], [-96.7989, 46.6541], [-96.7971, 46.6592], [-96.7997, 46.6606], [-96.796, 46.6657], [-96.8013, 46.6685], [-96.7942, 46.668], [-96.7923, 46.6718], [-96.799, 46.6744], [-96.7992, 46.6782], [-96.7875, 46.6778], [-96.7944, 46.6835], [-96.7882, 46.6819], [-96.7843, 46.6851], [-96.7903, 46.6903], [-96.7861, 46.6915], [-96.7876, 46.7009], [-96.7844, 46.7009], [-96.7912, 46.7037], [-96.7838, 46.706], [-96.7892, 46.7099], [-96.7836, 46.7114], [-96.7875, 46.714], [-96.7821, 46.7165], [-96.7911, 46.7178], [-96.7798, 46.7233], [-96.7818, 46.7247], [-96.7793, 46.7274], [-96.7796, 46.73], [-96.7841, 46.7301], [-96.7843, 46.733], [-96.7808, 46.7338], [-96.7831, 46.7365], [-96.781, 46.742], [-96.7861, 46.7442], [-96.7819, 46.7444], [-96.7866, 46.7484], [-96.7839, 46.7497], [-96.787, 46.7522], [-96.7843, 46.755], [-96.7894, 46.7575], [-96.7829, 46.7567], [-96.7859, 46.7613], [-96.7778, 46.7616], [-96.7895, 46.766], [-96.7757, 46.766], [-96.7884, 46.7703], [-96.7901, 46.7744], [-96.7843, 46.7743], [-96.7838, 46.7782], [-96.7967, 46.7775], [-96.7876, 46.7862], [-96.7893, 46.7892], [-96.7962, 46.7899], [-96.7949, 46.7958], [-96.8019, 46.797], [-96.796, 46.8003], [-96.7961, 46.8033], [-96.8031, 46.8051], [-96.7958, 46.8078], [-96.8025, 46.8115], [-96.8002, 46.8197], [-96.7926, 46.8233], [-96.7916, 46.8279], [-96.7803, 46.8258], [-96.7939, 46.8331], [-96.7851, 46.8331], [-96.7828, 46.8371], [-96.7872, 46.8411], [-96.7754, 46.8389], [-96.7817, 46.8457], [-96.7735, 46.8517], [-96.7814, 46.8512], [-96.7855, 46.8549], [-96.7761, 46.8545], [-96.784, 46.8617], [-96.7803, 46.8687], [-96.782, 46.8708], [-96.7762, 46.8739], [-96.7814, 46.8794], [-96.7724, 46.8812], [-96.7713, 46.8775], [-96.7685, 46.8796], [-96.7681, 46.8848], [-96.7736, 46.8848], [-96.7747, 46.8889], [-96.7702, 46.8937], [-96.7766, 46.8957], [-96.7751, 46.8995], [-96.7707, 46.9003], [-96.7736, 46.9036], [-96.7705, 46.9068], [-96.7657, 46.9051], [-96.7625, 46.9181], [-96.7534, 46.9147], [-96.7633, 46.9234], [-96.7533, 46.9246], [-96.7653, 46.9276], [-96.7569, 46.9285], [-96.7633, 46.9351], [-96.7838, 46.9247], [-96.786, 46.9302], [-96.7918, 46.9285], [-96.7901, 46.9377], [-96.7927, 46.9468], [-96.7981, 46.9446], [-96.8047, 46.9475], [-96.7986, 46.9512], [-96.8035, 46.9584], [-96.795, 46.9654], [-96.8007, 46.9683], [-96.802, 46.9641], [-96.8065, 46.9676], [-96.8098, 46.9639], [-96.8219, 46.9694], [-96.8199, 46.9774], [-96.8226, 46.9859], [-96.8262, 46.9875], [-96.8225, 46.9901], [-96.8245, 46.9962], [-96.8194, 46.9977], [-96.8232, 47.0], [-96.8213, 47.0036], [-96.828, 47.0019], [-96.8298, 47.0054], [-96.8395, 47.0067], [-96.8335, 47.0101], [-96.8323, 47.0152], [-96.8347, 47.017], [-96.8295, 47.0215], [-96.8153, 47.0239], [-96.8192, 47.0294], [-96.8273, 47.0313], [-96.8163, 47.0338], [-96.8127, 47.0383], [-96.8156, 47.0398], [-96.8215, 47.0358], [-96.8186, 47.0476], [-96.8275, 47.0456], [-96.8176, 47.0516], [-96.8247, 47.0553], [-96.8222, 47.0595], [-96.8304, 47.0608], [-96.8199, 47.0623], [-96.8241, 47.0707], [-96.821, 47.0742], [-96.8293, 47.0746], [-96.8157, 47.0799], [-96.8204, 47.083], [-96.816, 47.0885], [-96.8263, 47.0887], [-96.8173, 47.0921], [-96.8173, 47.0981], [-96.8211, 47.1], [-96.8159, 47.1041], [-96.8168, 47.1091], [-96.8227, 47.1096], [-96.8206, 47.1137], [-96.8233, 47.1175], [-96.8376, 47.122], [-96.8254, 47.1234], [-96.82, 47.1309], [-96.8307, 47.1297], [-96.8263, 47.1349], [-96.8346, 47.1441], [-96.8286, 47.1464], [-96.8398, 47.1505], [-96.1947, 47.1511]]]}}, {"type": "Feature", "properties": {"code": "27017", "name": "Carlton", "state": "MN"}, "geometry": {"type": "Polygon", "coordinates": [[[-93.0615, 46.7666], [-92.8082, 46.766], [-92.6592, 46.7691], [-92.3017, 46.7641], [-92.3013, 46.6669], [-92.2922, 46.6639], [-92.2929, 46.4172], [-93.0548, 46.4193], [-93.0548, 46.5932], [-93.0627, 46.5933], [-93.0647, 46.6801], [-93.0615, 46.7666]]]}}, {"type": "Feature", "properties": {"code": "27119", "name": "Polk", "state": "MN"}, "geometry": {"type": "Polygon", "coordinates": [[[-96.5008, 48.1741], [-96.5009, 48.0217], [-96.4826, 48.0217], [-96.4821, 47.8474], [-96.3527, 47.8473], [-96.3517, 47.7603], [-95.8372, 47.7609], [-95.8368, 47.8482], [-95.7091, 47.8486], [-95.7096, 47.9358], [-95.5822, 47.934], [-95.5788, 47.6737], [-95.5534, 47.6736], [-95.5542, 47.4999], [-96.8491, 47.499], [-96.853, 47.5009], [-96.8531, 47.5068], [-96.8423, 47.5086], [-96.8524, 47.5099], [-96.8532, 47.5127], [-96.842, 47.5152], [-96.8614, 47.5159], [-96.871, 47.5279], [-96.8605, 47.5295], [-96.8538, 47.536], [-96.8632, 47.5406], [-96.8557, 47.5422], [-96.8485, 47.5372], [-96.8454, 47.5396], [-96.8605, 47.5465], [-96.8499, 47.5525], [-96.8617, 47.5595], [-96.8539, 47.5605], [-96.8475, 47.5662], [-96.8625, 47.5625], [-96.8684, 47.5658], [-96.8664, 47.5694], [-96.8517, 47.5685], [-96.8599, 47.5741], [-96.8533, 47.5795], [-96.8499, 47.5909], [-96.8589, 47.5951], [-96.8511, 47.5979], [-96.8569, 47.6023], [-96.8554, 47.6088], [-96.8692, 47.6149], [-96.8737, 47.6137], [-96.8709, 47.618], [-96.8794, 47.619], [-96.8759, 47.6226], [-96.8806, 47.6256], [-96.8744, 47.6278], [-96.8815, 47.63], [-96.8886, 47.6385], [-96.8829, 47.6417], [-96.8824, 47.649], [-96.887, 47.653], [-96.8856, 47.6634], [-96.8896, 47.6686], [-96.8851, 47.6738], [-96.8967, 47.6748], [-96.8994, 47.6895], [-96.9017, 47.6916], [-96.9099, 47.6895], [-96.9073, 47.694], [-96.9128, 47.7017], [-96.9205, 47.6996], [-96.9119, 47.7067], [-96.9201, 47.7104], [-96.9199, 47.717], [-96.9309, 47.7154], [-96.9186, 47.7239], [-96.924, 47.7261], [-96.9328, 47.7371], [-96.9285, 47.7449], [-96.9291, 47.7503], [-96.9398, 47.7553], [-96.9288, 47.7557], [-96.9379, 47.7602], [-96.9352, 47.7675], [-96.9468, 47.7751], [-96.9557, 47.7747], [-96.9527, 47.7798], [-96.9588, 47.7803], [-96.9583, 47.7857], [-96.9653, 47.7835], [-96.9572, 47.791], [-96.9671, 47.7999], [-96.9766, 47.798], [-96.9762, 47.8015], [-96.9721, 47.8026], [-96.991, 47.8077], [-96.9789, 47.8099], [-96.9801, 47.8224], [-96.9742, 47.823], [-96.9871, 47.8256], [-96.9817, 47.8304], [-96.9867, 47.8376], [-96.9942, 47.8388], [-96.9932, 47.8429], [-96.9983, 47.8417], [-96.994, 47.846], [-96.9975, 47.85], [-96.9981, 47.8589], [-97.0056, 47.864], [-97.0025, 47.8687], [-97.0232, 47.874], [-97.018, 47.8785], [-97.0254, 47.8843], [-97.019, 47.8911], [-97.025, 47.895], [-97.0202, 47.9005], [-97.025, 47.9082], [-97.0151, 47.9072], [-97.0173, 47.9131], [-97.0238, 47.9159], [-97.0178, 47.9198], [-97.0358, 47.9302], [-97.0361, 47.9394], [-97.0546, 47.9463], [-97.0525, 47.9572], [-97.0619, 47.9645], [-97.0572, 47.9705], [-97.0592, 47.9754], [-97.0531, 47.9903], [-97.0643, 47.9985], [-97.0668, 48.0096], [-97.0633, 48.015], [-97.0722, 48.0191], [-97.0687, 48.0277], [-97.0723, 48.0481], [-97.087, 48.0582], [-97.0978, 48.0711], [-97.1045, 48.0724], [-97.0998, 48.0859], [-97.1099, 48.0914], [-97.1022, 48.0967], [-97.1084, 48.0998], [-97.1115, 48.1059], [-97.1232, 48.1066], [-97.1207, 48.115], [-97.1335, 48.1371], [-97.1249, 48.1362], [-97.1237, 48.1403], [-97.1379, 48.1432], [-97.1461, 48.1416], [-97.1403, 48.1509], [-97.121, 48.1591], [-97.1274, 48.1627], [-97.1419, 48.1602], [-97.1464, 48.1732], [-96.5008, 48.1741]]]}}, {"type": "Feature", "properties": {"code": "29143", "name": "New Madrid", "state": "MO"}, "geometry": {"type": "Polygon", "coordinates": [[[-89.9635, 36.4124], [-89.9661, 36.4158], [-89.9624, 36.4423], [-89.9573, 36.4555], [-89.9608, 36.4668], [-89.9566, 36.4806], [-89.9608, 36.5001], [-89.9605, 36.5275], [-89.9539, 36.5456], [-89.9579, 36.5883], [-89.9632, 36.6012], [-89.9633, 36.6255], [-89.9588, 36.6293], [-89.701, 36.6275], [-89.7027, 36.7391], [-89.7001, 36.7429], [-89.7048, 36.8593], [-89.606, 36.8617], [-89.6037, 36.8622], [-89.6046, 36.8662], [-89.5676, 36.8709], [-89.5198, 36.8696], [-89.5197, 36.8479], [-89.5021, 36.8479], [-89.502, 36.8328], [-89.4834, 36.8328], [-89.4832, 36.8178], [-89.4721, 36.8178], [-89.4726, 36.8033], [-89.4636, 36.8033], [-89.4632, 36.7889], [-89.4456, 36.7893], [-89.4459, 36.7676], [-89.4369, 36.7679], [-89.4369, 36.7605], [-89.4281, 36.7607], [-89.4279, 36.7465], [-89.4188, 36.7467], [-89.4188, 36.7394], [-89.4014, 36.7308], [-89.4006, 36.7175], [-89.3917, 36.7174], [-89.3915, 36.7029], [-89.3737, 36.7029], [-89.3732, 36.6882], [-89.3641, 36.6882], [-89.3643, 36.674], [-89.3549, 36.6737], [-89.3551, 36.6667], [-89.3462, 36.6668], [-89.346, 36.6518], [-89.337, 36.6521], [-89.337, 36.6449], [-89.3275, 36.645], [-89.3276, 36.6322], [-89.3565, 36.6284], [-89.3655, 36.6251], [-89.3755, 36.6157], [-89.3828, 36.5836], [-89.3959, 36.5596], [-89.3987, 36.5423], [-89.4198, 36.4939], [-89.4368, 36.4744], [-89.4604, 36.4581], [-89.4717, 36.457], [-89.4862, 36.4616], [-89.4941, 36.4732], [-89.4867, 36.495], [-89.4725, 36.5137], [-89.4659, 36.5299], [-89.4678, 36.5468], [-89.4791, 36.5682], [-89.5001, 36.5763], [-89.5276, 36.5811], [-89.5425, 36.5806], [-89.5526, 36.5772], [-89.5668, 36.5642], [-89.5712, 36.5473], [-89.5603, 36.5254], [-89.5195, 36.4754], [-89.5234, 36.4566], [-89.5434, 36.4388], [-89.5455, 36.4307], [-89.5423, 36.4201], [-89.514, 36.3849], [-89.5096, 36.3751], [-89.519, 36.3486], [-89.5318, 36.3392], [-89.545, 36.3368], [-89.5451, 36.36], [-89.5542, 36.36], [-89.5539, 36.3672], [-89.5632, 36.367], [-89.5633, 36.3696], [-89.5837, 36.383], [-89.5923, 36.4038], [-89.611, 36.4112], [-89.6397, 36.4008], [-89.6708, 36.4], [-89.6874, 36.4064], [-89.6958, 36.4164], [-89.7255, 36.4272], [-89.7349, 36.4272], [-89.7436, 36.422], [-89.7458, 36.4043], [-89.7548, 36.4012], [-89.7491, 36.397], [-89.7521, 36.3864], [-89.7556, 36.3848], [-89.7662, 36.3899], [-89.7682, 36.386], [-89.9134, 36.3865], [-89.9725, 36.3896], [-89.9635, 36.4124]]]}}, {"type": "Feature", "properties": {"code": "29095", "name": "Jackson", "state": "MO"}, "geometry": {"type": "Polygon", "coordinates": [[[-94.6074, 39.1134], [-94.5957, 39.11], [-94.555, 39.1274], [-94.5341, 39.1459], [-94.5064, 39.1509], [-94.4954, 39.1504], [-94.4846, 39.1455], [-94.4616, 39.1204], [-94.4304, 39.138], [-94.4023, 39.1648], [-94.3999, 39.1748], [-94.409, 39.1921], [-94.4072, 39.1953], [-94.4013, 39.197], [-94.3897, 39.1935], [-94.3785, 39.1704], [-94.3694, 39.1637], [-94.3636, 39.1637], [-94.3377, 39.1807], [-94.3223, 39.1986], [-94.314, 39.2213], [-94.3046, 39.2314], [-94.2951, 39.2355], [-94.25, 39.2348], [-94.2384, 39.2282], [-94.2296, 39.2154], [-94.2125, 39.2071], [-94.2049, 39.2065], [-94.1847, 39.2143], [-94.1735, 39.2138], [-94.1694, 39.2106], [-94.1702, 39.2045], [-94.1857, 39.188], [-94.1858, 39.181], [-94.1337, 39.1712], [-94.1048, 39.1435], [-94.1188, 38.8332], [-94.2876, 38.8351], [-94.608, 38.8472], [-94.6074, 39.1134]]]}}, {"type": "Feature", "properties": {"code": "29183", "name": "St. Charles", "state": "MO"}, "geometry": {"type": "Polygon", "coordinates": [[[-90.9622, 38.7742], [-90.9564, 38.8942], [-90.9497, 38.8949], [-90.9402, 38.8865], [-90.9373, 38.8881], [-90.9332, 38.8851], [-90.9078, 38.8909], [-90.9012, 38.8893], [-90.9005, 38.886], [-90.8712, 38.8887], [-90.8629, 38.8873], [-90.8604, 38.8819], [-90.8558, 38.8847], [-90.8502, 38.8801], [-90.8513, 38.8836], [-90.8447, 38.884], [-90.8354, 38.88], [-90.8366, 38.8841], [-90.8311, 38.8782], [-90.8178, 38.876], [-90.8062, 38.879], [-90.8102, 38.8856], [-90.8083, 38.8996], [-90.7992, 38.9014], [-90.7975, 38.9051], [-90.8044, 38.9111], [-90.7913, 38.9179], [-90.782, 38.9186], [-90.7764, 38.923], [-90.7567, 38.9198], [-90.743, 38.9304], [-90.7288, 38.9311], [-90.7241, 38.9244], [-90.7346, 38.9197], [-90.7357, 38.9162], [-90.7246, 38.9152], [-90.7239, 38.9087], [-90.7142, 38.9099], [-90.7081, 38.9026], [-90.6993, 38.9079], [-90.7062, 38.9135], [-90.7157, 38.9123], [-90.7175, 38.9154], [-90.7143, 38.9182], [-90.7038, 38.9212], [-90.6972, 38.9161], [-90.6846, 38.9156], [-90.6896, 38.9236], [-90.6975, 38.9282], [-90.6966, 38.9328], [-90.6634, 38.9342], [-90.6635, 38.9274], [-90.6359, 38.9039], [-90.6251, 38.8887], [-90.5834, 38.869], [-90.5666, 38.8688], [-90.544, 38.8751], [-90.517, 38.8988], [-90.5075, 38.9028], [-90.487, 38.926], [-90.4827, 38.9347], [-90.4824, 38.9445], [-90.4721, 38.9588], [-90.4508, 38.9678], [-90.4401, 38.9674], [-90.3958, 38.96], [-90.3095, 38.9241], [-90.2775, 38.9237], [-90.2502, 38.9193], [-90.223, 38.9074], [-90.1976, 38.8876], [-90.1664, 38.8763], [-90.1133, 38.8493], [-90.1094, 38.8435], [-90.1177, 38.8057], [-90.1268, 38.8213], [-90.1416, 38.8294], [-90.1551, 38.8297], [-90.1776, 38.8189], [-90.1889, 38.8185], [-90.2561, 38.8521], [-90.2937, 38.8855], [-90.3142, 38.8911], [-90.3245, 38.8903], [-90.3364, 38.8826], [-90.3426, 38.8665], [-90.345, 38.8494], [-90.3622, 38.8279], [-90.3823, 38.8219], [-90.431, 38.8298], [-90.4406, 38.8277], [-90.4481, 38.8221], [-90.4732, 38.791], [-90.4852, 38.7592], [-90.4958, 38.7483], [-90.5319, 38.7303], [-90.5304, 38.6986], [-90.5393, 38.6868], [-90.5547, 38.6816], [-90.57, 38.6841], [-90.5886, 38.6805], [-90.6039, 38.682], [-90.6238, 38.6903], [-90.6605, 38.6886], [-90.6745, 38.6822], [-90.6793, 38.6656], [-90.703, 38.6575], [-90.7058, 38.6473], [-90.7424, 38.6346], [-90.7507, 38.6251], [-90.7564, 38.6107], [-90.7736, 38.5946], [-90.813, 38.5856], [-90.8419, 38.566], [-90.9109, 38.5359], [-90.9329, 38.535], [-90.9645, 38.5475], [-90.9622, 38.7742]]]}}, {"type": "Feature", "properties": {"code": "29197", "name": "Schuyler", "state": "MO"}, "geometry": {"type": "Polygon", "coordinates": [[[-92.7146, 40.5896], [-92.3508, 40.5973], [-92.35, 40.3465], [-92.6842, 40.3435], [-92.6807, 40.3464], [-92.6858, 40.3511], [-92.686, 40.3583], [-92.682, 40.361], [-92.6872, 40.3742], [-92.6827, 40.376], [-92.6876, 40.3812], [-92.6852, 40.3826], [-92.686, 40.3943], [-92.6759, 40.3954], [-92.6721, 40.3915], [-92.6662, 40.3977], [-92.6797, 40.4038], [-92.6793, 40.4069], [-92.676, 40.4074], [-92.674, 40.4032], [-92.6732, 40.4077], [-92.6646, 40.4094], [-92.6709, 40.41], [-92.6786, 40.4184], [-92.6901, 40.4209], [-92.7009, 40.4287], [-92.6945, 40.4357], [-92.7013, 40.4366], [-92.7101, 40.444], [-92.7014, 40.4494], [-92.7041, 40.4493], [-92.7032, 40.4535], [-92.7093, 40.46], [-92.6994, 40.4639], [-92.7023, 40.466], [-92.6983, 40.4692], [-92.704, 40.4684], [-92.7011, 40.4729], [-92.7046, 40.4742], [-92.7044, 40.4768], [-92.7014, 40.4765], [-92.7012, 40.484], [-92.6981, 40.4794], [-92.6961, 40.4872], [-92.6906, 40.4887], [-92.6851, 40.4853], [-92.6853, 40.4894], [-92.676, 40.4995], [-92.6823, 40.4994], [-92.68, 40.5021], [-92.6862, 40.503], [-92.6832, 40.5115], [-92.6856, 40.5107], [-92.6846, 40.5152], [-92.6883, 40.5169], [-92.6809, 40.5189], [-92.6779, 40.516], [-92.6708, 40.5195], [-92.6751, 40.5235], [-92.6815, 40.522], [-92.6994, 40.5279], [-92.6981, 40.5313], [-92.7076, 40.535], [-92.7016, 40.5351], [-92.7037, 40.5376], [-92.7009, 40.5376], [-92.6924, 40.5503], [-92.6844, 40.5485], [-92.683, 40.5603], [-92.6911, 40.5647], [-92.6953, 40.5606], [-92.7054, 40.5581], [-92.7175, 40.5583], [-92.7165, 40.5619], [-92.7193, 40.5636], [-92.7098, 40.5629], [-92.6922, 40.5675], [-92.6901, 40.5754], [-92.6945, 40.5683], [-92.6957, 40.5714], [-92.7021, 40.571], [-92.7022, 40.581], [-92.7212, 40.584], [-92.7146, 40.5896]]]}}, {"type": "Feature", "properties": {"code": "29023", "name": "Butler", "state": "MO"}, "geometry": {"type": "Polygon", "coordinates": [[[-90.3527, 36.9267], [-90.2586, 36.922], [-90.2575, 36.912], [-90.2485, 36.9108], [-90.2598, 36.9076], [-90.2548, 36.9065], [-90.2533, 36.8991], [-90.2474, 36.8962], [-90.2497, 36.8922], [-90.2452, 36.8926], [-90.252, 36.8877], [-90.253, 36.8819], [-90.2481, 36.8784], [-90.2532, 36.8766], [-90.2567, 36.8797], [-90.2541, 36.8712], [-90.2398, 36.8644], [-90.2409, 36.8594], [-90.2382, 36.8629], [-90.2351, 36.8578], [-90.2305, 36.8587], [-90.2289, 36.8563], [-90.2318, 36.8535], [-90.225, 36.8545], [-90.2298, 36.8501], [-90.2248, 36.8467], [-90.2223, 36.8505], [-90.2211, 36.8457], [-90.2163, 36.8428], [-90.219, 36.8386], [-90.2224, 36.8387], [-90.2244, 36.8324], [-90.2175, 36.8265], [-90.2218, 36.8203], [-90.2176, 36.8182], [-90.2123, 36.8207], [-90.2103, 36.8176], [-90.2163, 36.8146], [-90.2081, 36.8135], [-90.2091, 36.8086], [-90.2028, 36.8088], [-90.1979, 36.8041], [-90.2037, 36.8034], [-90.1976, 36.7927], [-90.2026, 36.7936], [-90.1997, 36.787], [-90.2035, 36.7864], [-90.201, 36.7772], [-90.2062, 36.7739], [-90.1986, 36.7733], [-90.1964, 36.7695], [-90.1894, 36.772], [-90.1906, 36.7633], [-90.1829, 36.7593], [-90.1874, 36.7558], [-90.1753, 36.752], [-90.1766, 36.7482], [-90.1725, 36.7475], [-90.1778, 36.7457], [-90.177, 36.7422], [-90.1681, 36.7423], [-90.1691, 36.7356], [-90.1625, 36.7342], [-90.165, 36.7319], [-90.1613, 36.7258], [-90.1645, 36.7249], [-90.158, 36.723], [-90.156, 36.716], [-90.1516, 36.7163], [-90.1531, 36.7093], [-90.1484, 36.7106], [-90.1535, 36.7027], [-90.1458, 36.6989], [-90.1463, 36.6952], [-90.1434, 36.6989], [-90.1398, 36.6961], [-90.1405, 36.6933], [-90.1468, 36.6937], [-90.1399, 36.6869], [-90.1492, 36.6842], [-90.1421, 36.6805], [-90.1491, 36.6792], [-90.1444, 36.6734], [-90.1493, 36.672], [-90.1404, 36.6709], [-90.1429, 36.6665], [-90.1368, 36.6674], [-90.1345, 36.6625], [-90.1373, 36.6592], [-90.147, 36.6575], [-90.1431, 36.6521], [-90.1448, 36.6495], [-90.1397, 36.6483], [-90.1388, 36.6424], [-90.1494, 36.6407], [-90.1423, 36.6382], [-90.1441, 36.6338], [-90.1496, 36.6335], [-90.1466, 36.6296], [-90.1555, 36.6298], [-90.1531, 36.6265], [-90.1489, 36.6279], [-90.1476, 36.6235], [-90.1516, 36.6218], [-90.157, 36.6264], [-90.1547, 36.6197], [-90.1612, 36.6215], [-90.156, 36.6172], [-90.1588, 36.6142], [-90.1619, 36.6144], [-90.1635, 36.6192], [-90.1686, 36.615], [-90.1629, 36.6042], [-90.1686, 36.6054], [-90.1759, 36.6007], [-90.1735, 36.6052], [-90.1763, 36.6052], [-90.1772, 36.6002], [-90.1737, 36.5933], [-90.1817, 36.5967], [-90.1842, 36.5903], [-90.1811, 36.5881], [-90.187, 36.5876], [-90.1851, 36.5822], [-90.1808, 36.5821], [-90.1876, 36.5788], [-90.1826, 36.5761], [-90.1851, 36.5734], [-90.1807, 36.5695], [-90.1842, 36.5658], [-90.1828, 36.5604], [-90.1885, 36.5546], [-90.1857, 36.5485], [-90.1921, 36.5439], [-90.1937, 36.5471], [-90.1913, 36.5497], [-90.1982, 36.5485], [-90.2001, 36.5413], [-90.2042, 36.5409], [-90.2053, 36.5451], [-90.21, 36.542], [-90.2116, 36.5344], [-90.2052, 36.5303], [-90.2153, 36.5297], [-90.2167, 36.5259], [-90.2136, 36.5229], [-90.2199, 36.522], [-90.2166, 36.5157], [-90.2208, 36.5078], [-90.2168, 36.5077], [-90.2191, 36.5049], [-90.2177, 36.4978], [-90.5762, 36.4984], [-90.5748, 36.5919], [-90.593, 36.5924], [-90.5922, 36.6794], [-90.6284, 36.6795], [-90.6275, 36.811], [-90.6626, 36.8115], [-90.6612, 36.8829], [-90.6797, 36.8831], [-90.6786, 36.9265], [-90.3527, 36.9267]]]}}, {"type": "Feature", "properties": {"code": "29157", "name": "Perry", "state": "MO"}, "geometry": {"type": "Polygon", "coordinates": [[[-90.1468, 37.6417], [-90.1105, 37.6713], [-89.9999, 37.8215], [-89.9382, 37.8751], [-89.9232, 37.8707], [-89.9018, 37.8698], [-89.8815, 37.8796], [-89.8629, 37.8969], [-89.8448, 37.9056], [-89.7993, 37.8815], [-89.7977, 37.8742], [-89.8004, 37.8686], [-89.7961, 37.8595], [-89.7864, 37.8517], [-89.782, 37.8551], [-89.7541, 37.8464], [-89.7399, 37.8469], [-89.7175, 37.8257], [-89.6696, 37.7999], [-89.6604, 37.7863], [-89.6612, 37.7757], [-89.668, 37.7595], [-89.6634, 37.7501], [-89.6495, 37.7455], [-89.6173, 37.7497], [-89.6156, 37.7424], [-89.5966, 37.7329], [-89.5833, 37.7133], [-89.5314, 37.7003], [-89.5167, 37.6928], [-89.512, 37.681], [-89.5161, 37.668], [-89.5177, 37.6412], [-89.5066, 37.6251], [-89.4784, 37.5989], [-89.476, 37.5902], [-89.4775, 37.5859], [-89.4861, 37.5809], [-89.5165, 37.5845], [-89.5208, 37.5812], [-89.5217, 37.5662], [-89.5281, 37.564], [-89.5386, 37.5743], [-89.5413, 37.5718], [-89.5384, 37.5695], [-89.5434, 37.567], [-89.5554, 37.5768], [-89.5815, 37.571], [-89.585, 37.5742], [-89.5822, 37.577], [-89.5835, 37.5819], [-89.5927, 37.5751], [-89.5965, 37.579], [-89.5928, 37.583], [-89.6036, 37.5921], [-89.6024, 37.603], [-89.6065, 37.6035], [-89.6089, 37.5974], [-89.6165, 37.5926], [-89.6243, 37.5937], [-89.6262, 37.5881], [-89.6345, 37.5906], [-89.6362, 37.5869], [-89.6394, 37.587], [-89.6416, 37.5922], [-89.6377, 37.5977], [-89.6387, 37.6035], [-89.6475, 37.5977], [-89.665, 37.5984], [-89.6644, 37.5907], [-89.6722, 37.5834], [-89.6757, 37.5916], [-89.6777, 37.5845], [-89.6811, 37.5846], [-89.6863, 37.5884], [-89.6841, 37.5935], [-89.687, 37.5956], [-89.6976, 37.5942], [-89.7096, 37.5993], [-89.7148, 37.5968], [-89.7146, 37.5902], [-89.7193, 37.5879], [-89.7221, 37.5954], [-89.735, 37.6016], [-89.7407, 37.5992], [-89.7371, 37.5906], [-89.7561, 37.5923], [-89.7607, 37.5878], [-89.7655, 37.5916], [-89.7821, 37.5918], [-89.7863, 37.5987], [-89.7918, 37.5925], [-89.801, 37.5925], [-89.7975, 37.6004], [-89.7995, 37.6063], [-89.8023, 37.6027], [-89.8166, 37.5999], [-90.1468, 37.5974], [-90.1468, 37.6417]]]}}, {"type": "Feature", "properties": {"code": "17047", "name": "Edwards", "state": "IL"}, "geometry": {"type": "Polygon", "coordinates": [[[-88.1478, 38.569], [-87.9547, 38.5702], [-87.9587, 38.561], [-87.9524, 38.5548], [-87.9546, 38.5533], [-87.9504, 38.5472], [-87.9529, 38.5433], [-87.9437, 38.541], [-87.9372, 38.5281], [-87.9418, 38.5282], [-87.9534, 38.519], [-87.955, 38.515], [-87.9482, 38.5141], [-87.9531, 38.5109], [-87.9483, 38.5051], [-87.9541, 38.5036], [-87.9532, 38.5004], [-87.9568, 38.4971], [-87.9533, 38.4927], [-87.9561, 38.4902], [-87.949, 38.4857], [-87.9529, 38.4843], [-87.9529, 38.4797], [-87.948, 38.4787], [-87.9483, 38.4711], [-87.945, 38.4726], [-87.9477, 38.4687], [-87.9441, 38.4677], [-87.9482, 38.4635], [-87.9418, 38.4622], [-87.9474, 38.4582], [-87.9431, 38.4566], [-87.9485, 38.4533], [-87.9429, 38.4496], [-87.9468, 38.4487], [-87.9446, 38.4458], [-87.9485, 38.4459], [-87.9453, 38.442], [-87.9493, 38.4416], [-87.9475, 38.4386], [-87.9526, 38.4323], [-87.9475, 38.4294], [-87.9556, 38.4248], [-87.9506, 38.4226], [-87.9522, 38.4181], [-87.9604, 38.4193], [-87.9666, 38.4107], [-87.9702, 38.4106], [-87.9704, 38.4022], [-87.9757, 38.4011], [-87.9722, 38.3951], [-87.9656, 38.3951], [-87.965, 38.3911], [-87.9731, 38.3894], [-87.9772, 38.3778], [-87.9673, 38.3536], [-87.9579, 38.348], [-87.9544, 38.3397], [-87.958, 38.3196], [-87.9562, 38.3173], [-87.9468, 38.3178], [-87.9489, 38.3172], [-87.9463, 38.3154], [-87.9485, 38.3125], [-87.9466, 38.3087], [-87.9569, 38.3064], [-87.9529, 38.3026], [-87.9571, 38.2999], [-87.9511, 38.2909], [-87.9607, 38.2912], [-87.9667, 38.2844], [-87.9779, 38.282], [-87.9754, 38.2779], [-87.9777, 38.2766], [-87.973, 38.2748], [-87.979, 38.2738], [-87.9792, 38.2709], [-87.9888, 38.2736], [-87.9889, 38.2691], [-87.9913, 38.2702], [-87.9906, 38.2596], [-88.0277, 38.2599], [-88.0277, 38.2557], [-88.1509, 38.2562], [-88.1478, 38.569]]]}}, {"type": "Feature", "properties": {"code": "19105", "name": "Jones", "state": "IA"}, "geometry": {"type": "Polygon", "coordinates": [[[-91.3633, 42.2964], [-90.898, 42.2952], [-90.8985, 41.9462], [-91.3659, 41.9474], [-91.3633, 42.2964]]]}}, {"type": "Feature", "properties": {"code": "19077", "name": "Guthrie", "state": "IA"}, "geometry": {"type": "Polygon", "coordinates": [[[-94.2803, 41.863], [-94.2801, 41.6013], [-94.2414, 41.601], [-94.2416, 41.5037], [-94.7006, 41.5041], [-94.7007, 41.6022], [-94.7442, 41.6022], [-94.7449, 41.8624], [-94.2803, 41.863]]]}}, {"type": "Feature", "properties": {"code": "55003", "name": "Ashland", "state": "WI"}, "geometry": {"type": "MultiPolygon", "coordinates": [[[[-90.4575, 47.0128], [-90.4564, 47.0453], [-90.4483, 47.0653], [-90.436, 47.0736], [-90.4172, 47.0769], [-90.4076, 47.0735], [-90.3951, 47.077], [-90.3949, 47.059], [-90.4075, 47.0379], [-90.4041, 47.0247], [-90.4104, 47.0169], [-90.4212, 47.0129], [-90.4315, 47.0019], [-90.4417, 46.9986], [-90.4652, 46.9976], [-90.4653, 47.0028], [-90.4575, 47.0128]]], [[[-90.497, 46.886], [-90.4585, 46.8973], [-90.4513, 46.8989], [-90.4489, 46.8965], [-90.4655, 46.883], [-90.473, 46.8814], [-90.4756, 46.8751], [-90.4992, 46.8714], [-90.5143, 46.8743], [-90.5145, 46.8775], [-90.497, 46.886]]], [[[-90.5698, 47.0388], [-90.5622, 47.0399], [-90.5663, 47.031], [-90.5449, 47.0174], [-90.5465, 47.0053], [-90.5587, 46.9962], [-90.5633, 46.9966], [-90.5698, 47.0271], [-90.5751, 47.0293], [-90.5755, 47.0339], [-90.5698, 47.0388]]], [[[-90.5896, 47.0724], [-90.5865, 47.0757], [-90.5829, 47.0691], [-90.5847, 47.0626], [-90.5894, 47.0589], [-90.5896, 47.0724]]], [[[-90.6182, 47.008], [-90.606, 47.007], [-90.6026, 47.0025], [-90.6032, 46.9954], [-90.6174, 46.9894], [-90.6272, 47.0026], [-90.6182, 47.008]]], [[[-90.645, 47.0402], [-90.6371, 47.0364], [-90.6412, 47.0256], [-90.6514, 47.0301], [-90.645, 47.0402]]], [[[-90.6371, 46.9419], [-90.6179, 46.9446], [-90.6012, 46.9525], [-90.5765, 46.9585], [-90.558, 46.9597], [-90.5288, 46.9685], [-90.5086, 46.9577], [-90.5233, 46.9439], [-90.525, 46.9339], [-90.5455, 46.9316], [-90.5477, 46.9241], [-90.5397, 46.9102], [-90.5502, 46.908], [-90.5498, 46.9166], [-90.559, 46.9232], [-90.5685, 46.9251], [-90.5857, 46.9162], [-90.5959, 46.9157], [-90.6071, 46.9212], [-90.6176, 46.911], [-90.6391, 46.9065], [-90.6507, 46.9142], [-90.6543, 46.9223], [-90.6371, 46.9419]]], [[[-90.6549, 46.9769], [-90.643, 46.981], [-90.6341, 46.9796], [-90.6341, 46.971], [-90.6612, 46.9532], [-90.6716, 46.949], [-90.6784, 46.9564], [-90.6549, 46.9769]]], [[[-90.6887, 47.0432], [-90.6716, 47.0444], [-90.6594, 47.0487], [-90.6571, 47.0529], [-90.6487, 47.0531], [-90.6601, 47.0444], [-90.6705, 47.0411], [-90.6803, 47.0189], [-90.6928, 47.0234], [-90.6887, 47.0432]]], [[[-90.6779, 46.8959], [-90.6674, 46.8914], [-90.6732, 46.8833], [-90.6897, 46.879], [-90.6968, 46.8798], [-90.7027, 46.887], [-90.6779, 46.8959]]], [[[-90.7055, 47.0007], [-90.6966, 47.0085], [-90.6805, 47.0073], [-90.6692, 47.0001], [-90.6948, 46.9829], [-90.7073, 46.9829], [-90.7118, 46.9876], [-90.7055, 47.0007]]], [[[-90.724, 47.0779], [-90.7208, 47.0733], [-90.722, 47.0632], [-90.7267, 47.0621], [-90.73, 47.0656], [-90.7309, 47.08], [-90.724, 47.0779]]], [[[-90.7578, 46.8504], [-90.7405, 46.8701], [-90.7302, 46.8735], [-90.7205, 46.8657], [-90.7328, 46.8476], [-90.744, 46.8376], [-90.7599, 46.8309], [-90.7632, 46.8333], [-90.7578, 46.8504]]], [[[-90.7405, 46.9642], [-90.7342, 46.9598], [-90.7156, 46.9584], [-90.7055, 46.9445], [-90.6945, 46.9367], [-90.689, 46.9175], [-90.7367, 46.9134], [-90.7485, 46.9273], [-90.7542, 46.9299], [-90.7553, 46.937], [-90.7653, 46.947], [-90.7405, 46.9642]]], [[[-90.7589, 47.0347], [-90.7407, 47.0179], [-90.7402, 47.01], [-90.7506, 47.0004], [-90.7659, 47.0021], [-90.7708, 47.005], [-90.7749, 47.0245], [-90.7589, 47.0347]]], [[[-90.7524, 46.7981], [-90.733, 46.8002], [-90.7285, 46.8044], [-90.7278, 46.8104], [-90.7209, 46.8159], [-90.6569, 46.8435], [-90.634, 46.8644], [-90.6165, 46.8745], [-90.6026, 46.8727], [-90.5874, 46.8581], [-90.5689, 46.8473], [-90.5845, 46.8398], [-90.6138, 46.8379], [-90.6738, 46.8197], [-90.6768, 46.8126], [-90.6753, 46.8054], [-90.67, 46.7995], [-90.6529, 46.7978], [-90.6522, 46.7945], [-90.6572, 46.7888], [-90.6965, 46.782], [-90.7165, 46.7854], [-90.7394, 46.768], [-90.7486, 46.7659], [-90.7636, 46.7549], [-90.7879, 46.7528], [-90.7893, 46.759], [-90.7821, 46.768], [-90.7916, 46.785], [-90.7524, 46.7981]]], [[[-90.7844, 46.7294], [-90.7737, 46.723], [-90.766, 46.7129], [-90.7862, 46.7264], [-90.8061, 46.7303], [-90.7844, 46.7294]]], [[[-90.925, 46.3064], [-90.9241, 46.371], [-90.9271, 46.5852], [-90.9056, 46.5835], [-90.9006, 46.5886], [-90.8955, 46.5878], [-90.8739, 46.6011], [-90.7807, 46.6309], [-90.7376, 46.6553], [-90.7462, 46.664], [-90.7609, 46.6604], [-90.7481, 46.6698], [-90.7122, 46.6659], [-90.6932, 46.66], [-90.7588, 46.7043], [-90.7534, 46.7038], [-90.6279, 46.6238], [-90.5862, 46.5999], [-90.5497, 46.5839], [-90.5489, 46.3291], [-90.5522, 46.2409], [-90.426, 46.2405], [-90.4263, 46.1541], [-90.3031, 46.1548], [-90.3037, 46.0966], [-90.3003, 46.0679], [-90.3021, 45.9813], [-90.9252, 45.9812], [-90.9245, 46.2579], [-90.9283, 46.2843], [-90.925, 46.3064]]]]}}, {"type": "Feature", "properties": {"code": "55011", "name": "Buffalo", "state": "WI"}, "geometry": {"type": "Polygon", "coordinates": [[[-92.0799, 44.4172], [-92.0813, 44.4298], [-92.0593, 44.4663], [-92.0561, 44.4889], [-92.0439, 44.5124], [-92.0479, 44.5304], [-92.0388, 44.547], [-92.0396, 44.5642], [-92.0292, 44.5863], [-92.02, 44.5915], [-92.0031, 44.5968], [-91.5291, 44.5962], [-91.5297, 44.2468], [-91.5376, 44.2464], [-91.5386, 44.2421], [-91.5343, 44.2415], [-91.5392, 44.2395], [-91.5387, 44.2353], [-91.5517, 44.2338], [-91.5571, 44.2243], [-91.5637, 44.2244], [-91.5614, 44.2227], [-91.5716, 44.2191], [-91.575, 44.2226], [-91.5816, 44.2215], [-91.5804, 44.218], [-91.5841, 44.2157], [-91.5931, 44.2173], [-91.601, 44.211], [-91.6029, 44.204], [-91.6085, 44.2005], [-91.5993, 44.1937], [-91.5965, 44.1844], [-91.6129, 44.1735], [-91.6123, 44.1688], [-91.6072, 44.1645], [-91.5957, 44.164], [-91.5949, 44.1604], [-91.5897, 44.1599], [-91.5908, 44.1554], [-91.5879, 44.1536], [-91.5766, 44.1537], [-91.5739, 44.1497], [-91.5708, 44.1523], [-91.5726, 44.1498], [-91.5607, 44.1449], [-91.5579, 44.1344], [-91.5488, 44.1236], [-91.5526, 44.1193], [-91.5476, 44.1109], [-91.5487, 44.1079], [-91.5394, 44.1038], [-91.5408, 44.1015], [-91.5343, 44.0959], [-91.5434, 44.0817], [-91.5402, 44.0775], [-91.5499, 44.0729], [-91.5501, 44.0678], [-91.5583, 44.0624], [-91.5591, 44.0531], [-91.5708, 44.0449], [-91.5712, 44.0378], [-91.556, 44.0289], [-91.559, 44.0253], [-91.5826, 44.0274], [-91.5921, 44.0314], [-91.6105, 44.0493], [-91.6279, 44.0558], [-91.6381, 44.0633], [-91.6479, 44.0641], [-91.6595, 44.0742], [-91.667, 44.087], [-91.6815, 44.0974], [-91.6953, 44.0986], [-91.7075, 44.1039], [-91.7106, 44.1205], [-91.7216, 44.1303], [-91.7517, 44.1348], [-91.7745, 44.1475], [-91.8081, 44.1593], [-91.8173, 44.1642], [-91.8292, 44.1784], [-91.8752, 44.2006], [-91.8774, 44.2129], [-91.8927, 44.2311], [-91.887, 44.2518], [-91.896, 44.2629], [-91.8964, 44.2747], [-91.9058, 44.2816], [-91.9203, 44.2865], [-91.9246, 44.2918], [-91.9241, 44.2971], [-91.9135, 44.3114], [-91.9256, 44.3335], [-91.9413, 44.341], [-91.9595, 44.3594], [-91.9703, 44.3658], [-91.9873, 44.3691], [-92.0062, 44.3788], [-92.0381, 44.3887], [-92.0565, 44.4027], [-92.0786, 44.4049], [-92.0836, 44.4072], [-92.0799, 44.4172]]]}}, {"type": "Feature", "properties": {"code": "27053", "name": "Hennepin", "state": "MN"}, "geometry": {"type": "Polygon", "coordinates": [[[-93.7667, 45.0602], [-93.7655, 45.0663], [-93.7612, 45.0688], [-93.7645, 45.0711], [-93.7585, 45.0729], [-93.7611, 45.0736], [-93.7586, 45.0778], [-93.7619, 45.0812], [-93.758, 45.0828], [-93.7497, 45.0791], [-93.7392, 45.081], [-93.7289, 45.09], [-93.7296, 45.0974], [-93.7206, 45.1144], [-93.6969, 45.1394], [-93.6813, 45.1513], [-93.6611, 45.1533], [-93.6386, 45.1656], [-93.6394, 45.1753], [-93.6513, 45.1825], [-93.6585, 45.1915], [-93.6571, 45.1975], [-93.6472, 45.1996], [-93.6371, 45.2102], [-93.6285, 45.2024], [-93.6234, 45.2039], [-93.6259, 45.2092], [-93.6127, 45.2115], [-93.6109, 45.2081], [-93.6041, 45.2128], [-93.602, 45.2081], [-93.5979, 45.2073], [-93.5926, 45.2107], [-93.5924, 45.2184], [-93.5875, 45.2146], [-93.57, 45.2185], [-93.5611, 45.227], [-93.5486, 45.2265], [-93.5426, 45.2326], [-93.5341, 45.2306], [-93.5334, 45.2256], [-93.5287, 45.2224], [-93.5199, 45.2383], [-93.5147, 45.2399], [-93.5206, 45.2424], [-93.5217, 45.2466], [-93.5027, 45.2422], [-93.4855, 45.2257], [-93.4665, 45.2255], [-93.444, 45.2166], [-93.4332, 45.218], [-93.4277, 45.2156], [-93.412, 45.1982], [-93.3754, 45.1787], [-93.3588, 45.175], [-93.3462, 45.1602], [-93.3115, 45.1438], [-93.2971, 45.127], [-93.2951, 45.1153], [-93.2784, 45.103], [-93.279, 45.0802], [-93.2852, 45.0585], [-93.2808, 45.0436], [-93.2834, 45.0354], [-93.2081, 45.0357], [-93.2078, 44.9532], [-93.2036, 44.951], [-93.2001, 44.9415], [-93.2004, 44.9096], [-93.1922, 44.9044], [-93.1874, 44.8951], [-93.1772, 44.8939], [-93.1785, 44.8883], [-93.183, 44.8853], [-93.1788, 44.8802], [-93.2, 44.8655], [-93.1973, 44.8601], [-93.2078, 44.8436], [-93.2114, 44.8397], [-93.2211, 44.8385], [-93.2191, 44.8322], [-93.2309, 44.8275], [-93.2519, 44.8115], [-93.2824, 44.8059], [-93.2853, 44.8021], [-93.3045, 44.7945], [-93.3257, 44.7927], [-93.336, 44.7865], [-93.3486, 44.7914], [-93.3561, 44.7854], [-93.3642, 44.7892], [-93.3782, 44.7852], [-93.3875, 44.7986], [-93.3963, 44.7971], [-93.4058, 44.8047], [-93.4382, 44.8131], [-93.4439, 44.8056], [-93.4503, 44.8035], [-93.4637, 44.8067], [-93.4812, 44.8047], [-93.4837, 44.8078], [-93.4919, 44.8046], [-93.4991, 44.8103], [-93.5033, 44.8047], [-93.5202, 44.8022], [-93.5207, 44.8915], [-93.7684, 44.8909], [-93.7667, 45.0602]]]}}, {"type": "Feature", "properties": {"code": "27013", "name": "Blue Earth", "state": "MN"}, "geometry": {"type": "Polygon", "coordinates": [[[-94.3605, 44.262], [-94.3627, 44.2579], [-94.3599, 44.2569], [-94.3558, 44.2616], [-94.3424, 44.2578], [-94.3449, 44.2533], [-94.3428, 44.2524], [-94.3372, 44.2568], [-94.3225, 44.2471], [-94.3203, 44.251], [-94.3176, 44.248], [-94.3197, 44.2434], [-94.3118, 44.2428], [-94.3124, 44.2469], [-94.3096, 44.2467], [-94.3084, 44.2424], [-94.3, 44.2426], [-94.2977, 44.2338], [-94.2909, 44.2395], [-94.2842, 44.2272], [-94.279, 44.2328], [-94.2766, 44.2308], [-94.2801, 44.2271], [-94.2724, 44.2242], [-94.2695, 44.231], [-94.268, 44.2246], [-94.2481, 44.2201], [-94.2514, 44.2147], [-94.242, 44.214], [-94.2387, 44.2097], [-94.2245, 44.2117], [-94.2249, 44.2168], [-94.219, 44.2136], [-94.2233, 44.2069], [-94.2147, 44.2048], [-94.2128, 44.2006], [-94.1988, 44.2026], [-94.1863, 44.1971], [-94.152, 44.1918], [-94.1432, 44.194], [-94.1251, 44.1843], [-94.1252, 44.1799], [-94.1112, 44.1795], [-94.109, 44.174], [-94.1153, 44.176], [-94.1137, 44.1734], [-94.1028, 44.1733], [-94.0995, 44.1753], [-94.0983, 44.1725], [-94.1042, 44.1697], [-94.094, 44.1684], [-94.0921, 44.1642], [-94.0738, 44.1585], [-94.0614, 44.1627], [-94.0553, 44.154], [-94.0469, 44.1543], [-94.0429, 44.1624], [-94.0309, 44.1659], [-94.0152, 44.1651], [-94.0034, 44.1693], [-94.0021, 44.174], [-94.0064, 44.1842], [-94.0197, 44.1836], [-94.0197, 44.1895], [-94.0115, 44.1919], [-94.0108, 44.1966], [-94.0133, 44.2004], [-94.021, 44.1976], [-94.0208, 44.2017], [-94.0149, 44.2044], [-94.0156, 44.2073], [-94.0257, 44.2125], [-94.0257, 44.221], [-94.0232, 44.2222], [-94.0171, 44.2211], [-94.0147, 44.2169], [-94.0141, 44.2244], [-94.0185, 44.2362], [-94.0119, 44.2395], [-93.768, 44.2394], [-93.7678, 43.848], [-94.369, 43.848], [-94.3689, 44.1814], [-94.3692, 44.1959], [-94.3716, 44.1962], [-94.3717, 44.2644], [-94.3605, 44.262]]]}}, {"type": "Feature", "properties": {"code": "27039", "name": "Dodge", "state": "MN"}, "geometry": {"type": "Polygon", "coordinates": [[[-93.0459, 44.1967], [-92.6787, 44.1955], [-92.6783, 43.8486], [-93.0456, 43.8491], [-93.0459, 44.1967]]]}}, {"type": "Feature", "properties": {"code": "29057", "name": "Dade", "state": "MO"}, "geometry": {"type": "Polygon", "coordinates": [[[-94.0754, 37.5816], [-93.616, 37.5727], [-93.6258, 37.282], [-94.0838, 37.2909], [-94.0754, 37.5816]]]}}, {"type": "Feature", "properties": {"code": "29205", "name": "Shelby", "state": "MO"}, "geometry": {"type": "Polygon", "coordinates": [[[-92.2879, 39.9525], [-92.1773, 39.9545], [-91.8404, 39.9482], [-91.8467, 39.6585], [-92.185, 39.6629], [-92.1867, 39.6041], [-92.2993, 39.6053], [-92.2879, 39.9525]]]}}, {"type": "Feature", "properties": {"code": "27167", "name": "Wilkin", "state": "MN"}, "geometry": {"type": "Polygon", "coordinates": [[[-96.7844, 46.6305], [-96.2812, 46.6308], [-96.28, 46.2822], [-96.2646, 46.2822], [-96.2661, 46.0216], [-96.5766, 46.0218], [-96.5779, 46.0269], [-96.5736, 46.0379], [-96.5569, 46.0648], [-96.5581, 46.0721], [-96.5545, 46.084], [-96.558, 46.1024], [-96.5669, 46.1148], [-96.5603, 46.1166], [-96.572, 46.1246], [-96.5686, 46.1323], [-96.5795, 46.1476], [-96.5763, 46.1596], [-96.5799, 46.1613], [-96.5786, 46.1681], [-96.5835, 46.1711], [-96.5801, 46.1717], [-96.5833, 46.1742], [-96.5799, 46.1772], [-96.5927, 46.1752], [-96.5863, 46.1816], [-96.5916, 46.1847], [-96.5874, 46.1858], [-96.5905, 46.1902], [-96.5851, 46.1945], [-96.5912, 46.1957], [-96.5843, 46.1981], [-96.5836, 46.201], [-96.5873, 46.2017], [-96.5844, 46.2042], [-96.589, 46.2048], [-96.5838, 46.2084], [-96.591, 46.2086], [-96.5885, 46.2129], [-96.5928, 46.2139], [-96.5917, 46.2182], [-96.5957, 46.2199], [-96.5986, 46.2416], [-96.5839, 46.2502], [-96.5911, 46.2497], [-96.5952, 46.2539], [-96.5932, 46.2576], [-96.6004, 46.2619], [-96.595, 46.2751], [-96.6004, 46.2807], [-96.5948, 46.2863], [-96.6018, 46.286], [-96.5961, 46.2905], [-96.6055, 46.2932], [-96.5978, 46.297], [-96.6035, 46.3029], [-96.597, 46.3176], [-96.601, 46.3196], [-96.6006, 46.327], [-96.606, 46.3269], [-96.5998, 46.3304], [-96.62, 46.3401], [-96.6171, 46.3476], [-96.6285, 46.3496], [-96.6293, 46.3542], [-96.6454, 46.3508], [-96.6482, 46.3569], [-96.6438, 46.3623], [-96.6552, 46.366], [-96.6603, 46.3718], [-96.658, 46.3745], [-96.666, 46.3746], [-96.6709, 46.3898], [-96.6676, 46.391], [-96.6738, 46.3905], [-96.6726, 46.3955], [-96.6785, 46.4048], [-96.682, 46.4078], [-96.6878, 46.4056], [-96.6899, 46.4095], [-96.6851, 46.4139], [-96.7008, 46.4144], [-96.6999, 46.4171], [-96.692, 46.4166], [-96.6935, 46.4221], [-96.7047, 46.4182], [-96.6989, 46.4264], [-96.7008, 46.4299], [-96.7075, 46.4296], [-96.7046, 46.4382], [-96.7091, 46.4353], [-96.7219, 46.4401], [-96.7123, 46.4415], [-96.7164, 46.4446], [-96.7137, 46.4466], [-96.7217, 46.4483], [-96.713, 46.4505], [-96.7176, 46.4544], [-96.7124, 46.4553], [-96.7117, 46.46], [-96.7187, 46.4621], [-96.713, 46.4663], [-96.7187, 46.4678], [-96.7215, 46.4652], [-96.7231, 46.4683], [-96.7142, 46.471], [-96.7269, 46.472], [-96.7269, 46.4764], [-96.7303, 46.4786], [-96.7381, 46.4778], [-96.7327, 46.4825], [-96.7397, 46.4869], [-96.7341, 46.4886], [-96.7366, 46.4921], [-96.7332, 46.4928], [-96.7336, 46.4972], [-96.7386, 46.4981], [-96.7367, 46.5011], [-96.7423, 46.5002], [-96.7333, 46.5039], [-96.7396, 46.5101], [-96.7345, 46.5112], [-96.7374, 46.5176], [-96.7446, 46.5207], [-96.7367, 46.5241], [-96.7454, 46.5252], [-96.742, 46.529], [-96.7461, 46.5346], [-96.7381, 46.5346], [-96.7432, 46.5403], [-96.7415, 46.5432], [-96.7502, 46.544], [-96.7445, 46.5483], [-96.7405, 46.5461], [-96.7449, 46.5505], [-96.7492, 46.5497], [-96.7459, 46.5559], [-96.7544, 46.5567], [-96.7467, 46.5591], [-96.7524, 46.5623], [-96.7419, 46.5642], [-96.7475, 46.5677], [-96.7452, 46.5707], [-96.7526, 46.5712], [-96.7469, 46.5757], [-96.7565, 46.5751], [-96.7575, 46.578], [-96.7514, 46.5821], [-96.7549, 46.5832], [-96.7519, 46.5876], [-96.7627, 46.5895], [-96.7554, 46.5948], [-96.764, 46.5947], [-96.7674, 46.5989], [-96.7705, 46.5955], [-96.7725, 46.6037], [-96.7687, 46.6067], [-96.7786, 46.6067], [-96.7724, 46.6094], [-96.7741, 46.6133], [-96.7711, 46.6143], [-96.7729, 46.6164], [-96.7801, 46.6145], [-96.7815, 46.6167], [-96.7762, 46.6169], [-96.7755, 46.6212], [-96.787, 46.6192], [-96.7784, 46.627], [-96.7876, 46.6239], [-96.7911, 46.6255], [-96.7844, 46.6305]]]}}, {"type": "Feature", "properties": {"code": "27073", "name": "Lac qui Parle", "state": "MN"}, "geometry": {"type": "Polygon", "coordinates": [[[-96.4191, 45.2678], [-96.407, 45.2565], [-96.3743, 45.2607], [-96.3686, 45.2576], [-96.3379, 45.256], [-96.3277, 45.2501], [-96.3124, 45.2518], [-96.3134, 45.2474], [-96.302, 45.2499], [-96.2834, 45.2469], [-96.2884, 45.2375], [-96.2803, 45.2359], [-96.2811, 45.2308], [-96.2745, 45.2227], [-96.2582, 45.2235], [-96.2519, 45.2183], [-96.2428, 45.2178], [-96.2239, 45.2208], [-96.2111, 45.2132], [-96.2074, 45.2071], [-96.1724, 45.1927], [-96.1321, 45.1919], [-96.1076, 45.1832], [-96.1053, 45.1777], [-96.089, 45.1673], [-96.0757, 45.1659], [-96.056, 45.1565], [-96.0482, 45.1584], [-96.0418, 45.1561], [-96.0125, 45.1237], [-95.9998, 45.1193], [-95.9998, 45.116], [-96.0026, 45.116], [-96.0011, 45.1129], [-95.9929, 45.1108], [-95.9803, 45.0976], [-95.8948, 45.0365], [-95.8828, 45.0335], [-95.8845, 45.0293], [-95.8779, 45.0255], [-95.8803, 45.026], [-95.8797, 45.0236], [-95.8743, 45.0222], [-95.8708, 45.0251], [-95.8669, 45.0141], [-95.8609, 45.0076], [-95.8454, 45.0022], [-95.8386, 44.9966], [-95.8333, 44.998], [-95.8358, 44.9957], [-95.8304, 44.9949], [-95.8341, 44.9929], [-95.8309, 44.9906], [-95.8254, 44.9919], [-95.8308, 44.99], [-95.8246, 44.9869], [-95.824, 44.9695], [-95.8203, 44.9686], [-95.8231, 44.965], [-95.8199, 44.9611], [-95.811, 44.9615], [-95.8069, 44.9546], [-95.8109, 44.9541], [-95.8094, 44.9524], [-95.7964, 44.9473], [-95.7864, 44.9489], [-95.777, 44.9425], [-95.7702, 44.9435], [-95.7695, 44.948], [-95.7607, 44.9428], [-95.766, 44.942], [-95.7563, 44.9416], [-95.7581, 44.9469], [-95.7493, 44.9406], [-95.7467, 44.9448], [-95.7435, 44.9442], [-95.7413, 44.9395], [-95.7446, 44.9385], [-95.7392, 44.9372], [-95.7367, 44.936], [-95.7373, 44.8915], [-95.8475, 44.8918], [-95.849, 44.8053], [-96.4516, 44.8056], [-96.4529, 45.2689], [-96.4191, 45.2678]]]}}, {"type": "Feature", "properties": {"code": "27089", "name": "Marshall", "state": "MN"}, "geometry": {"type": "Polygon", "coordinates": [[[-97.1457, 48.3974], [-97.1315, 48.4066], [-97.1394, 48.418], [-97.1505, 48.4127], [-97.1551, 48.4143], [-97.1548, 48.4175], [-97.1404, 48.4216], [-97.126, 48.4161], [-97.1225, 48.4183], [-97.1268, 48.4234], [-97.1458, 48.4303], [-97.1412, 48.4338], [-97.1268, 48.4318], [-97.1234, 48.437], [-97.1266, 48.4431], [-97.1345, 48.4433], [-97.1464, 48.4381], [-97.1505, 48.4412], [-97.1315, 48.4516], [-97.1285, 48.4603], [-97.1334, 48.4638], [-97.1421, 48.4633], [-97.1482, 48.4707], [-97.142, 48.4746], [-97.1295, 48.4715], [-97.1289, 48.4757], [-97.1406, 48.4775], [-97.1549, 48.4749], [-97.1627, 48.4778], [-97.1574, 48.4816], [-97.1403, 48.4847], [-97.143, 48.4923], [-97.1322, 48.4884], [-97.1322, 48.4924], [-97.1498, 48.502], [-97.1499, 48.512], [-97.139, 48.5117], [-97.1269, 48.5198], [-97.1308, 48.5227], [-97.1506, 48.5195], [-97.1548, 48.5242], [-97.1536, 48.5295], [-97.141, 48.5342], [-97.1632, 48.544], [-96.2361, 48.5451], [-95.6023, 48.5389], [-95.6016, 48.3654], [-95.5931, 48.3654], [-95.5939, 48.1729], [-97.1464, 48.1732], [-97.1364, 48.176], [-97.1396, 48.1826], [-97.1498, 48.1835], [-97.1357, 48.1971], [-97.1409, 48.2045], [-97.1292, 48.2096], [-97.1394, 48.2143], [-97.139, 48.2171], [-97.1314, 48.2172], [-97.1229, 48.2074], [-97.1178, 48.2098], [-97.1248, 48.2174], [-97.1351, 48.2206], [-97.1406, 48.2221], [-97.1517, 48.2189], [-97.1497, 48.2231], [-97.1372, 48.227], [-97.1253, 48.2233], [-97.1207, 48.2258], [-97.1444, 48.2332], [-97.1337, 48.2391], [-97.1468, 48.2421], [-97.1467, 48.2445], [-97.1357, 48.2494], [-97.1251, 48.25], [-97.1306, 48.2589], [-97.123, 48.2617], [-97.1451, 48.2677], [-97.1404, 48.2711], [-97.1253, 48.2705], [-97.1255, 48.2762], [-97.1166, 48.2797], [-97.1253, 48.2919], [-97.1355, 48.2871], [-97.1381, 48.2908], [-97.1283, 48.2988], [-97.1192, 48.2942], [-97.1122, 48.2965], [-97.1262, 48.3037], [-97.1238, 48.3109], [-97.138, 48.3101], [-97.1338, 48.3183], [-97.1156, 48.3239], [-97.1292, 48.3281], [-97.1417, 48.3257], [-97.139, 48.3304], [-97.1296, 48.3326], [-97.1259, 48.3406], [-97.1396, 48.3442], [-97.1364, 48.3524], [-97.1439, 48.3545], [-97.1563, 48.3662], [-97.1525, 48.371], [-97.1393, 48.3704], [-97.1376, 48.3736], [-97.1414, 48.3785], [-97.1334, 48.382], [-97.1506, 48.3824], [-97.1572, 48.3857], [-97.1566, 48.3906], [-97.1633, 48.392], [-97.1621, 48.3948], [-97.1457, 48.3974]]]}}, {"type": "Feature", "properties": {"code": "29013", "name": "Bates", "state": "MO"}, "geometry": {"type": "Polygon", "coordinates": [[[-94.6129, 38.4776], [-94.3121, 38.4714], [-94.3139, 38.4694], [-94.3103, 38.4653], [-94.3052, 38.4672], [-94.2975, 38.4589], [-94.2899, 38.46], [-94.29, 38.4654], [-94.2818, 38.4589], [-94.2661, 38.4547], [-94.2671, 38.4505], [-94.264, 38.4498], [-94.2598, 38.4529], [-94.2572, 38.4501], [-94.2398, 38.4601], [-94.2384, 38.4558], [-94.2263, 38.4591], [-94.2288, 38.4548], [-94.2261, 38.4533], [-94.2295, 38.453], [-94.2229, 38.4529], [-94.2233, 38.4483], [-94.2174, 38.4498], [-94.2162, 38.4468], [-94.212, 38.4468], [-94.2075, 38.4508], [-94.2062, 38.4471], [-94.2005, 38.4454], [-94.19, 38.4473], [-94.1877, 38.4487], [-94.1849, 38.4461], [-94.1741, 38.4455], [-94.1706, 38.4468], [-94.1738, 38.4498], [-94.1686, 38.4472], [-94.1681, 38.4502], [-94.1523, 38.4499], [-94.1514, 38.4534], [-94.1477, 38.4507], [-94.1328, 38.4538], [-94.11, 38.4527], [-94.1092, 38.4558], [-94.0972, 38.4546], [-94.0935, 38.4585], [-94.09, 38.4527], [-94.0864, 38.4559], [-94.0804, 38.4497], [-94.0767, 38.4518], [-94.0781, 38.4481], [-94.0657, 38.4471], [-94.0752, 38.2145], [-94.0499, 38.214], [-94.0583, 38.0366], [-94.0613, 38.0316], [-94.0694, 38.0368], [-94.0807, 38.0316], [-94.0852, 38.0325], [-94.0886, 38.0359], [-94.0864, 38.0404], [-94.0938, 38.0397], [-94.1019, 38.0481], [-94.1056, 38.0378], [-94.1099, 38.0373], [-94.1188, 38.0422], [-94.1155, 38.0484], [-94.1247, 38.0502], [-94.1314, 38.058], [-94.1501, 38.0539], [-94.1574, 38.0571], [-94.1694, 38.0495], [-94.1918, 38.0448], [-94.1965, 38.0339], [-94.2007, 38.0465], [-94.1954, 38.0537], [-94.2095, 38.0522], [-94.2155, 38.0337], [-94.2209, 38.0399], [-94.2248, 38.0399], [-94.227, 38.0345], [-94.2252, 38.027], [-94.2366, 38.026], [-94.2454, 38.0292], [-94.2423, 38.0326], [-94.2333, 38.0325], [-94.2407, 38.0394], [-94.2305, 38.0447], [-94.2344, 38.0471], [-94.2394, 38.0442], [-94.2406, 38.0508], [-94.6141, 38.0601], [-94.6129, 38.4776]]]}}, {"type": "Feature", "properties": {"code": "29087", "name": "Holt", "state": "MO"}, "geometry": {"type": "Polygon", "coordinates": [[[-95.0716, 40.2609], [-95.0727, 40.2576], [-95.0678, 40.2554], [-95.0756, 40.2515], [-95.0719, 40.2475], [-95.0736, 40.2434], [-95.0666, 40.2431], [-95.0708, 40.2454], [-95.0671, 40.2473], [-95.0579, 40.2391], [-95.0679, 40.2258], [-95.0673, 40.2129], [-95.0638, 40.2059], [-95.0683, 40.2045], [-95.0749, 40.1888], [-95.0712, 40.1796], [-95.066, 40.1778], [-95.0681, 40.1752], [-95.0635, 40.1762], [-95.0606, 40.1717], [-95.0672, 40.1677], [-95.0602, 40.1613], [-95.0657, 40.151], [-95.0589, 40.1505], [-95.0595, 40.1481], [-95.0643, 40.1484], [-95.0602, 40.1451], [-95.06, 40.1385], [-95.0555, 40.1415], [-95.054, 40.1354], [-95.0506, 40.1388], [-95.0529, 40.1328], [-95.0472, 40.1338], [-95.0429, 40.1308], [-95.0479, 40.1284], [-95.0464, 40.1264], [-95.0393, 40.127], [-95.0439, 40.1255], [-95.0406, 40.1238], [-95.0457, 40.1196], [-95.0362, 40.1145], [-95.0417, 40.1138], [-95.042, 40.111], [-95.0336, 40.1087], [-95.0375, 40.1037], [-95.0418, 40.1053], [-95.0443, 40.1022], [-95.0387, 40.101], [-95.0443, 40.0983], [-95.0406, 40.0968], [-95.043, 40.0951], [-95.0401, 40.0919], [-95.0435, 40.0889], [-95.0435, 40.0784], [-95.0493, 40.0774], [-95.0475, 40.0731], [-95.0528, 40.0764], [-95.0517, 40.0711], [-95.0591, 40.0747], [-95.0576, 40.0704], [-95.0607, 40.0699], [-95.0575, 40.0648], [-95.0468, 40.064], [-95.0394, 40.0597], [-95.0355, 40.0518], [-95.0376, 40.0495], [-95.034, 40.0488], [-95.0354, 40.0449], [-95.0205, 40.052], [-95.0105, 40.0468], [-95.016, 40.0427], [-95.0085, 40.0399], [-95.0111, 40.037], [-95.0068, 40.0359], [-95.0097, 40.0317], [-95.0043, 40.0273], [-95.0108, 40.02], [-95.0117, 40.0144], [-95.0078, 40.0084], [-95.0109, 40.0013], [-95.0037, 39.9962], [-95.0052, 39.9801], [-94.9943, 39.9712], [-95.003, 39.9583], [-95.0007, 39.9566], [-94.9961, 39.9612], [-94.9914, 39.9515], [-94.997, 39.9455], [-94.9908, 39.9476], [-94.9881, 39.945], [-95.0025, 39.9326], [-95.0054, 39.9274], [-95.0019, 39.9222], [-95.0067, 39.9234], [-94.9934, 39.915], [-94.9934, 39.8978], [-95.0084, 39.9006], [-95.0187, 39.8974], [-95.0252, 39.8897], [-95.0279, 39.8715], [-95.0378, 39.8655], [-95.085, 39.8619], [-95.1282, 39.8742], [-95.1406, 39.8817], [-95.1438, 39.9019], [-95.1497, 39.9059], [-95.1598, 39.907], [-95.1795, 39.9001], [-95.2019, 39.9041], [-95.2062, 39.9096], [-95.2007, 39.9282], [-95.2044, 39.9389], [-95.2164, 39.944], [-95.2368, 39.9439], [-95.2503, 39.9486], [-95.2699, 39.9694], [-95.3025, 39.9844], [-95.3071, 39.9891], [-95.3085, 40.0022], [-95.3153, 40.0121], [-95.3362, 40.0191], [-95.3466, 40.0283], [-95.3569, 40.0315], [-95.3872, 40.0268], [-95.4073, 40.0331], [-95.4168, 40.0432], [-95.4216, 40.059], [-95.4099, 40.0743], [-95.4106, 40.0915], [-95.4076, 40.098], [-95.3942, 40.1083], [-95.3954, 40.1228], [-95.4044, 40.129], [-95.4192, 40.1306], [-95.4287, 40.1356], [-95.4363, 40.1587], [-95.4607, 40.1692], [-95.4792, 40.1857], [-95.4823, 40.2007], [-95.4714, 40.2173], [-95.4697, 40.2279], [-95.4775, 40.2427], [-95.4934, 40.2496], [-95.521, 40.2501], [-95.5548, 40.2645], [-95.0716, 40.2609]]]}}, {"type": "Feature", "properties": {"code": "55051", "name": "Iron", "state": "WI"}, "geometry": {"type": "Polygon", "coordinates": [[[-90.5489, 46.3291], [-90.5497, 46.5839], [-90.538, 46.5811], [-90.5255, 46.5869], [-90.5059, 46.5896], [-90.4738, 46.5742], [-90.4376, 46.5615], [-90.4181, 46.5661], [-90.4146, 46.5573], [-90.4078, 46.5545], [-90.4056, 46.5476], [-90.3924, 46.5362], [-90.3953, 46.5339], [-90.3933, 46.5326], [-90.3671, 46.5412], [-90.3503, 46.5405], [-90.3458, 46.5451], [-90.3468, 46.5493], [-90.3394, 46.5493], [-90.344, 46.5511], [-90.3426, 46.5527], [-90.3279, 46.5517], [-90.3267, 46.5462], [-90.3152, 46.5444], [-90.3163, 46.5409], [-90.3109, 46.5394], [-90.3106, 46.5326], [-90.3178, 46.5216], [-90.317, 46.5173], [-90.2983, 46.5178], [-90.2944, 46.5188], [-90.2947, 46.5216], [-90.2834, 46.5189], [-90.2771, 46.5245], [-90.2718, 46.5193], [-90.2776, 46.515], [-90.2704, 46.5117], [-90.273, 46.5051], [-90.2666, 46.5079], [-90.2653, 46.5038], [-90.2605, 46.5028], [-90.2316, 46.5098], [-90.2303, 46.5017], [-90.2166, 46.5018], [-90.204, 46.4782], [-90.1934, 46.4725], [-90.1927, 46.4686], [-90.189, 46.469], [-90.1933, 46.4631], [-90.1907, 46.4602], [-90.1783, 46.4574], [-90.1779, 46.4402], [-90.1704, 46.4394], [-90.1678, 46.4421], [-90.1586, 46.4227], [-90.1579, 46.4093], [-90.1529, 46.4013], [-90.1468, 46.3991], [-90.1444, 46.3903], [-90.1322, 46.3812], [-90.1339, 46.3718], [-90.1188, 46.3592], [-90.1167, 46.3507], [-90.1235, 46.3465], [-90.118, 46.3414], [-90.1212, 46.3372], [-89.9292, 46.2997], [-89.9288, 45.982], [-90.3021, 45.9813], [-90.3003, 46.0679], [-90.3037, 46.0966], [-90.3031, 46.1548], [-90.4263, 46.1541], [-90.426, 46.2405], [-90.5522, 46.2413], [-90.5489, 46.3291]]]}}, {"type": "Feature", "properties": {"code": "55007", "name": "Bayfield", "state": "WI"}, "geometry": {"type": "MultiPolygon", "coordinates": [[[[-90.7974, 46.9761], [-90.7953, 46.9805], [-90.7874, 46.9795], [-90.7908, 46.9704], [-90.8016, 46.9688], [-90.8057, 46.9718], [-90.7974, 46.9761]]], [[[-90.8759, 46.9921], [-90.8712, 46.9869], [-90.8513, 46.9854], [-90.851, 46.983], [-90.8563, 46.9764], [-90.8597, 46.9764], [-90.8763, 46.985], [-90.8786, 46.9913], [-90.8759, 46.9921]]], [[[-90.9821, 46.9859], [-90.9707, 46.989], [-90.9428, 46.9932], [-90.9379, 46.9965], [-90.9375, 47.0031], [-90.9309, 47.0021], [-90.9238, 46.9879], [-90.9345, 46.9825], [-90.9304, 46.9674], [-90.932, 46.9631], [-90.9658, 46.9622], [-90.9708, 46.9703], [-90.9803, 46.9716], [-90.9821, 46.9859]]], [[[-91.0342, 46.9452], [-91.0368, 46.9408], [-91.038, 46.9419], [-91.0373, 46.9456], [-91.0342, 46.9452]]], [[[-91.5514, 46.7557], [-91.5111, 46.7575], [-91.4924, 46.7667], [-91.4493, 46.7733], [-91.4236, 46.7822], [-91.4085, 46.7942], [-91.386, 46.7895], [-91.3656, 46.795], [-91.3382, 46.8177], [-91.3148, 46.8268], [-91.2903, 46.8305], [-91.2887, 46.8334], [-91.2753, 46.8326], [-91.2567, 46.8369], [-91.2327, 46.86], [-91.202, 46.8711], [-91.1866, 46.8857], [-91.1797, 46.8857], [-91.1817, 46.8802], [-91.1939, 46.8737], [-91.2044, 46.8588], [-91.1903, 46.8484], [-91.1783, 46.8443], [-91.1676, 46.8448], [-91.1646, 46.8549], [-91.1497, 46.8581], [-91.1402, 46.8732], [-91.1333, 46.8703], [-91.1349, 46.859], [-91.1231, 46.8562], [-91.1055, 46.8576], [-91.0966, 46.8615], [-91.0909, 46.8827], [-91.081, 46.8836], [-91.0682, 46.8783], [-91.053, 46.8813], [-91.0399, 46.8892], [-91.0345, 46.9031], [-91.0191, 46.9115], [-90.9951, 46.9176], [-90.9684, 46.9439], [-90.9218, 46.9313], [-90.9138, 46.9334], [-90.9086, 46.9413], [-90.8833, 46.9498], [-90.8796, 46.9581], [-90.8639, 46.9627], [-90.8317, 46.9539], [-90.8301, 46.936], [-90.8249, 46.9326], [-90.815, 46.931], [-90.8056, 46.9378], [-90.7921, 46.9338], [-90.7856, 46.9264], [-90.7804, 46.909], [-90.7679, 46.9081], [-90.7509, 46.893], [-90.751, 46.888], [-90.7547, 46.8849], [-90.7616, 46.8832], [-90.7771, 46.886], [-90.7702, 46.8763], [-90.781, 46.859], [-90.789, 46.8533], [-90.7857, 46.842], [-90.7941, 46.8352], [-90.7993, 46.8232], [-90.8148, 46.8084], [-90.8261, 46.8039], [-90.8356, 46.7898], [-90.8565, 46.7889], [-90.8635, 46.7806], [-90.8594, 46.774], [-90.8623, 46.7681], [-90.885, 46.7563], [-90.8834, 46.747], [-90.8704, 46.7233], [-90.8527, 46.6996], [-90.8538, 46.6935], [-90.8685, 46.6804], [-90.8811, 46.6753], [-90.8871, 46.6677], [-90.9116, 46.6634], [-90.9149, 46.6591], [-90.9154, 46.6469], [-90.9212, 46.6372], [-90.9218, 46.6278], [-90.939, 46.6088], [-90.9516, 46.601], [-90.9445, 46.5877], [-90.9271, 46.5852], [-90.9241, 46.371], [-90.925, 46.3064], [-90.9283, 46.2843], [-90.9245, 46.2579], [-90.9246, 46.1546], [-91.2384, 46.1579], [-91.5513, 46.157], [-91.5516, 46.5023], [-91.5539, 46.5176], [-91.5514, 46.7557]]]]}}, {"type": "Feature", "properties": {"code": "55133", "name": "Waukesha", "state": "WI"}, "geometry": {"type": "Polygon", "coordinates": [[[-88.5393, 43.1291], [-88.5358, 43.196], [-88.0634, 43.1921], [-88.0699, 42.8433], [-88.5415, 42.843], [-88.5393, 43.1291]]]}}, {"type": "Feature", "properties": {"code": "17003", "name": "Alexander", "state": "IL"}, "geometry": {"type": "Polygon", "coordinates": [[[-89.5097, 37.3143], [-89.4865, 37.3345], [-89.2486, 37.3353], [-89.2447, 37.332], [-89.2226, 37.332], [-89.216, 37.3248], [-89.2073, 37.3222], [-89.2089, 37.3189], [-89.2058, 37.317], [-89.2034, 37.3068], [-89.2027, 37.2894], [-89.2105, 37.2803], [-89.221, 37.2791], [-89.2459, 37.2639], [-89.2507, 37.2564], [-89.2484, 37.255], [-89.2514, 37.2518], [-89.2484, 37.2513], [-89.2514, 37.2491], [-89.2504, 37.2433], [-89.2565, 37.2276], [-89.2616, 37.2273], [-89.2596, 37.2295], [-89.262, 37.2308], [-89.2641, 37.2265], [-89.2677, 37.2263], [-89.2613, 37.2201], [-89.2643, 37.2121], [-89.2593, 37.2107], [-89.2638, 37.2038], [-89.2593, 37.202], [-89.2627, 37.2014], [-89.2602, 37.1974], [-89.2523, 37.1961], [-89.2559, 37.193], [-89.2519, 37.1909], [-89.2579, 37.1842], [-89.2647, 37.1844], [-89.2673, 37.1805], [-89.2635, 37.1755], [-89.2665, 37.1708], [-89.2618, 37.1699], [-89.2613, 37.1667], [-89.269, 37.1595], [-89.2568, 37.1611], [-89.2601, 37.1515], [-89.2579, 37.1466], [-89.2662, 37.1404], [-89.2736, 37.127], [-89.2695, 37.1188], [-89.2653, 37.1174], [-89.267, 37.1157], [-89.2626, 37.1146], [-89.2657, 37.1108], [-89.258, 37.1027], [-89.254, 37.1033], [-89.254, 37.0994], [-89.244, 37.1006], [-89.2422, 37.0949], [-89.2377, 37.0948], [-89.2399, 37.0928], [-89.2317, 37.0899], [-89.2257, 37.0918], [-89.2021, 37.0859], [-89.1955, 37.0886], [-89.1972, 37.0858], [-89.1846, 37.0791], [-89.1796, 37.0691], [-89.1735, 37.0701], [-89.1719, 37.0682], [-89.1794, 37.053], [-89.1825, 37.0373], [-89.179, 37.0209], [-89.1664, 37.0033], [-89.1327, 36.9822], [-89.17, 36.9703], [-89.1855, 36.9735], [-89.1921, 36.98], [-89.2008, 37.0162], [-89.2341, 37.0373], [-89.2549, 37.072], [-89.2599, 37.0641], [-89.3083, 37.0684], [-89.3108, 37.0579], [-89.3048, 37.0476], [-89.2777, 37.0361], [-89.26, 37.0233], [-89.2576, 37.0155], [-89.2635, 37.0001], [-89.2786, 36.9887], [-89.2921, 36.9922], [-89.323, 37.0161], [-89.3624, 37.0302], [-89.3783, 37.0396], [-89.3839, 37.0464], [-89.3854, 37.0551], [-89.3757, 37.0805], [-89.3787, 37.0946], [-89.3881, 37.1075], [-89.4117, 37.1225], [-89.4256, 37.1382], [-89.4619, 37.1995], [-89.4675, 37.2218], [-89.4583, 37.2404], [-89.4588, 37.2487], [-89.4705, 37.2534], [-89.4899, 37.2513], [-89.5139, 37.2772], [-89.5184, 37.2894], [-89.5097, 37.3143]]]}}, {"type": "Feature", "properties": {"code": "17185", "name": "Wabash", "state": "IL"}, "geometry": {"type": "Polygon", "coordinates": [[[-87.9888, 38.2736], [-87.9792, 38.2709], [-87.979, 38.2738], [-87.9733, 38.2739], [-87.978, 38.2773], [-87.9754, 38.2779], [-87.9779, 38.282], [-87.974, 38.2846], [-87.9667, 38.2844], [-87.9607, 38.2912], [-87.9511, 38.2909], [-87.9571, 38.2999], [-87.9529, 38.3026], [-87.9569, 38.3064], [-87.9495, 38.307], [-87.9462, 38.3107], [-87.9485, 38.3125], [-87.9472, 38.3186], [-87.9547, 38.3171], [-87.958, 38.3196], [-87.9544, 38.3397], [-87.9579, 38.348], [-87.9673, 38.3536], [-87.9772, 38.3778], [-87.9731, 38.3894], [-87.965, 38.3911], [-87.9656, 38.3951], [-87.9722, 38.3951], [-87.9757, 38.4011], [-87.9704, 38.4022], [-87.9702, 38.4106], [-87.9666, 38.4107], [-87.9604, 38.4193], [-87.9522, 38.4181], [-87.9506, 38.4226], [-87.9556, 38.4248], [-87.9475, 38.4294], [-87.9526, 38.4323], [-87.9475, 38.4386], [-87.9493, 38.4416], [-87.9453, 38.442], [-87.9485, 38.4459], [-87.9446, 38.4458], [-87.9468, 38.4487], [-87.9429, 38.4496], [-87.9485, 38.4533], [-87.9431, 38.4566], [-87.9474, 38.4582], [-87.9418, 38.4622], [-87.9482, 38.4635], [-87.9441, 38.4677], [-87.9477, 38.4687], [-87.945, 38.4726], [-87.9483, 38.4711], [-87.948, 38.4787], [-87.9529, 38.4797], [-87.9529, 38.4843], [-87.949, 38.4857], [-87.9561, 38.4902], [-87.9533, 38.4927], [-87.9568, 38.4971], [-87.9532, 38.5004], [-87.9541, 38.5036], [-87.9483, 38.5051], [-87.9531, 38.5109], [-87.9482, 38.5141], [-87.955, 38.515], [-87.9534, 38.519], [-87.9418, 38.5282], [-87.9372, 38.5281], [-87.9437, 38.541], [-87.9529, 38.5433], [-87.9504, 38.5472], [-87.9546, 38.5533], [-87.9524, 38.5548], [-87.9587, 38.561], [-87.9559, 38.5696], [-87.6515, 38.5682], [-87.6507, 38.5562], [-87.6701, 38.5452], [-87.6553, 38.5208], [-87.6462, 38.5151], [-87.6453, 38.5102], [-87.6567, 38.5018], [-87.6724, 38.5074], [-87.6859, 38.4918], [-87.714, 38.4799], [-87.7446, 38.4773], [-87.7554, 38.464], [-87.7559, 38.4559], [-87.7405, 38.4547], [-87.7304, 38.4479], [-87.7307, 38.4429], [-87.7398, 38.438], [-87.7453, 38.409], [-87.7831, 38.3689], [-87.8061, 38.3631], [-87.8234, 38.346], [-87.832, 38.327], [-87.831, 38.2994], [-87.8434, 38.2782], [-87.8511, 38.2751], [-87.863, 38.2802], [-87.8662, 38.29], [-87.8611, 38.3078], [-87.8705, 38.3122], [-87.8801, 38.3054], [-87.8878, 38.2853], [-87.9111, 38.268], [-87.9176, 38.2701], [-87.9195, 38.2745], [-87.908, 38.2923], [-87.9095, 38.2961], [-87.9165, 38.2994], [-87.9336, 38.2959], [-87.9375, 38.292], [-87.9392, 38.2829], [-87.9522, 38.2731], [-87.9507, 38.2668], [-87.9421, 38.2603], [-87.9576, 38.25], [-87.9602, 38.2371], [-87.969, 38.2374], [-87.9723, 38.247], [-87.9819, 38.2564], [-87.9908, 38.2585], [-87.9888, 38.2736]]]}}, {"type": "Feature", "properties": {"code": "17129", "name": "Menard", "state": "IL"}, "geometry": {"type": "Polygon", "coordinates": [[[-89.9832, 40.1134], [-89.9887, 40.1184], [-89.9887, 40.123], [-89.9845, 40.1243], [-89.9866, 40.129], [-89.9787, 40.125], [-89.9739, 40.1271], [-89.9767, 40.1304], [-89.9715, 40.1329], [-89.9746, 40.1357], [-89.9697, 40.1382], [-89.9705, 40.1421], [-89.9662, 40.1431], [-89.9631, 40.143], [-89.9589, 40.1344], [-89.9542, 40.1366], [-89.9515, 40.1321], [-89.9488, 40.1353], [-89.9455, 40.1305], [-89.9449, 40.1337], [-89.9372, 40.132], [-89.9416, 40.1367], [-89.9261, 40.14], [-89.925, 40.1364], [-89.9208, 40.1385], [-89.9163, 40.1335], [-89.9075, 40.1316], [-89.9084, 40.1378], [-89.8981, 40.1278], [-89.8918, 40.1305], [-89.885, 40.1282], [-89.8858, 40.1345], [-89.8819, 40.1364], [-89.8775, 40.1339], [-89.8726, 40.1374], [-89.8644, 40.1279], [-89.8521, 40.13], [-89.8433, 40.1264], [-89.8381, 40.1303], [-89.834, 40.1244], [-89.8275, 40.1257], [-89.8239, 40.1215], [-89.8189, 40.1254], [-89.8101, 40.1212], [-89.8096, 40.1246], [-89.7944, 40.1238], [-89.7922, 40.1286], [-89.7804, 40.1271], [-89.7734, 40.1322], [-89.77, 40.1285], [-89.7492, 40.1269], [-89.734, 40.1327], [-89.7341, 40.1377], [-89.73, 40.1356], [-89.7274, 40.1427], [-89.7192, 40.1403], [-89.7086, 40.147], [-89.7043, 40.1406], [-89.6943, 40.1409], [-89.6867, 40.1468], [-89.6859, 40.1536], [-89.6838, 40.155], [-89.6806, 40.1513], [-89.68, 40.1555], [-89.6709, 40.1541], [-89.669, 40.1607], [-89.6607, 40.156], [-89.6383, 40.1549], [-89.6322, 40.1487], [-89.628, 40.1488], [-89.6275, 40.144], [-89.6217, 40.1411], [-89.6203, 40.1362], [-89.6138, 40.1346], [-89.6091, 40.1292], [-89.6109, 40.1273], [-89.6057, 40.1262], [-89.6059, 40.1228], [-89.6017, 40.1224], [-89.6011, 40.0923], [-89.5791, 40.0924], [-89.5783, 39.9761], [-89.6983, 39.9753], [-89.6976, 39.9387], [-89.7023, 39.9386], [-89.7019, 39.9168], [-89.7691, 39.9169], [-89.7692, 39.9024], [-89.9945, 39.9019], [-89.9951, 40.1089], [-89.9832, 40.1134]]]}}, {"type": "Feature", "properties": {"code": "19195", "name": "Worth", "state": "IA"}, "geometry": {"type": "Polygon", "coordinates": [[[-93.4974, 43.4996], [-93.0243, 43.4997], [-93.0241, 43.2555], [-93.4976, 43.2555], [-93.4974, 43.4996]]]}}, {"type": "Feature", "properties": {"code": "17175", "name": "Stark", "state": "IL"}, "geometry": {"type": "Polygon", "coordinates": [[[-89.9846, 41.1494], [-89.8682, 41.1495], [-89.8678, 41.2344], [-89.6387, 41.2339], [-89.6387, 40.9737], [-89.9855, 40.9745], [-89.9846, 41.1494]]]}}, {"type": "Feature", "properties": {"code": "19127", "name": "Marshall", "state": "IA"}, "geometry": {"type": "Polygon", "coordinates": [[[-93.2317, 42.2089], [-92.7675, 42.2101], [-92.766, 41.8624], [-93.2319, 41.8627], [-93.2317, 42.2089]]]}}, {"type": "Feature", "properties": {"code": "19021", "name": "Buena Vista", "state": "IA"}, "geometry": {"type": "Polygon", "coordinates": [[[-94.9139, 42.9097], [-94.9145, 42.5603], [-95.388, 42.5617], [-95.3882, 42.9099], [-94.9139, 42.9097]]]}}, {"type": "Feature", "properties": {"code": "27015", "name": "Brown", "state": "MN"}, "geometry": {"type": "Polygon", "coordinates": [[[-95.1075, 44.2818], [-94.8663, 44.2824], [-94.8658, 44.4982], [-94.8618, 44.4951], [-94.8518, 44.4952], [-94.8551, 44.4925], [-94.8532, 44.4897], [-94.8426, 44.4923], [-94.8383, 44.4885], [-94.8319, 44.489], [-94.8266, 44.4831], [-94.8237, 44.4855], [-94.8149, 44.4845], [-94.8179, 44.4802], [-94.8111, 44.4814], [-94.81, 44.4713], [-94.8028, 44.4678], [-94.7981, 44.4696], [-94.8054, 44.4653], [-94.7934, 44.4609], [-94.7902, 44.4563], [-94.7814, 44.4577], [-94.78, 44.4549], [-94.7865, 44.4513], [-94.777, 44.4468], [-94.7686, 44.4469], [-94.7657, 44.4428], [-94.7484, 44.4496], [-94.7308, 44.4412], [-94.7262, 44.4338], [-94.707, 44.4343], [-94.695, 44.4283], [-94.6948, 44.4239], [-94.7028, 44.4166], [-94.6993, 44.4142], [-94.7013, 44.4122], [-94.6935, 44.4116], [-94.6965, 44.4164], [-94.6925, 44.4177], [-94.6887, 44.4173], [-94.6849, 44.4117], [-94.689, 44.4079], [-94.6971, 44.4091], [-94.6946, 44.4027], [-94.6883, 44.407], [-94.6767, 44.4084], [-94.6699, 44.4028], [-94.6771, 44.3968], [-94.6661, 44.394], [-94.6618, 44.3993], [-94.6563, 44.3977], [-94.6549, 44.4006], [-94.6542, 44.393], [-94.6414, 44.397], [-94.6377, 44.3955], [-94.6409, 44.3901], [-94.6277, 44.3913], [-94.6237, 44.3824], [-94.6152, 44.3854], [-94.5961, 44.3851], [-94.5925, 44.3767], [-94.5872, 44.3764], [-94.5872, 44.3738], [-94.5832, 44.3783], [-94.5769, 44.3717], [-94.5655, 44.3768], [-94.5581, 44.3715], [-94.5557, 44.3759], [-94.547, 44.3647], [-94.523, 44.3654], [-94.5187, 44.3704], [-94.5203, 44.36], [-94.5178, 44.358], [-94.5092, 44.3552], [-94.5023, 44.3576], [-94.4998, 44.3522], [-94.4964, 44.3541], [-94.5, 44.3596], [-94.4959, 44.3617], [-94.4906, 44.3587], [-94.4913, 44.3512], [-94.4845, 44.3489], [-94.4832, 44.3455], [-94.4756, 44.3441], [-94.4614, 44.3324], [-94.4514, 44.3329], [-94.4538, 44.3248], [-94.4518, 44.3166], [-94.4417, 44.3084], [-94.437, 44.3124], [-94.4316, 44.3109], [-94.4412, 44.3057], [-94.4316, 44.296], [-94.4247, 44.299], [-94.425, 44.2962], [-94.4321, 44.2932], [-94.4264, 44.2905], [-94.4224, 44.2926], [-94.414, 44.2867], [-94.4105, 44.2796], [-94.4121, 44.2736], [-94.3847, 44.2665], [-94.381, 44.2614], [-94.3759, 44.2663], [-94.3717, 44.2644], [-94.3688, 44.1087], [-95.1002, 44.108], [-95.101, 44.1949], [-95.1088, 44.195], [-95.1075, 44.2818]]]}}, {"type": "Feature", "properties": {"code": "27145", "name": "Stearns", "state": "MN"}, "geometry": {"type": "Polygon", "coordinates": [[[-95.1397, 45.7734], [-94.2718, 45.7752], [-94.2728, 45.7677], [-94.2647, 45.7631], [-94.2667, 45.7546], [-94.2597, 45.7424], [-94.2374, 45.7303], [-94.2152, 45.7263], [-94.2145, 45.7216], [-94.2247, 45.7153], [-94.2235, 45.7101], [-94.21, 45.7011], [-94.203, 45.6782], [-94.1827, 45.6796], [-94.1837, 45.6761], [-94.1974, 45.6705], [-94.198, 45.6524], [-94.2043, 45.6465], [-94.2037, 45.6196], [-94.1921, 45.6009], [-94.171, 45.5897], [-94.1608, 45.5664], [-94.1456, 45.5535], [-94.1468, 45.5371], [-94.1505, 45.5291], [-94.1395, 45.5164], [-94.143, 45.5084], [-94.142, 45.4932], [-94.1151, 45.4791], [-94.101, 45.468], [-94.1017, 45.4548], [-94.0812, 45.4469], [-94.0787, 45.4427], [-94.0808, 45.4386], [-94.0694, 45.4385], [-94.0654, 45.4325], [-94.0522, 45.4353], [-94.0473, 45.4229], [-94.0566, 45.4211], [-94.0563, 45.416], [-94.0689, 45.404], [-94.0686, 45.3963], [-94.0782, 45.384], [-94.086, 45.3798], [-94.0814, 45.3668], [-94.0873, 45.3643], [-94.096, 45.3524], [-94.0895, 45.3466], [-94.0927, 45.3425], [-94.0989, 45.3434], [-94.1065, 45.3399], [-94.1168, 45.328], [-94.1619, 45.3012], [-94.1757, 45.3026], [-94.1799, 45.3132], [-94.1866, 45.3182], [-94.1943, 45.3189], [-94.2182, 45.3156], [-94.2243, 45.3114], [-94.2526, 45.3083], [-94.257, 45.3063], [-94.2546, 45.3007], [-94.2615, 45.2977], [-94.2608, 45.2839], [-94.3834, 45.2828], [-94.3836, 45.3266], [-94.7631, 45.3261], [-94.7629, 45.4129], [-95.1319, 45.4125], [-95.1315, 45.585], [-95.1399, 45.585], [-95.1397, 45.7734]]]}}, {"type": "Feature", "properties": {"code": "29041", "name": "Chariton", "state": "MO"}, "geometry": {"type": "Polygon", "coordinates": [[[-93.2834, 39.6834], [-93.2853, 39.6852], [-93.2731, 39.6953], [-93.2648, 39.6976], [-93.267, 39.7036], [-93.261, 39.7037], [-93.0823, 39.7067], [-92.6893, 39.6981], [-92.6921, 39.6103], [-92.6966, 39.6104], [-92.6983, 39.5761], [-92.7074, 39.3216], [-92.7904, 39.3436], [-92.8492, 39.2262], [-92.8507, 39.2331], [-92.8629, 39.2364], [-92.8928, 39.2225], [-92.9117, 39.2239], [-92.92, 39.233], [-92.9157, 39.25], [-92.9167, 39.2579], [-92.9236, 39.2634], [-92.9474, 39.2701], [-92.9578, 39.2793], [-92.958, 39.2881], [-92.9533, 39.2985], [-92.9581, 39.3111], [-92.9716, 39.3156], [-93.0238, 39.3131], [-93.0448, 39.3177], [-93.0615, 39.3256], [-93.0769, 39.3425], [-93.0764, 39.3607], [-93.0803, 39.3718], [-93.0926, 39.3816], [-93.1143, 39.387], [-93.1185, 39.4025], [-93.1148, 39.411], [-93.1172, 39.4159], [-93.1391, 39.4235], [-93.1548, 39.4217], [-93.1655, 39.4363], [-93.1835, 39.4325], [-93.2049, 39.4404], [-93.1978, 39.4343], [-93.2059, 39.4297], [-93.2136, 39.4305], [-93.2107, 39.4401], [-93.2174, 39.4433], [-93.2221, 39.44], [-93.2163, 39.4346], [-93.2192, 39.4304], [-93.2301, 39.4379], [-93.2299, 39.4472], [-93.2234, 39.4471], [-93.2195, 39.4508], [-93.2248, 39.4605], [-93.2216, 39.4677], [-93.2281, 39.4732], [-93.2392, 39.4709], [-93.2375, 39.4644], [-93.2474, 39.4581], [-93.245, 39.4506], [-93.2469, 39.443], [-93.2546, 39.4451], [-93.2495, 39.4525], [-93.2502, 39.4597], [-93.254, 39.4619], [-93.2581, 39.4629], [-93.2717, 39.4569], [-93.2758, 39.4583], [-93.2749, 39.4651], [-93.2643, 39.4612], [-93.2616, 39.47], [-93.2663, 39.4784], [-93.2766, 39.4861], [-93.2765, 39.4967], [-93.268, 39.4965], [-93.2659, 39.5], [-93.283, 39.5195], [-93.2757, 39.5268], [-93.2767, 39.531], [-93.2843, 39.5335], [-93.2859, 39.5379], [-93.2772, 39.5395], [-93.2711, 39.5344], [-93.2659, 39.5417], [-93.2536, 39.5435], [-93.2664, 39.5461], [-93.267, 39.5485], [-93.258, 39.5552], [-93.27, 39.5602], [-93.2666, 39.5736], [-93.271, 39.5771], [-93.2694, 39.5843], [-93.2751, 39.5901], [-93.2699, 39.5999], [-93.281, 39.6191], [-93.2773, 39.6229], [-93.2658, 39.62], [-93.2604, 39.6267], [-93.2834, 39.6514], [-93.2831, 39.6564], [-93.2776, 39.6518], [-93.2734, 39.6548], [-93.2859, 39.6668], [-93.282, 39.6708], [-93.2847, 39.673], [-93.2805, 39.6777], [-93.2832, 39.6788], [-93.2793, 39.6816], [-93.2874, 39.6833], [-93.2834, 39.6834]]]}}, {"type": "Feature", "properties": {"code": "29027", "name": "Callaway", "state": "MO"}, "geometry": {"type": "Polygon", "coordinates": [[[-92.2157, 38.7025], [-92.2164, 38.7145], [-92.2122, 38.7201], [-92.202, 38.7209], [-92.1924, 38.7261], [-92.1944, 38.7362], [-92.1821, 38.7384], [-92.1812, 38.7417], [-92.1862, 38.7476], [-92.176, 38.7539], [-92.1723, 38.7639], [-92.1631, 38.7649], [-92.1624, 38.776], [-92.1678, 38.7768], [-92.1638, 38.7798], [-92.1642, 38.7839], [-92.1583, 38.7848], [-92.1601, 38.7902], [-92.1557, 38.7958], [-92.1581, 38.8022], [-92.1519, 38.8037], [-92.1514, 38.7987], [-92.1457, 38.7961], [-92.1511, 38.8057], [-92.1429, 38.8072], [-92.1433, 38.8127], [-92.1352, 38.8139], [-92.1382, 38.8177], [-92.1458, 38.8155], [-92.1428, 38.8216], [-92.1528, 38.8261], [-92.1455, 38.8328], [-92.1508, 38.8387], [-92.1424, 38.8414], [-92.1404, 38.8455], [-92.1484, 38.8455], [-92.1456, 38.8544], [-92.15, 38.8515], [-92.1542, 38.8535], [-92.1476, 38.8584], [-92.1493, 38.8662], [-92.1622, 38.8665], [-92.1587, 38.8696], [-92.1561, 38.8807], [-92.1498, 38.8798], [-92.1481, 38.8852], [-92.1548, 38.8843], [-92.1588, 38.8947], [-92.1637, 38.8976], [-92.169, 38.8964], [-92.1641, 38.907], [-92.1555, 38.9144], [-92.1545, 38.9179], [-92.1607, 38.9252], [-92.1539, 38.9245], [-92.1528, 38.9466], [-92.1468, 38.9586], [-92.1488, 38.961], [-92.1434, 38.9677], [-92.1463, 38.981], [-92.1419, 38.9804], [-92.1383, 38.9852], [-92.1366, 38.9996], [-92.1403, 39.0015], [-92.1405, 39.0067], [-92.1331, 39.0126], [-92.1306, 39.0253], [-92.1407, 39.0274], [-92.1408, 39.0301], [-92.136, 39.0324], [-92.1335, 39.0435], [-92.1285, 39.0485], [-92.1319, 39.0508], [-92.1315, 39.0645], [-91.634, 39.0591], [-91.6472, 38.7034], [-91.6655, 38.702], [-91.702, 38.7078], [-91.7323, 38.7059], [-91.7597, 38.6852], [-91.8144, 38.6818], [-91.8549, 38.6703], [-91.8774, 38.6577], [-91.8937, 38.6341], [-91.9439, 38.5971], [-91.9775, 38.5896], [-92.0156, 38.5674], [-92.0681, 38.5574], [-92.1106, 38.5617], [-92.139, 38.5694], [-92.1693, 38.5817], [-92.2007, 38.6017], [-92.2048, 38.6303], [-92.2098, 38.6372], [-92.2207, 38.6432], [-92.2185, 38.6891], [-92.2254, 38.6995], [-92.2157, 38.7025]]]}}, {"type": "Feature", "properties": {"code": "29075", "name": "Gentry", "state": "MO"}, "geometry": {"type": "Polygon", "coordinates": [[[-94.5985, 40.3867], [-94.2143, 40.3843], [-94.2188, 40.0349], [-94.33, 40.0393], [-94.6066, 40.0392], [-94.5985, 40.3867]]]}}, {"type": "Feature", "properties": {"code": "29029", "name": "Camden", "state": "MO"}, "geometry": {"type": "Polygon", "coordinates": [[[-93.0777, 38.2631], [-93.0611, 38.2716], [-93.0463, 38.2678], [-93.0165, 38.2449], [-93.0056, 38.2227], [-92.9842, 38.2197], [-92.9849, 38.2114], [-93.012, 38.2102], [-93.02, 38.2048], [-93.0223, 38.1986], [-93.0169, 38.1913], [-93.0062, 38.186], [-92.9866, 38.1908], [-92.9757, 38.2035], [-92.9637, 38.2255], [-92.9569, 38.2295], [-92.9378, 38.2252], [-92.932, 38.2202], [-92.932, 38.2162], [-92.9388, 38.2085], [-92.9566, 38.2037], [-92.963, 38.1972], [-92.7645, 38.1896], [-92.756, 38.2125], [-92.7367, 38.2207], [-92.7186, 38.2201], [-92.7072, 38.224], [-92.6918, 38.221], [-92.6756, 38.2128], [-92.6401, 38.213], [-92.6413, 38.1716], [-92.6047, 38.1707], [-92.6053, 38.1399], [-92.5964, 38.1398], [-92.5968, 38.1108], [-92.5877, 38.1106], [-92.588, 38.0961], [-92.5697, 38.0959], [-92.5703, 38.0666], [-92.5521, 38.0663], [-92.5524, 38.0521], [-92.5336, 38.0518], [-92.5339, 38.0375], [-92.5156, 38.0369], [-92.516, 38.0223], [-92.4063, 38.0212], [-92.4092, 37.8592], [-92.4218, 37.8587], [-92.4265, 37.8511], [-92.4495, 37.8354], [-92.453, 37.8241], [-92.4804, 37.829], [-92.5015, 37.8277], [-92.5135, 37.8109], [-92.5175, 37.8109], [-92.5175, 37.8132], [-92.5317, 37.8111], [-92.5396, 37.8021], [-92.5491, 37.8005], [-92.5653, 37.807], [-92.5645, 37.8123], [-92.5716, 37.8236], [-92.5854, 37.828], [-92.5893, 37.8345], [-92.6001, 37.8403], [-92.5992, 37.8518], [-92.6087, 37.8561], [-92.6147, 37.8635], [-92.6144, 37.8715], [-92.6187, 37.8738], [-92.6202, 37.8925], [-92.8554, 37.8957], [-93.0724, 37.9026], [-93.0591, 38.1857], [-93.0822, 38.1865], [-93.0777, 38.2631]]]}}, {"type": "Feature", "properties": {"code": "55001", "name": "Adams", "state": "WI"}, "geometry": {"type": "Polygon", "coordinates": [[[-90.0235, 44.096], [-90.017, 44.1006], [-90.0048, 44.1027], [-90.005, 44.1081], [-90.0107, 44.1153], [-90.0071, 44.1216], [-89.9941, 44.1268], [-89.9857, 44.1221], [-89.9769, 44.1225], [-89.9754, 44.128], [-89.9847, 44.1293], [-89.9835, 44.1321], [-89.9738, 44.1346], [-89.9703, 44.1481], [-89.9705, 44.1671], [-89.9417, 44.1634], [-89.9368, 44.153], [-89.9287, 44.1503], [-89.9228, 44.1553], [-89.9212, 44.1669], [-89.9256, 44.1743], [-89.9236, 44.1778], [-89.9035, 44.1778], [-89.9002, 44.1843], [-89.9036, 44.1914], [-89.9238, 44.1906], [-89.9269, 44.1929], [-89.9236, 44.1976], [-89.9099, 44.1982], [-89.905, 44.2016], [-89.9064, 44.2057], [-89.9205, 44.2089], [-89.9247, 44.2132], [-89.9194, 44.2186], [-89.908, 44.2206], [-89.9081, 44.2289], [-89.8978, 44.2279], [-89.9034, 44.2414], [-89.9028, 44.2495], [-89.598, 44.2457], [-89.5995, 43.6426], [-89.7869, 43.642], [-89.7892, 43.6452], [-89.7861, 43.6504], [-89.7869, 43.6661], [-89.8077, 43.6772], [-89.8225, 43.6974], [-89.8412, 43.7367], [-89.8429, 43.7575], [-89.8505, 43.7687], [-89.8651, 43.7834], [-89.8936, 43.7997], [-89.9028, 43.8141], [-89.9137, 43.8184], [-89.9223, 43.8385], [-89.9612, 43.864], [-89.9639, 43.8716], [-89.9629, 43.8834], [-89.9786, 43.8992], [-89.9839, 43.9137], [-89.9764, 43.9197], [-89.9591, 43.9201], [-89.9521, 43.9242], [-89.9563, 43.9407], [-89.9553, 43.9553], [-89.9623, 43.9638], [-89.9626, 43.9792], [-89.9682, 43.9916], [-90.0059, 44.0084], [-89.9985, 44.0226], [-90.0059, 44.0345], [-90.0168, 44.0431], [-90.0197, 44.0638], [-90.0253, 44.0683], [-90.0236, 44.079], [-90.0264, 44.0872], [-90.0235, 44.096]]]}}, {"type": "Feature", "properties": {"code": "17097", "name": "Lake", "state": "IL"}, "geometry": {"type": "Polygon", "coordinates": [[[-88.1994, 42.496], [-87.8021, 42.4926], [-87.7981, 42.4717], [-87.8046, 42.4312], [-87.8033, 42.3905], [-87.8168, 42.3616], [-87.8235, 42.3642], [-87.8272, 42.3374], [-87.832, 42.3283], [-87.8304, 42.3123], [-87.8348, 42.3015], [-87.8286, 42.2699], [-87.8115, 42.2285], [-87.7959, 42.2014], [-87.7591, 42.1523], [-88.1996, 42.1543], [-88.1994, 42.496]]]}}, {"type": "Feature", "properties": {"code": "17029", "name": "Coles", "state": "IL"}, "geometry": {"type": "Polygon", "coordinates": [[[-88.0635, 39.6527], [-88.063, 39.6813], [-87.9663, 39.686], [-87.9602, 39.4813], [-88.0139, 39.4808], [-88.0121, 39.379], [-88.1785, 39.375], [-88.4708, 39.3745], [-88.4721, 39.6516], [-88.0635, 39.6527]]]}}, {"type": "Feature", "properties": {"code": "55057", "name": "Juneau", "state": "WI"}, "geometry": {"type": "Polygon", "coordinates": [[[-90.3127, 44.2488], [-89.9028, 44.2495], [-89.9034, 44.2414], [-89.8978, 44.2279], [-89.9081, 44.2289], [-89.908, 44.2206], [-89.9194, 44.2186], [-89.9247, 44.2132], [-89.9205, 44.2089], [-89.9064, 44.2057], [-89.905, 44.2016], [-89.9099, 44.1982], [-89.9236, 44.1976], [-89.9269, 44.1929], [-89.9238, 44.1906], [-89.9036, 44.1914], [-89.9013, 44.1809], [-89.9071, 44.1763], [-89.9236, 44.1778], [-89.9256, 44.1743], [-89.9212, 44.1669], [-89.9228, 44.1553], [-89.9287, 44.1503], [-89.9368, 44.153], [-89.9417, 44.1634], [-89.9705, 44.1671], [-89.9703, 44.1481], [-89.9738, 44.1346], [-89.9835, 44.1321], [-89.9847, 44.1293], [-89.9747, 44.1257], [-89.9818, 44.1217], [-89.9941, 44.1268], [-90.0097, 44.1197], [-90.0105, 44.1135], [-90.0039, 44.1044], [-90.0245, 44.095], [-90.0253, 44.0683], [-90.0197, 44.0638], [-90.0168, 44.0431], [-90.0059, 44.0345], [-89.9985, 44.0226], [-90.0059, 44.0084], [-89.9743, 43.9961], [-89.9636, 43.9837], [-89.9623, 43.9638], [-89.9553, 43.9553], [-89.9557, 43.9364], [-89.9512, 43.9266], [-89.9591, 43.9201], [-89.9794, 43.9187], [-89.984, 43.9104], [-89.9786, 43.8992], [-89.9629, 43.8834], [-89.9639, 43.8716], [-89.9612, 43.864], [-89.9223, 43.8385], [-89.9137, 43.8184], [-89.9028, 43.8141], [-89.8936, 43.7997], [-89.8651, 43.7834], [-89.8505, 43.7687], [-89.8429, 43.7575], [-89.8412, 43.7367], [-89.8225, 43.6974], [-89.8077, 43.6772], [-89.7869, 43.6661], [-89.7861, 43.6504], [-89.7892, 43.6452], [-89.7849, 43.6411], [-90.3124, 43.641], [-90.3127, 44.2488]]]}}, {"type": "Feature", "properties": {"code": "17189", "name": "Washington", "state": "IL"}, "geometry": {"type": "Polygon", "coordinates": [[[-89.6948, 38.4167], [-89.6921, 38.4198], [-89.6964, 38.4253], [-89.6866, 38.4301], [-89.6836, 38.4291], [-89.6853, 38.4252], [-89.6776, 38.4248], [-89.6782, 38.4319], [-89.672, 38.429], [-89.6739, 38.4348], [-89.6673, 38.4322], [-89.665, 38.4344], [-89.6687, 38.4356], [-89.6684, 38.4404], [-89.664, 38.4454], [-89.6459, 38.4415], [-89.6432, 38.4433], [-89.647, 38.4473], [-89.6389, 38.4452], [-89.6378, 38.4503], [-89.6338, 38.4472], [-89.6348, 38.4516], [-89.6277, 38.4507], [-89.6292, 38.4627], [-89.6257, 38.4642], [-89.6257, 38.4604], [-89.6232, 38.4608], [-89.6127, 38.4735], [-89.5894, 38.4756], [-89.5777, 38.4835], [-89.5732, 38.478], [-89.5724, 38.4828], [-89.5648, 38.4828], [-89.5686, 38.4759], [-89.5613, 38.4773], [-89.5583, 38.4747], [-89.5582, 38.4775], [-89.5529, 38.4781], [-89.5516, 38.4752], [-89.55, 38.4773], [-89.54, 38.4742], [-89.5413, 38.4798], [-89.531, 38.4787], [-89.5286, 38.4811], [-89.5286, 38.4776], [-89.5246, 38.4795], [-89.5139, 38.4725], [-89.5073, 38.4746], [-89.4901, 38.4717], [-89.4933, 38.4751], [-89.4915, 38.4774], [-89.4837, 38.4731], [-89.4819, 38.4686], [-89.4551, 38.4798], [-89.4558, 38.4825], [-89.4475, 38.4896], [-89.434, 38.4909], [-89.4346, 38.494], [-89.4278, 38.4992], [-89.4101, 38.4874], [-89.4059, 38.4956], [-89.4012, 38.4937], [-89.4011, 38.4891], [-89.3959, 38.4899], [-89.3978, 38.4949], [-89.3889, 38.4941], [-89.3882, 38.497], [-89.3856, 38.4943], [-89.3823, 38.4974], [-89.3794, 38.4972], [-89.3799, 38.4944], [-89.3731, 38.5004], [-89.3734, 38.4969], [-89.3697, 38.4998], [-89.3674, 38.4979], [-89.3689, 38.5002], [-89.3649, 38.501], [-89.3679, 38.5055], [-89.3611, 38.506], [-89.3663, 38.5078], [-89.3637, 38.5105], [-89.3592, 38.5088], [-89.3602, 38.5168], [-89.3576, 38.5148], [-89.3589, 38.5176], [-89.3532, 38.5187], [-89.3449, 38.5143], [-89.3471, 38.5133], [-89.3453, 38.51], [-89.3455, 38.5129], [-89.3424, 38.5105], [-89.3395, 38.5134], [-89.3308, 38.5122], [-89.3326, 38.5101], [-89.3268, 38.5135], [-89.3173, 38.5086], [-89.3108, 38.5124], [-89.3101, 38.5089], [-89.3, 38.5109], [-89.3017, 38.5083], [-89.2979, 38.5091], [-89.2985, 38.5056], [-89.2947, 38.505], [-89.2951, 38.5072], [-89.2891, 38.5054], [-89.2901, 38.5083], [-89.2847, 38.5095], [-89.2841, 38.5062], [-89.2805, 38.5081], [-89.2806, 38.5056], [-89.2783, 38.5078], [-89.2745, 38.505], [-89.2729, 38.5072], [-89.2721, 38.5044], [-89.264, 38.5105], [-89.2603, 38.5073], [-89.2549, 38.5093], [-89.1439, 38.5031], [-89.1476, 38.2129], [-89.7033, 38.2194], [-89.7042, 38.4158], [-89.6948, 38.4167]]]}}, {"type": "Feature", "properties": {"code": "29227", "name": "Worth", "state": "MO"}, "geometry": {"type": "Polygon", "coordinates": [[[-94.2322, 40.5719], [-94.2316, 40.4704], [-94.2146, 40.4705], [-94.2143, 40.3843], [-94.6086, 40.3868], [-94.6084, 40.4724], [-94.6319, 40.4725], [-94.632, 40.5712], [-94.2322, 40.5719]]]}}, {"type": "Feature", "properties": {"code": "27031", "name": "Cook", "state": "MN"}, "geometry": {"type": "MultiPolygon", "coordinates": [[[[-89.5836, 47.9725], [-89.5803, 47.9778], [-89.5825, 47.979], [-89.5749, 47.9807], [-89.5593, 47.9794], [-89.5535, 47.9733], [-89.5864, 47.9588], [-89.5921, 47.9667], [-89.5836, 47.9725]]], [[[-89.6616, 47.955], [-89.6548, 47.9526], [-89.6602, 47.9507], [-89.6646, 47.9534], [-89.6616, 47.955]]], [[[-91.0034, 48.2002], [-91.0042, 48.2026], [-90.977, 48.2195], [-90.915, 48.2306], [-90.9068, 48.2373], [-90.8855, 48.2458], [-90.8751, 48.2378], [-90.8474, 48.2444], [-90.8392, 48.2395], [-90.8378, 48.2347], [-90.8398, 48.2283], [-90.8373, 48.2256], [-90.8342, 48.1887], [-90.8363, 48.177], [-90.8326, 48.1738], [-90.8236, 48.1781], [-90.8257, 48.1836], [-90.8211, 48.1847], [-90.8177, 48.1796], [-90.8042, 48.1778], [-90.8007, 48.1632], [-90.7966, 48.1594], [-90.7779, 48.1638], [-90.778, 48.1487], [-90.798, 48.1369], [-90.7821, 48.1354], [-90.7899, 48.1299], [-90.7768, 48.1241], [-90.7742, 48.1186], [-90.7691, 48.1166], [-90.7616, 48.0983], [-90.7516, 48.091], [-90.7415, 48.0946], [-90.6416, 48.1035], [-90.6269, 48.1118], [-90.5915, 48.1175], [-90.5799, 48.1239], [-90.5759, 48.1209], [-90.5593, 48.1217], [-90.5558, 48.1171], [-90.5698, 48.107], [-90.5675, 48.1012], [-90.5568, 48.096], [-90.5171, 48.0994], [-90.5109, 48.0974], [-90.4938, 48.1013], [-90.4871, 48.0991], [-90.4677, 48.1088], [-90.4384, 48.0987], [-90.4032, 48.1051], [-90.3745, 48.0909], [-90.3677, 48.0946], [-90.3442, 48.0944], [-90.3301, 48.1024], [-90.3124, 48.1053], [-90.2893, 48.099], [-90.2746, 48.1033], [-90.2539, 48.1022], [-90.2247, 48.1081], [-90.1887, 48.1079], [-90.1766, 48.1124], [-90.1642, 48.1097], [-90.1362, 48.1121], [-90.1163, 48.1043], [-90.0916, 48.1046], [-90.0739, 48.1011], [-90.0236, 48.0847], [-90.0151, 48.0672], [-90.0084, 48.0684], [-89.9979, 48.0576], [-89.9938, 48.049], [-89.9967, 48.0354], [-89.993, 48.0284], [-89.9743, 48.0228], [-89.9683, 48.0145], [-89.9521, 48.0108], [-89.9506, 48.0159], [-89.9345, 48.0156], [-89.9307, 48.0082], [-89.9254, 48.0067], [-89.9275, 48.0018], [-89.9216, 47.9999], [-89.9226, 47.9968], [-89.9161, 47.9966], [-89.8974, 47.9876], [-89.8712, 47.9859], [-89.8682, 47.9899], [-89.8462, 47.9927], [-89.8427, 47.9974], [-89.8448, 48.0031], [-89.8318, 47.9994], [-89.8198, 48.0151], [-89.8074, 48.0172], [-89.806, 48.014], [-89.7977, 48.0145], [-89.7919, 48.0182], [-89.7794, 48.0184], [-89.7758, 48.0224], [-89.7737, 48.0201], [-89.764, 48.023], [-89.7493, 48.0233], [-89.7426, 48.0198], [-89.734, 48.0219], [-89.7312, 48.0188], [-89.7232, 48.0205], [-89.7197, 48.0182], [-89.7243, 48.0165], [-89.724, 48.0137], [-89.7171, 48.0172], [-89.7159, 48.0092], [-89.7081, 48.0102], [-89.7025, 48.0063], [-89.6738, 48.0115], [-89.6671, 48.0074], [-89.6632, 48.0106], [-89.6571, 48.01], [-89.6511, 48.0036], [-89.6454, 48.0062], [-89.638, 48.0038], [-89.6372, 48.0093], [-89.6179, 48.0109], [-89.6104, 48.0178], [-89.6078, 48.0066], [-89.5859, 48.0012], [-89.581, 47.9959], [-89.5688, 47.9994], [-89.5272, 47.9995], [-89.5114, 48.0051], [-89.494, 48.0047], [-89.5457, 47.994], [-89.5664, 47.9928], [-89.573, 47.9896], [-89.5747, 47.9846], [-89.601, 47.9803], [-89.609, 47.9806], [-89.6139, 47.9849], [-89.6061, 47.9888], [-89.6117, 47.9947], [-89.6245, 47.9947], [-89.6496, 47.9793], [-89.6395, 47.9536], [-89.6576, 47.967], [-89.6814, 47.9636], [-89.6905, 47.9535], [-89.6819, 47.9498], [-89.6818, 47.945], [-89.7032, 47.9396], [-89.7587, 47.9075], [-89.7599, 47.9041], [-89.774, 47.9021], [-89.8289, 47.8802], [-89.8382, 47.8807], [-89.8388, 47.8764], [-89.843, 47.8795], [-89.854, 47.874], [-89.8721, 47.8742], [-89.8836, 47.8677], [-89.8994, 47.8679], [-89.9159, 47.8616], [-89.9191, 47.864], [-89.928, 47.8607], [-89.9312, 47.8569], [-89.929, 47.8507], [-89.9367, 47.851], [-89.9368, 47.8458], [-89.9538, 47.8401], [-89.9714, 47.839], [-89.9706, 47.8329], [-89.9745, 47.8311], [-90.0113, 47.8236], [-90.0244, 47.8179], [-90.0422, 47.8176], [-90.072, 47.8111], [-90.0817, 47.8036], [-90.1176, 47.7947], [-90.1648, 47.7922], [-90.1788, 47.7864], [-90.1883, 47.7771], [-90.2319, 47.776], [-90.3052, 47.757], [-90.3117, 47.7576], [-90.3331, 47.748], [-90.3419, 47.7486], [-90.3447, 47.7451], [-90.3908, 47.741], [-90.3979, 47.7374], [-90.4377, 47.7316], [-90.4409, 47.7292], [-90.4402, 47.7254], [-90.4478, 47.7228], [-90.5371, 47.7031], [-90.5513, 47.6903], [-90.585, 47.6807], [-90.6636, 47.6488], [-90.7076, 47.636], [-90.777, 47.6062], [-90.7968, 47.5923], [-90.8897, 47.5448], [-90.9234, 47.5214], [-90.9513, 47.508], [-90.9822, 47.4886], [-90.982, 47.4863], [-91.0231, 47.465], [-91.0207, 47.888], [-91.0265, 47.8883], [-91.0246, 48.0641], [-91.0316, 48.0641], [-91.0321, 48.1885], [-91.0034, 48.2002]]]]}}, {"type": "Feature", "properties": {"code": "27075", "name": "Lake", "state": "MN"}, "geometry": {"type": "MultiPolygon", "coordinates": [[[[-91.5517, 47.0906], [-91.5516, 47.0873], [-91.5532, 47.0876], [-91.5517, 47.0906]]], [[[-91.7971, 47.9117], [-91.7999, 48.0659], [-91.7983, 48.2029], [-91.7918, 48.2025], [-91.789, 48.1965], [-91.7861, 48.1964], [-91.7812, 48.2004], [-91.7647, 48.2006], [-91.7564, 48.2058], [-91.7491, 48.1988], [-91.7419, 48.1991], [-91.7423, 48.2045], [-91.7149, 48.1991], [-91.7105, 48.1939], [-91.7116, 48.1891], [-91.7214, 48.1803], [-91.7246, 48.1707], [-91.7053, 48.1708], [-91.7051, 48.1597], [-91.7085, 48.1527], [-91.6982, 48.1416], [-91.7, 48.1318], [-91.712, 48.1147], [-91.7035, 48.1135], [-91.6828, 48.1221], [-91.6876, 48.1117], [-91.6769, 48.1073], [-91.6652, 48.107], [-91.6626, 48.1115], [-91.6533, 48.1141], [-91.6536, 48.1096], [-91.6402, 48.0969], [-91.5593, 48.1083], [-91.553, 48.103], [-91.5697, 48.0933], [-91.5755, 48.0663], [-91.573, 48.0573], [-91.5757, 48.0488], [-91.5673, 48.0437], [-91.4886, 48.0681], [-91.4503, 48.0688], [-91.4466, 48.0674], [-91.4471, 48.0632], [-91.4389, 48.05], [-91.4296, 48.0486], [-91.3911, 48.0571], [-91.3709, 48.0694], [-91.3651, 48.067], [-91.3402, 48.0732], [-91.3326, 48.0693], [-91.3248, 48.0726], [-91.2902, 48.0739], [-91.2664, 48.0787], [-91.2501, 48.0841], [-91.2349, 48.0959], [-91.2144, 48.1029], [-91.1905, 48.1249], [-91.1832, 48.1222], [-91.1377, 48.1492], [-91.143, 48.1542], [-91.12, 48.1604], [-91.1149, 48.1661], [-91.0923, 48.1731], [-91.0827, 48.1808], [-91.0655, 48.1812], [-91.0572, 48.1873], [-91.0321, 48.1885], [-91.0316, 48.0641], [-91.0246, 48.0641], [-91.0265, 47.8883], [-91.0207, 47.888], [-91.0231, 47.465], [-91.0329, 47.4582], [-91.0456, 47.4565], [-91.0956, 47.4147], [-91.1194, 47.4046], [-91.1422, 47.3881], [-91.147, 47.3815], [-91.1548, 47.3804], [-91.1707, 47.3658], [-91.1858, 47.3466], [-91.184, 47.3437], [-91.1866, 47.3399], [-91.1954, 47.3379], [-91.2066, 47.3302], [-91.2103, 47.3201], [-91.2286, 47.312], [-91.2293, 47.3072], [-91.2387, 47.305], [-91.2466, 47.2944], [-91.2492, 47.2842], [-91.2738, 47.2753], [-91.2786, 47.2665], [-91.2875, 47.2667], [-91.2967, 47.2561], [-91.3056, 47.2536], [-91.3256, 47.2392], [-91.3293, 47.232], [-91.3479, 47.2214], [-91.3566, 47.2084], [-91.3643, 47.2056], [-91.3667, 47.2001], [-91.3773, 47.198], [-91.3865, 47.1877], [-91.4086, 47.1823], [-91.4105, 47.1765], [-91.4208, 47.1705], [-91.4217, 47.1667], [-91.4365, 47.1596], [-91.4431, 47.1512], [-91.4543, 47.1458], [-91.4615, 47.1352], [-91.4811, 47.1245], [-91.4865, 47.1255], [-91.5067, 47.1193], [-91.5209, 47.1043], [-91.5393, 47.1017], [-91.55, 47.0935], [-91.5613, 47.0941], [-91.5738, 47.0899], [-91.595, 47.0624], [-91.6033, 47.0638], [-91.6132, 47.0592], [-91.6421, 47.0386], [-91.6429, 47.0352], [-91.6363, 47.031], [-91.6374, 47.0273], [-91.6455, 47.026], [-91.6515, 47.0298], [-91.656, 47.0289], [-91.6612, 47.0249], [-91.6605, 47.0153], [-91.6637, 47.0129], [-91.6689, 47.0172], [-91.6758, 47.0176], [-91.6847, 47.0068], [-91.7046, 47.0052], [-91.7671, 46.9575], [-91.7775, 46.9525], [-91.7807, 46.9433], [-91.7944, 46.9396], [-91.7891, 47.4804], [-91.7905, 47.6008], [-91.7964, 47.6659], [-91.8001, 47.8174], [-91.7971, 47.9117]]]]}}, {"type": "Feature", "properties": {"code": "27077", "name": "Lake of the Woods", "state": "MN"}, "geometry": {"type": "Polygon", "coordinates": [[[-95.0899, 48.7131], [-95.0915, 48.9206], [-95.1164, 48.9036], [-95.1484, 48.8923], [-95.2265, 48.8817], [-95.2549, 48.8845], [-95.2746, 48.893], [-95.2749, 48.8956], [-95.301, 48.9042], [-95.2964, 48.9083], [-95.3109, 48.9183], [-95.3228, 48.9354], [-95.3214, 48.942], [-95.3154, 48.946], [-95.3071, 48.9464], [-95.3112, 48.9489], [-95.3074, 48.9472], [-95.3059, 48.9454], [-95.305, 48.9483], [-95.3177, 48.9524], [-95.3212, 48.9599], [-95.3197, 48.9636], [-95.3255, 48.9699], [-95.327, 48.9769], [-95.3268, 48.9821], [-95.3177, 48.9962], [-95.3199, 48.9988], [-95.1537, 48.9989], [-95.1533, 49.3844], [-95.1265, 49.3694], [-95.0584, 49.3532], [-95.0144, 49.3564], [-94.9889, 49.3689], [-94.9575, 49.3702], [-94.8542, 49.3242], [-94.8162, 49.321], [-94.8243, 49.3088], [-94.8256, 49.2944], [-94.7972, 49.2143], [-94.7981, 49.1979], [-94.7732, 49.1207], [-94.7503, 49.0993], [-94.6843, 48.884], [-94.6842, 48.8724], [-94.6925, 48.869], [-94.6902, 48.8634], [-94.693, 48.8534], [-94.6857, 48.8401], [-94.702, 48.8318], [-94.7043, 48.8243], [-94.695, 48.8092], [-94.6943, 48.7822], [-94.687, 48.775], [-94.652, 48.7559], [-94.6412, 48.7413], [-94.619, 48.7374], [-94.6014, 48.7284], [-94.5896, 48.7179], [-94.5491, 48.7147], [-94.5386, 48.7026], [-94.5333, 48.7012], [-94.4729, 48.6968], [-94.4523, 48.6924], [-94.4387, 48.6949], [-94.4303, 48.701], [-94.4287, 48.3674], [-95.211, 48.366], [-95.212, 48.5399], [-95.3425, 48.5402], [-95.3427, 48.713], [-95.0899, 48.7131]]]}}, {"type": "Feature", "properties": {"code": "29171", "name": "Putnam", "state": "MO"}, "geometry": {"type": "Polygon", "coordinates": [[[-93.3744, 40.5803], [-92.7146, 40.5896], [-92.7212, 40.584], [-92.7022, 40.581], [-92.7021, 40.571], [-92.6957, 40.5714], [-92.6945, 40.5683], [-92.6901, 40.5754], [-92.6898, 40.5704], [-92.6922, 40.5675], [-92.7098, 40.5629], [-92.7193, 40.5636], [-92.7165, 40.5619], [-92.7175, 40.5583], [-92.7054, 40.5581], [-92.6953, 40.5606], [-92.6911, 40.5647], [-92.683, 40.5603], [-92.6844, 40.5485], [-92.6924, 40.5503], [-92.7009, 40.5376], [-92.7037, 40.5376], [-92.7016, 40.5351], [-92.7076, 40.535], [-92.6981, 40.5313], [-92.6994, 40.5279], [-92.6815, 40.522], [-92.6751, 40.5235], [-92.6708, 40.5195], [-92.6779, 40.516], [-92.6809, 40.5189], [-92.6883, 40.5169], [-92.6846, 40.5152], [-92.6856, 40.5107], [-92.6832, 40.5115], [-92.6862, 40.503], [-92.68, 40.5021], [-92.6823, 40.4994], [-92.676, 40.4995], [-92.6853, 40.4894], [-92.6851, 40.4853], [-92.6906, 40.4887], [-92.6961, 40.4872], [-92.6981, 40.4794], [-92.7019, 40.4831], [-92.7014, 40.4765], [-92.7044, 40.4768], [-92.7046, 40.4742], [-92.7011, 40.4729], [-92.704, 40.4684], [-92.6983, 40.4692], [-92.7023, 40.466], [-92.6994, 40.4639], [-92.7093, 40.46], [-92.7032, 40.4535], [-92.7041, 40.4493], [-92.7014, 40.4494], [-92.7101, 40.444], [-92.7013, 40.4366], [-92.6945, 40.4357], [-92.7015, 40.4301], [-92.6932, 40.4256], [-92.6936, 40.4229], [-92.6786, 40.4184], [-92.6709, 40.41], [-92.6646, 40.4094], [-92.6732, 40.4077], [-92.674, 40.4032], [-92.6771, 40.408], [-92.6797, 40.4038], [-92.6661, 40.3965], [-92.6721, 40.3915], [-92.6759, 40.3954], [-92.686, 40.3943], [-92.6852, 40.3826], [-92.6876, 40.3812], [-92.6827, 40.376], [-92.6872, 40.3742], [-92.682, 40.361], [-92.686, 40.3583], [-92.6858, 40.3511], [-92.6807, 40.3464], [-92.6842, 40.3435], [-92.7246, 40.3427], [-92.8556, 40.3427], [-92.8553, 40.3859], [-93.3669, 40.383], [-93.367, 40.4718], [-93.3748, 40.4726], [-93.3744, 40.5803]]]}}, {"type": "Feature", "properties": {"code": "19179", "name": "Wapello", "state": "IA"}, "geometry": {"type": "Polygon", "coordinates": [[[-92.18, 41.1627], [-92.1791, 40.8997], [-92.6391, 40.8989], [-92.6404, 41.1614], [-92.18, 41.1627]]]}}, {"type": "Feature", "properties": {"code": "19035", "name": "Cherokee", "state": "IA"}, "geometry": {"type": "Polygon", "coordinates": [[[-95.8594, 42.9091], [-95.3882, 42.9099], [-95.388, 42.5617], [-95.8599, 42.5606], [-95.8594, 42.9091]]]}}, {"type": "Feature", "properties": {"code": "55023", "name": "Crawford", "state": "WI"}, "geometry": {"type": "Polygon", "coordinates": [[[-91.2061, 43.375], [-91.1977, 43.3953], [-91.2012, 43.4159], [-91.2056, 43.4229], [-90.6686, 43.423], [-90.6686, 43.3798], [-90.666, 43.3794], [-90.6668, 43.1718], [-90.6899, 43.173], [-90.6981, 43.1682], [-90.6982, 43.1607], [-90.7267, 43.1449], [-90.7425, 43.1236], [-90.7502, 43.124], [-90.7633, 43.1156], [-90.7999, 43.1084], [-90.8228, 43.0881], [-90.8399, 43.0852], [-90.8457, 43.0776], [-90.8666, 43.0728], [-90.8829, 43.0732], [-90.9141, 43.0626], [-90.9292, 43.0652], [-90.9375, 43.0635], [-90.9531, 43.0438], [-90.9694, 43.0332], [-90.9829, 43.0269], [-91.0044, 43.0224], [-91.0121, 43.0132], [-91.0229, 43.0075], [-91.0526, 43.0017], [-91.0573, 42.9941], [-91.0871, 42.9936], [-91.1014, 43.0001], [-91.1312, 42.9995], [-91.1568, 42.9882], [-91.1747, 43.0387], [-91.1795, 43.0674], [-91.1752, 43.1038], [-91.177, 43.1318], [-91.1562, 43.1429], [-91.1462, 43.1524], [-91.1386, 43.17], [-91.1244, 43.1879], [-91.1222, 43.1973], [-91.0664, 43.2393], [-91.0579, 43.2554], [-91.0597, 43.2591], [-91.0726, 43.2621], [-91.0737, 43.2747], [-91.0857, 43.2919], [-91.1072, 43.3136], [-91.1373, 43.3298], [-91.1811, 43.3459], [-91.204, 43.3499], [-91.215, 43.368], [-91.2061, 43.375]]]}}, {"type": "Feature", "properties": {"code": "27061", "name": "Itasca", "state": "MN"}, "geometry": {"type": "Polygon", "coordinates": [[[-94.4185, 47.8458], [-93.7762, 47.8464], [-93.7758, 47.899], [-93.0809, 47.8919], [-93.0837, 47.8065], [-93.082, 47.7206], [-93.0615, 47.7204], [-93.0637, 47.5445], [-93.0696, 47.4002], [-93.0667, 47.3716], [-93.0646, 47.3715], [-93.0663, 47.1094], [-93.056, 47.1093], [-93.0561, 47.0264], [-93.7753, 47.0304], [-93.7739, 47.2113], [-93.7828, 47.2092], [-93.7855, 47.2154], [-93.8003, 47.2209], [-93.8024, 47.2328], [-93.8088, 47.2326], [-93.8108, 47.2355], [-93.8067, 47.2372], [-93.8124, 47.2421], [-93.8045, 47.2431], [-93.8046, 47.2513], [-93.7968, 47.2594], [-93.7931, 47.2577], [-93.7828, 47.2608], [-93.7908, 47.2665], [-93.783, 47.2657], [-93.7855, 47.2693], [-93.7841, 47.2755], [-93.7761, 47.278], [-93.7835, 47.291], [-93.7891, 47.2906], [-93.7865, 47.2994], [-93.7743, 47.2979], [-93.774, 47.3051], [-93.7912, 47.3088], [-93.8077, 47.3045], [-93.8085, 47.308], [-93.8145, 47.3082], [-93.809, 47.3001], [-93.8176, 47.3058], [-93.8211, 47.3005], [-93.8252, 47.3036], [-93.8255, 47.3098], [-93.8261, 47.3038], [-93.8327, 47.3058], [-93.8324, 47.308], [-93.8432, 47.3068], [-93.8424, 47.3089], [-93.8477, 47.3101], [-93.8451, 47.3168], [-93.8545, 47.314], [-93.8537, 47.3186], [-93.861, 47.3226], [-93.861, 47.3194], [-93.8684, 47.3206], [-93.8623, 47.3147], [-93.8696, 47.3185], [-93.8731, 47.3159], [-93.8756, 47.3205], [-93.8764, 47.3167], [-93.8831, 47.3173], [-93.8828, 47.3194], [-93.8881, 47.319], [-93.8855, 47.3234], [-93.8899, 47.3262], [-93.8897, 47.3155], [-93.894, 47.3113], [-93.8934, 47.3069], [-93.9015, 47.3019], [-93.9091, 47.3022], [-93.9117, 47.2976], [-93.915, 47.2994], [-93.9145, 47.3041], [-93.9221, 47.3015], [-93.9235, 47.3076], [-93.9261, 47.3059], [-93.9289, 47.3089], [-93.933, 47.3045], [-93.9363, 47.3091], [-93.9421, 47.3089], [-93.9392, 47.3104], [-93.9423, 47.3148], [-93.9416, 47.3107], [-93.9432, 47.3109], [-93.9437, 47.3174], [-93.9537, 47.3174], [-93.9549, 47.3235], [-93.9726, 47.3304], [-93.9696, 47.3316], [-93.9737, 47.3332], [-93.9741, 47.3381], [-93.9836, 47.3396], [-93.987, 47.3374], [-94.0044, 47.3489], [-94.0079, 47.3467], [-94.0271, 47.352], [-94.0256, 47.3576], [-94.0356, 47.3605], [-94.0434, 47.376], [-94.0392, 47.3854], [-94.0419, 47.4016], [-94.0302, 47.406], [-94.0282, 47.4094], [-94.0587, 47.4349], [-94.0799, 47.4685], [-94.0951, 47.478], [-94.118, 47.4807], [-94.3246, 47.4154], [-94.354, 47.4246], [-94.3732, 47.4271], [-94.3779, 47.432], [-94.3822, 47.432], [-94.3853, 47.4275], [-94.396, 47.4278], [-94.3988, 47.4335], [-94.4102, 47.4353], [-94.4035, 47.4376], [-94.4111, 47.4452], [-94.4162, 47.4449], [-94.4135, 47.5865], [-94.4162, 47.6007], [-94.4185, 47.8458]]]}}, {"type": "Feature", "properties": {"code": "19185", "name": "Wayne", "state": "IA"}, "geometry": {"type": "Polygon", "coordinates": [[[-93.5565, 40.8983], [-93.0976, 40.8985], [-93.0973, 40.584], [-93.5569, 40.5802], [-93.5565, 40.8983]]]}}, {"type": "Feature", "properties": {"code": "29189", "name": "St. Louis", "state": "MO"}, "geometry": {"type": "Polygon", "coordinates": [[[-90.7323, 38.6393], [-90.7058, 38.6473], [-90.703, 38.6575], [-90.6793, 38.6656], [-90.6745, 38.6822], [-90.6605, 38.6886], [-90.6238, 38.6903], [-90.6039, 38.682], [-90.5886, 38.6805], [-90.57, 38.6841], [-90.5547, 38.6816], [-90.5393, 38.6868], [-90.5304, 38.6986], [-90.5319, 38.7303], [-90.4921, 38.7518], [-90.4827, 38.7635], [-90.4732, 38.791], [-90.4406, 38.8277], [-90.4193, 38.8293], [-90.3823, 38.8219], [-90.3658, 38.8259], [-90.3503, 38.8403], [-90.345, 38.8494], [-90.3426, 38.8665], [-90.3364, 38.8826], [-90.3245, 38.8903], [-90.3142, 38.8911], [-90.2937, 38.8855], [-90.2561, 38.8521], [-90.1889, 38.8185], [-90.1776, 38.8189], [-90.1509, 38.8299], [-90.1328, 38.8251], [-90.1231, 38.816], [-90.1177, 38.8057], [-90.1231, 38.798], [-90.1667, 38.7723], [-90.1842, 38.7743], [-90.1864, 38.7615], [-90.2057, 38.7418], [-90.2218, 38.7301], [-90.2518, 38.7189], [-90.3018, 38.6556], [-90.3109, 38.6182], [-90.3205, 38.5942], [-90.3136, 38.5788], [-90.307, 38.5722], [-90.2898, 38.5571], [-90.2727, 38.5486], [-90.271, 38.5387], [-90.2669, 38.5343], [-90.2578, 38.532], [-90.2688, 38.5062], [-90.2928, 38.4287], [-90.3413, 38.3882], [-90.3479, 38.4054], [-90.3481, 38.4306], [-90.3469, 38.4362], [-90.3357, 38.4482], [-90.3361, 38.4535], [-90.3536, 38.4582], [-90.391, 38.4506], [-90.3907, 38.4554], [-90.3947, 38.4585], [-90.4042, 38.4529], [-90.4112, 38.4534], [-90.4226, 38.4821], [-90.4079, 38.4833], [-90.4053, 38.5006], [-90.5911, 38.5017], [-90.6027, 38.4796], [-90.6137, 38.4713], [-90.6263, 38.4759], [-90.6337, 38.4858], [-90.6556, 38.4867], [-90.6607, 38.4792], [-90.6547, 38.4561], [-90.6646, 38.4488], [-90.6788, 38.4459], [-90.6865, 38.4475], [-90.6771, 38.4536], [-90.6788, 38.4579], [-90.6887, 38.4531], [-90.6878, 38.4604], [-90.6969, 38.4719], [-90.7178, 38.4688], [-90.7143, 38.4751], [-90.7235, 38.4821], [-90.732, 38.4822], [-90.7362, 38.4675], [-90.7323, 38.6393]]]}}, {"type": "Feature", "properties": {"code": "19031", "name": "Cedar", "state": "IA"}, "geometry": {"type": "Polygon", "coordinates": [[[-91.3659, 41.9474], [-90.8985, 41.9462], [-90.8999, 41.5971], [-91.3664, 41.5984], [-91.3659, 41.9474]]]}}, {"type": "Feature", "properties": {"code": "27021", "name": "Cass", "state": "MN"}, "geometry": {"type": "Polygon", "coordinates": [[[-94.6599, 46.8037], [-94.6584, 46.9769], [-94.6636, 46.9769], [-94.6636, 47.3227], [-94.6715, 47.3228], [-94.6702, 47.4102], [-94.4164, 47.4118], [-94.4162, 47.4449], [-94.414, 47.4455], [-94.4038, 47.4392], [-94.4102, 47.4353], [-94.3988, 47.4335], [-94.396, 47.4278], [-94.3853, 47.4275], [-94.3822, 47.432], [-94.3779, 47.432], [-94.3732, 47.4271], [-94.354, 47.4246], [-94.3246, 47.4154], [-94.118, 47.4807], [-94.0951, 47.478], [-94.0799, 47.4685], [-94.0587, 47.4349], [-94.0282, 47.4094], [-94.0302, 47.406], [-94.0419, 47.4016], [-94.0392, 47.3854], [-94.0434, 47.376], [-94.0356, 47.3605], [-94.0256, 47.3576], [-94.026, 47.3514], [-94.0079, 47.3467], [-94.0044, 47.3489], [-93.987, 47.3374], [-93.9836, 47.3396], [-93.9741, 47.3381], [-93.9737, 47.3332], [-93.9696, 47.3316], [-93.9726, 47.3304], [-93.9549, 47.3235], [-93.9537, 47.3174], [-93.9437, 47.3174], [-93.9432, 47.3109], [-93.9423, 47.3148], [-93.9392, 47.3104], [-93.9421, 47.3089], [-93.9363, 47.3091], [-93.933, 47.3045], [-93.9289, 47.3089], [-93.9261, 47.3059], [-93.9235, 47.3076], [-93.9221, 47.3015], [-93.9145, 47.3041], [-93.915, 47.2994], [-93.9117, 47.2976], [-93.9091, 47.3022], [-93.9015, 47.3019], [-93.8934, 47.3069], [-93.894, 47.3113], [-93.8897, 47.3155], [-93.8899, 47.3262], [-93.8855, 47.3234], [-93.8881, 47.319], [-93.8828, 47.3194], [-93.8831, 47.3173], [-93.8764, 47.3167], [-93.8756, 47.3205], [-93.8731, 47.3159], [-93.8696, 47.3185], [-93.8623, 47.3147], [-93.8684, 47.3206], [-93.861, 47.3194], [-93.861, 47.3226], [-93.8537, 47.3186], [-93.8545, 47.314], [-93.8451, 47.3168], [-93.8477, 47.3101], [-93.8424, 47.3089], [-93.8432, 47.3068], [-93.8324, 47.308], [-93.8327, 47.3058], [-93.8261, 47.3038], [-93.8255, 47.3098], [-93.8252, 47.3036], [-93.8211, 47.3005], [-93.8176, 47.3058], [-93.809, 47.3001], [-93.8145, 47.3082], [-93.8085, 47.308], [-93.8077, 47.3045], [-93.7912, 47.3088], [-93.774, 47.3051], [-93.7743, 47.2979], [-93.7865, 47.2994], [-93.7891, 47.2906], [-93.7835, 47.291], [-93.7761, 47.278], [-93.7841, 47.2755], [-93.7855, 47.2693], [-93.783, 47.2657], [-93.7908, 47.2665], [-93.7828, 47.2608], [-93.7931, 47.2577], [-93.7968, 47.2594], [-93.8046, 47.2513], [-93.8045, 47.2431], [-93.8124, 47.2421], [-93.8067, 47.2372], [-93.8108, 47.2355], [-93.8088, 47.2326], [-93.8024, 47.2328], [-93.8003, 47.2209], [-93.7855, 47.2154], [-93.7828, 47.2092], [-93.7739, 47.2113], [-93.776, 46.8029], [-94.3429, 46.8055], [-94.3454, 46.6315], [-94.3309, 46.6311], [-94.3273, 46.2898], [-94.3325, 46.2796], [-94.3394, 46.2846], [-94.3417, 46.2777], [-94.3499, 46.2784], [-94.3437, 46.2866], [-94.3505, 46.2954], [-94.3607, 46.3], [-94.3731, 46.2979], [-94.3819, 46.3095], [-94.3901, 46.3035], [-94.3912, 46.3061], [-94.387, 46.3091], [-94.3892, 46.3124], [-94.3962, 46.313], [-94.4023, 46.3216], [-94.4231, 46.3277], [-94.4265, 46.3323], [-94.4451, 46.3318], [-94.4535, 46.328], [-94.4593, 46.3315], [-94.4674, 46.3226], [-94.4811, 46.3215], [-94.4877, 46.3143], [-94.5079, 46.3129], [-94.5134, 46.3082], [-94.5347, 46.3028], [-94.5562, 46.3071], [-94.5591, 46.3112], [-94.5856, 46.3244], [-94.6042, 46.3301], [-94.6142, 46.3245], [-94.6177, 46.3276], [-94.6229, 46.3267], [-94.6373, 46.3414], [-94.6439, 46.3415], [-94.6585, 46.3521], [-94.6635, 46.3502], [-94.6694, 46.3608], [-94.6738, 46.3582], [-94.6761, 46.3507], [-94.7214, 46.3515], [-94.7317, 46.3642], [-94.7282, 46.3812], [-94.732, 46.384], [-94.7411, 46.38], [-94.7462, 46.3847], [-94.7518, 46.3791], [-94.755, 46.3845], [-94.76, 46.3831], [-94.7597, 46.3877], [-94.7654, 46.3902], [-94.7626, 46.3938], [-94.7649, 46.3957], [-94.7715, 46.3962], [-94.7726, 46.392], [-94.7791, 46.3942], [-94.7805, 46.6297], [-94.7859, 46.6302], [-94.7871, 46.8039], [-94.6599, 46.8037]]]}}, {"type": "Feature", "properties": {"code": "27069", "name": "Kittson", "state": "MN"}, "geometry": {"type": "Polygon", "coordinates": [[[-97.2373, 48.9857], [-97.2267, 48.9929], [-97.2342, 48.9963], [-97.2284, 49.0007], [-96.4054, 49.0], [-96.4049, 48.7171], [-96.3875, 48.7171], [-96.3878, 48.5443], [-97.1632, 48.544], [-97.1656, 48.5532], [-97.1386, 48.5523], [-97.141, 48.5563], [-97.1657, 48.5572], [-97.1753, 48.5625], [-97.1516, 48.5676], [-97.1481, 48.5721], [-97.1496, 48.5769], [-97.1606, 48.5809], [-97.1437, 48.5824], [-97.1422, 48.5926], [-97.154, 48.5951], [-97.1438, 48.5984], [-97.1345, 48.6079], [-97.1483, 48.6084], [-97.1498, 48.6127], [-97.1302, 48.6134], [-97.1298, 48.6171], [-97.1347, 48.6202], [-97.1329, 48.6229], [-97.1204, 48.618], [-97.1201, 48.6217], [-97.1308, 48.6292], [-97.1308, 48.6321], [-97.1234, 48.6338], [-97.1135, 48.6304], [-97.1093, 48.6326], [-97.1097, 48.6389], [-97.1157, 48.6445], [-97.1078, 48.6477], [-97.0987, 48.6613], [-97.1093, 48.6641], [-97.1006, 48.6684], [-97.1004, 48.6831], [-97.0903, 48.6845], [-97.1097, 48.6917], [-97.1201, 48.7014], [-97.1205, 48.7038], [-97.11, 48.7078], [-97.119, 48.7113], [-97.1264, 48.7211], [-97.1369, 48.726], [-97.1283, 48.7321], [-97.1412, 48.7353], [-97.1369, 48.7419], [-97.1382, 48.7502], [-97.153, 48.7528], [-97.1548, 48.7574], [-97.1459, 48.7656], [-97.159, 48.7757], [-97.1473, 48.7811], [-97.1594, 48.7838], [-97.1581, 48.7911], [-97.1736, 48.7933], [-97.1714, 48.7965], [-97.1634, 48.7962], [-97.1626, 48.8001], [-97.1812, 48.7979], [-97.179, 48.8011], [-97.1575, 48.8087], [-97.1903, 48.8157], [-97.1796, 48.8201], [-97.1777, 48.8248], [-97.1845, 48.8334], [-97.1738, 48.8383], [-97.1772, 48.8455], [-97.1829, 48.8469], [-97.1733, 48.8503], [-97.179, 48.8573], [-97.1794, 48.8631], [-97.1904, 48.8653], [-97.1778, 48.8753], [-97.1995, 48.8813], [-97.1974, 48.8867], [-97.2017, 48.8917], [-97.194, 48.8913], [-97.1898, 48.8945], [-97.2105, 48.9044], [-97.2112, 48.9166], [-97.2198, 48.922], [-97.2144, 48.9316], [-97.2253, 48.9345], [-97.2265, 48.9456], [-97.2341, 48.9476], [-97.228, 48.963], [-97.2375, 48.9653], [-97.2373, 48.9857]]]}}, {"type": "Feature", "properties": {"code": "29037", "name": "Cass", "state": "MO"}, "geometry": {"type": "Polygon", "coordinates": [[[-94.608, 38.8472], [-94.2876, 38.8351], [-94.1191, 38.8332], [-94.1294, 38.6559], [-94.1164, 38.6555], [-94.1197, 38.5687], [-94.0643, 38.5674], [-94.0678, 38.466], [-94.065, 38.4658], [-94.0657, 38.4471], [-94.0781, 38.4481], [-94.0767, 38.4518], [-94.0804, 38.4497], [-94.0864, 38.4559], [-94.09, 38.4527], [-94.0935, 38.4585], [-94.0972, 38.4546], [-94.1092, 38.4558], [-94.11, 38.4527], [-94.1328, 38.4538], [-94.1477, 38.4507], [-94.1514, 38.4534], [-94.1523, 38.4499], [-94.1681, 38.4502], [-94.1686, 38.4472], [-94.1738, 38.4498], [-94.1706, 38.4468], [-94.1741, 38.4455], [-94.1849, 38.4461], [-94.1877, 38.4487], [-94.19, 38.4473], [-94.2005, 38.4454], [-94.2062, 38.4471], [-94.2075, 38.4508], [-94.212, 38.4468], [-94.2162, 38.4468], [-94.2174, 38.4498], [-94.2233, 38.4483], [-94.2229, 38.4529], [-94.2259, 38.451], [-94.2295, 38.453], [-94.2261, 38.4533], [-94.2288, 38.4548], [-94.225, 38.4574], [-94.2263, 38.4591], [-94.2384, 38.4558], [-94.2398, 38.4601], [-94.2572, 38.4501], [-94.2598, 38.4529], [-94.2671, 38.4505], [-94.2661, 38.4547], [-94.2818, 38.4589], [-94.29, 38.4654], [-94.2899, 38.46], [-94.2975, 38.4589], [-94.3052, 38.4672], [-94.3103, 38.4653], [-94.3139, 38.4694], [-94.3121, 38.4714], [-94.6129, 38.4776], [-94.608, 38.8472]]]}}, {"type": "Feature", "properties": {"code": "19075", "name": "Grundy", "state": "IA"}, "geometry": {"type": "Polygon", "coordinates": [[[-93.027, 42.5568], [-92.5543, 42.5559], [-92.5543, 42.4696], [-92.534, 42.4696], [-92.5335, 42.297], [-92.7681, 42.2967], [-92.7675, 42.2101], [-93.0017, 42.2093], [-93.0029, 42.4706], [-93.0271, 42.4708], [-93.027, 42.5568]]]}}, {"type": "Feature", "properties": {"code": "29033", "name": "Carroll", "state": "MO"}, "geometry": {"type": "Polygon", "coordinates": [[[-93.7584, 39.6114], [-93.2781, 39.6156], [-93.2699, 39.5999], [-93.2751, 39.5901], [-93.2694, 39.5843], [-93.271, 39.5771], [-93.2666, 39.5736], [-93.27, 39.5602], [-93.258, 39.5552], [-93.267, 39.5485], [-93.2664, 39.5461], [-93.2536, 39.5435], [-93.2659, 39.5417], [-93.2711, 39.5344], [-93.2772, 39.5395], [-93.2859, 39.5379], [-93.2843, 39.5335], [-93.2767, 39.531], [-93.2757, 39.5268], [-93.283, 39.5195], [-93.2659, 39.5], [-93.268, 39.4965], [-93.2765, 39.4967], [-93.2766, 39.4861], [-93.2663, 39.4784], [-93.2616, 39.47], [-93.2643, 39.4612], [-93.2749, 39.4651], [-93.2758, 39.4583], [-93.2717, 39.4569], [-93.2581, 39.4629], [-93.254, 39.4619], [-93.2502, 39.4597], [-93.2495, 39.4525], [-93.2546, 39.4451], [-93.2469, 39.443], [-93.245, 39.4506], [-93.2474, 39.4581], [-93.2375, 39.4644], [-93.2392, 39.4709], [-93.2246, 39.4721], [-93.2216, 39.4677], [-93.2245, 39.4588], [-93.2195, 39.4508], [-93.2234, 39.4471], [-93.2299, 39.4472], [-93.2288, 39.4363], [-93.2192, 39.4304], [-93.2163, 39.4315], [-93.2221, 39.44], [-93.2174, 39.4433], [-93.2107, 39.4401], [-93.2136, 39.4305], [-93.2059, 39.4297], [-93.1978, 39.4343], [-93.2049, 39.4404], [-93.1835, 39.4325], [-93.1655, 39.4363], [-93.1548, 39.4217], [-93.1391, 39.4235], [-93.1206, 39.4179], [-93.1148, 39.411], [-93.1185, 39.4025], [-93.1157, 39.3895], [-93.1045, 39.3837], [-93.1252, 39.3777], [-93.1396, 39.3786], [-93.152, 39.3872], [-93.1672, 39.4073], [-93.1775, 39.4117], [-93.1931, 39.4093], [-93.201, 39.3989], [-93.1902, 39.3818], [-93.1896, 39.3704], [-93.2217, 39.3313], [-93.2301, 39.3279], [-93.2403, 39.3364], [-93.2527, 39.3388], [-93.2638, 39.331], [-93.2678, 39.3251], [-93.2669, 39.3193], [-93.2777, 39.3115], [-93.2942, 39.3092], [-93.3248, 39.3106], [-93.3369, 39.307], [-93.3441, 39.2972], [-93.3444, 39.2894], [-93.329, 39.2655], [-93.3291, 39.2551], [-93.3367, 39.2481], [-93.3821, 39.2288], [-93.4019, 39.2269], [-93.4152, 39.2349], [-93.4152, 39.2418], [-93.403, 39.258], [-93.4071, 39.2651], [-93.4139, 39.2678], [-93.4442, 39.2685], [-93.4507, 39.273], [-93.4599, 39.2894], [-93.4733, 39.2933], [-93.4858, 39.2888], [-93.4954, 39.2755], [-93.4962, 39.2649], [-93.4866, 39.2339], [-93.4893, 39.2263], [-93.5002, 39.218], [-93.5296, 39.215], [-93.5515, 39.217], [-93.5632, 39.22], [-93.5689, 39.2286], [-93.585, 39.2404], [-93.6284, 39.2432], [-93.6364, 39.2472], [-93.6434, 39.2454], [-93.6505, 39.2482], [-93.6575, 39.2455], [-93.6561, 39.241], [-93.6619, 39.2358], [-93.6835, 39.2301], [-93.7001, 39.2097], [-93.7112, 39.2063], [-93.739, 39.2097], [-93.7585, 39.207], [-93.7584, 39.6114]]]}}, {"type": "Feature", "properties": {"code": "17197", "name": "Will", "state": "IL"}, "geometry": {"type": "Polygon", "coordinates": [[[-88.0304, 41.7289], [-88.0277, 41.6415], [-87.9119, 41.6439], [-87.9094, 41.5569], [-87.7928, 41.5585], [-87.7903, 41.4698], [-87.5257, 41.4703], [-87.5267, 41.2981], [-88.0139, 41.2924], [-88.0118, 41.2055], [-88.2441, 41.2016], [-88.2613, 41.7247], [-88.0304, 41.7289]]]}}, {"type": "Feature", "properties": {"code": "17165", "name": "Saline", "state": "IL"}, "geometry": {"type": "Polygon", "coordinates": [[[-88.7066, 37.9068], [-88.3745, 37.9077], [-88.3755, 37.599], [-88.7085, 37.5991], [-88.7066, 37.9068]]]}}, {"type": "Feature", "properties": {"code": "55075", "name": "Marinette", "state": "WI"}, "geometry": {"type": "MultiPolygon", "coordinates": [[[[-87.4972, 45.0611], [-87.4918, 45.0566], [-87.4928, 45.0557], [-87.5051, 45.0598], [-87.4972, 45.0611]]], [[[-88.4253, 45.7224], [-88.1988, 45.7186], [-88.0593, 45.7131], [-88.0583, 45.7807], [-88.0417, 45.7837], [-88.0397, 45.7896], [-88.0272, 45.7892], [-87.9934, 45.7956], [-87.9879, 45.7931], [-87.9809, 45.777], [-87.9897, 45.772], [-87.967, 45.764], [-87.9635, 45.7582], [-87.9455, 45.7567], [-87.9291, 45.7604], [-87.9113, 45.7565], [-87.9059, 45.7594], [-87.8984, 45.7525], [-87.8758, 45.7539], [-87.8622, 45.745], [-87.8643, 45.7371], [-87.8555, 45.7269], [-87.8373, 45.7169], [-87.8101, 45.7102], [-87.8051, 45.705], [-87.8091, 45.6997], [-87.7822, 45.6831], [-87.7816, 45.6733], [-87.8232, 45.6627], [-87.8247, 45.6532], [-87.8241, 45.6471], [-87.8102, 45.6387], [-87.7959, 45.6188], [-87.7808, 45.6146], [-87.7747, 45.602], [-87.7772, 45.5885], [-87.7868, 45.5828], [-87.7888, 45.5659], [-87.7924, 45.5631], [-87.8317, 45.568], [-87.833, 45.5595], [-87.8137, 45.5486], [-87.8034, 45.5383], [-87.8022, 45.5131], [-87.7988, 45.5063], [-87.7932, 45.505], [-87.7928, 45.5], [-87.7979, 45.494], [-87.799, 45.4851], [-87.8069, 45.4791], [-87.8058, 45.4731], [-87.813, 45.4642], [-87.8312, 45.4572], [-87.836, 45.4509], [-87.8448, 45.4484], [-87.8617, 45.4345], [-87.8604, 45.4235], [-87.8505, 45.4117], [-87.8493, 45.4039], [-87.8591, 45.399], [-87.8568, 45.3931], [-87.8594, 45.3882], [-87.8754, 45.3794], [-87.8713, 45.3715], [-87.8849, 45.3628], [-87.8881, 45.3547], [-87.8811, 45.3513], [-87.8704, 45.3563], [-87.8758, 45.3653], [-87.8702, 45.3664], [-87.866, 45.3632], [-87.8635, 45.353], [-87.8504, 45.3475], [-87.8501, 45.3404], [-87.8381, 45.3451], [-87.8326, 45.3522], [-87.7903, 45.3534], [-87.7831, 45.3497], [-87.7541, 45.3494], [-87.7509, 45.355], [-87.7385, 45.3572], [-87.7189, 45.3775], [-87.694, 45.3899], [-87.675, 45.3825], [-87.6735, 45.3769], [-87.6573, 45.3688], [-87.6566, 45.3586], [-87.6477, 45.3507], [-87.6481, 45.3394], [-87.6616, 45.3276], [-87.6615, 45.3214], [-87.6719, 45.3082], [-87.6875, 45.2981], [-87.6982, 45.2815], [-87.6988, 45.2694], [-87.7104, 45.2593], [-87.7078, 45.2583], [-87.7111, 45.2529], [-87.7113, 45.24], [-87.7183, 45.2383], [-87.7252, 45.2315], [-87.7214, 45.2268], [-87.727, 45.2189], [-87.7262, 45.2094], [-87.7363, 45.2047], [-87.7418, 45.1971], [-87.7352, 45.1776], [-87.7361, 45.1722], [-87.7101, 45.159], [-87.7035, 45.1522], [-87.6839, 45.1441], [-87.6758, 45.1351], [-87.6782, 45.1301], [-87.6613, 45.1126], [-87.6612, 45.1083], [-87.6315, 45.1062], [-87.5922, 45.0948], [-87.5874, 45.0871], [-87.6088, 45.0777], [-87.6257, 45.0452], [-87.6247, 45.0142], [-87.6289, 44.9867], [-87.6544, 44.9821], [-87.6582, 44.9799], [-87.6592, 44.9725], [-87.6966, 44.9752], [-87.7624, 44.9666], [-87.7601, 44.9905], [-87.9444, 44.9931], [-87.943, 45.0204], [-88.1212, 45.0236], [-88.1189, 45.1102], [-88.1892, 45.1118], [-88.1864, 45.198], [-88.3091, 45.2016], [-88.3058, 45.3745], [-88.4281, 45.377], [-88.4253, 45.7224]]]]}}, {"type": "Feature", "properties": {"code": "27129", "name": "Renville", "state": "MN"}, "geometry": {"type": "Polygon", "coordinates": [[[-95.4829, 44.8907], [-94.4977, 44.8923], [-94.4981, 44.7172], [-94.6295, 44.7167], [-94.6293, 44.5423], [-94.6243, 44.5423], [-94.6242, 44.456], [-94.7902, 44.4563], [-94.7934, 44.4609], [-94.8054, 44.4653], [-94.8064, 44.4667], [-94.8, 44.4668], [-94.7981, 44.4696], [-94.8028, 44.4678], [-94.81, 44.4713], [-94.8111, 44.4814], [-94.8179, 44.4802], [-94.8149, 44.4845], [-94.8237, 44.4855], [-94.8266, 44.4831], [-94.8319, 44.489], [-94.8383, 44.4885], [-94.8426, 44.4923], [-94.8532, 44.4897], [-94.8551, 44.4925], [-94.8518, 44.4952], [-94.8618, 44.4951], [-94.8706, 44.5011], [-94.8738, 44.4995], [-94.8736, 44.5056], [-94.8795, 44.5069], [-94.8777, 44.5111], [-94.8803, 44.5168], [-94.8904, 44.5122], [-94.8921, 44.5184], [-94.8983, 44.5208], [-94.9029, 44.5202], [-94.9022, 44.5173], [-94.9204, 44.5166], [-94.9307, 44.5246], [-94.9373, 44.5232], [-94.935, 44.5276], [-94.9378, 44.5303], [-94.9429, 44.5257], [-94.9467, 44.5294], [-94.9687, 44.5334], [-94.9673, 44.5388], [-94.9702, 44.5403], [-94.9746, 44.5355], [-94.9771, 44.5354], [-94.979, 44.5373], [-94.9749, 44.5369], [-94.9754, 44.5405], [-94.9843, 44.5398], [-94.9821, 44.5422], [-94.9869, 44.5418], [-94.9888, 44.5464], [-95.0007, 44.5475], [-95.0022, 44.543], [-95.0065, 44.547], [-95.0066, 44.5442], [-95.0167, 44.5429], [-95.0125, 44.5503], [-95.0169, 44.5513], [-95.0221, 44.5455], [-95.0251, 44.5465], [-95.026, 44.5533], [-95.0299, 44.5507], [-95.0335, 44.5572], [-95.0496, 44.5582], [-95.051, 44.5617], [-95.0586, 44.5624], [-95.0589, 44.5679], [-95.0678, 44.5721], [-95.0758, 44.5739], [-95.0822, 44.5691], [-95.0973, 44.5718], [-95.0991, 44.5738], [-95.0963, 44.5765], [-95.0883, 44.5791], [-95.0998, 44.5783], [-95.1043, 44.5874], [-95.115, 44.5893], [-95.1197, 44.5958], [-95.1327, 44.5964], [-95.1342, 44.6018], [-95.1466, 44.6075], [-95.1508, 44.6153], [-95.1666, 44.6217], [-95.1764, 44.6194], [-95.1783, 44.6229], [-95.1864, 44.6245], [-95.1977, 44.6357], [-95.2105, 44.6417], [-95.2128, 44.6467], [-95.2178, 44.6455], [-95.2231, 44.652], [-95.2399, 44.6607], [-95.2447, 44.6672], [-95.2669, 44.6593], [-95.293, 44.6607], [-95.2937, 44.6643], [-95.3123, 44.6762], [-95.3108, 44.6875], [-95.314, 44.6916], [-95.3543, 44.6961], [-95.3778, 44.703], [-95.3821, 44.7057], [-95.3796, 44.7111], [-95.3855, 44.7095], [-95.3936, 44.7145], [-95.3985, 44.714], [-95.3989, 44.7187], [-95.4014, 44.719], [-95.3971, 44.7238], [-95.4125, 44.7328], [-95.4168, 44.7346], [-95.4203, 44.7313], [-95.4278, 44.7393], [-95.4411, 44.7435], [-95.4581, 44.7409], [-95.4636, 44.7488], [-95.4772, 44.7561], [-95.4828, 44.7525], [-95.4829, 44.8907]]]}}, {"type": "Feature", "properties": {"code": "29211", "name": "Sullivan", "state": "MO"}, "geometry": {"type": "Polygon", "coordinates": [[[-93.3669, 40.383], [-92.8553, 40.3859], [-92.8562, 40.0373], [-93.3666, 40.0331], [-93.3669, 40.383]]]}}, {"type": "Feature", "properties": {"code": "19029", "name": "Cass", "state": "IA"}, "geometry": {"type": "Polygon", "coordinates": [[[-95.1547, 41.5052], [-94.7006, 41.5041], [-94.7006, 41.1581], [-95.1559, 41.1592], [-95.1547, 41.5052]]]}}, {"type": "Feature", "properties": {"code": "27171", "name": "Wright", "state": "MN"}, "geometry": {"type": "Polygon", "coordinates": [[[-94.2546, 45.3007], [-94.257, 45.3063], [-94.2526, 45.3083], [-94.2243, 45.3114], [-94.2182, 45.3156], [-94.1943, 45.3189], [-94.1866, 45.3182], [-94.1799, 45.3132], [-94.1734, 45.3014], [-94.1567, 45.304], [-94.1168, 45.328], [-94.1065, 45.3399], [-94.0899, 45.3455], [-94.096, 45.3524], [-94.0873, 45.3643], [-94.0814, 45.3668], [-94.086, 45.3798], [-94.0782, 45.384], [-94.0686, 45.3963], [-94.0689, 45.404], [-94.052, 45.4236], [-94.0324, 45.4124], [-94.0257, 45.4045], [-94.007, 45.4043], [-94.0057, 45.4012], [-94.0112, 45.3967], [-94.0098, 45.3911], [-94.0051, 45.3916], [-94.0043, 45.3975], [-93.9962, 45.4017], [-93.9862, 45.3996], [-93.9785, 45.3909], [-93.9574, 45.3779], [-93.9438, 45.3852], [-93.9269, 45.3857], [-93.9143, 45.3826], [-93.9099, 45.3733], [-93.8889, 45.3631], [-93.8822, 45.3494], [-93.8676, 45.3393], [-93.8311, 45.3348], [-93.8062, 45.313], [-93.7695, 45.2979], [-93.7543, 45.2949], [-93.7356, 45.2999], [-93.7044, 45.2977], [-93.6858, 45.3051], [-93.6697, 45.2952], [-93.6295, 45.2961], [-93.5794, 45.2921], [-93.5731, 45.2952], [-93.5703, 45.3016], [-93.564, 45.3012], [-93.5561, 45.2857], [-93.5524, 45.2655], [-93.544, 45.2579], [-93.5265, 45.2514], [-93.5206, 45.2424], [-93.5147, 45.2399], [-93.5199, 45.2383], [-93.5287, 45.2224], [-93.5334, 45.2256], [-93.5341, 45.2306], [-93.5426, 45.2326], [-93.5486, 45.2265], [-93.5611, 45.227], [-93.57, 45.2185], [-93.5875, 45.2146], [-93.5924, 45.2184], [-93.5926, 45.2107], [-93.5979, 45.2073], [-93.602, 45.2081], [-93.6041, 45.2128], [-93.6109, 45.2081], [-93.6127, 45.2115], [-93.6259, 45.2092], [-93.6234, 45.2039], [-93.6285, 45.2024], [-93.6371, 45.2102], [-93.6472, 45.1996], [-93.6571, 45.1975], [-93.6585, 45.1915], [-93.6513, 45.1825], [-93.6394, 45.1753], [-93.6386, 45.1656], [-93.6611, 45.1533], [-93.6813, 45.1513], [-93.6969, 45.1394], [-93.7206, 45.1144], [-93.7296, 45.0974], [-93.7289, 45.09], [-93.7392, 45.081], [-93.7497, 45.0791], [-93.758, 45.0828], [-93.7619, 45.0812], [-93.7586, 45.0778], [-93.7611, 45.0736], [-93.7585, 45.0729], [-93.7645, 45.0711], [-93.7612, 45.0688], [-93.7655, 45.0663], [-93.7667, 45.0602], [-93.7675, 44.9776], [-94.2561, 44.9795], [-94.256, 45.2113], [-94.2568, 45.2393], [-94.2603, 45.2393], [-94.2615, 45.2977], [-94.2546, 45.3007]]]}}, {"type": "Feature", "properties": {"code": "17153", "name": "Pulaski", "state": "IL"}, "geometry": {"type": "Polygon", "coordinates": [[[-89.2662, 37.1404], [-89.2579, 37.1466], [-89.2601, 37.1515], [-89.2568, 37.1611], [-89.269, 37.1595], [-89.2613, 37.1667], [-89.2618, 37.1699], [-89.2665, 37.1708], [-89.2635, 37.1755], [-89.2673, 37.1805], [-89.2647, 37.1844], [-89.2579, 37.1842], [-89.2519, 37.1909], [-89.2559, 37.193], [-89.2523, 37.1961], [-89.2602, 37.1974], [-89.2627, 37.2014], [-89.2593, 37.202], [-89.2638, 37.2038], [-89.2593, 37.2107], [-89.2643, 37.2121], [-89.2613, 37.2201], [-89.2677, 37.2263], [-89.2641, 37.2265], [-89.262, 37.2308], [-89.2596, 37.2295], [-89.2616, 37.2273], [-89.2565, 37.2276], [-89.2504, 37.2433], [-89.2514, 37.2491], [-89.2484, 37.2513], [-89.2514, 37.2518], [-89.2484, 37.255], [-89.2507, 37.2564], [-89.2459, 37.2639], [-89.221, 37.2791], [-89.2105, 37.2803], [-89.2025, 37.2907], [-89.2034, 37.3068], [-89.2058, 37.317], [-89.2089, 37.3189], [-89.2073, 37.3222], [-89.216, 37.3248], [-89.2226, 37.332], [-89.2447, 37.332], [-89.2486, 37.3353], [-89.0994, 37.3336], [-89.0448, 37.3297], [-89.0447, 37.2941], [-89.0329, 37.2978], [-89.0184, 37.3091], [-89.0035, 37.3112], [-88.998, 37.3079], [-88.9918, 37.3099], [-88.9685, 37.3031], [-88.9631, 37.2975], [-88.9558, 37.2975], [-88.942, 37.304], [-88.9288, 37.3028], [-88.9279, 37.2262], [-88.9532, 37.2248], [-88.9747, 37.2297], [-88.9833, 37.2287], [-89.001, 37.2244], [-89.014, 37.2161], [-89.03, 37.2111], [-89.0865, 37.1656], [-89.1107, 37.122], [-89.1251, 37.1088], [-89.1475, 37.0989], [-89.1506, 37.0938], [-89.1471, 37.0916], [-89.1557, 37.0877], [-89.1719, 37.0682], [-89.1796, 37.0691], [-89.1846, 37.0791], [-89.1972, 37.0858], [-89.1955, 37.0886], [-89.2021, 37.0859], [-89.2257, 37.0918], [-89.2317, 37.0899], [-89.2399, 37.0928], [-89.2377, 37.0948], [-89.2422, 37.0949], [-89.244, 37.1006], [-89.254, 37.0994], [-89.254, 37.1033], [-89.258, 37.1027], [-89.2657, 37.1108], [-89.2626, 37.1146], [-89.267, 37.1157], [-89.2653, 37.1174], [-89.2695, 37.1188], [-89.2736, 37.127], [-89.2662, 37.1404]]]}}, {"type": "Feature", "properties": {"code": "29099", "name": "Jefferson", "state": "MO"}, "geometry": {"type": "Polygon", "coordinates": [[[-90.7376, 38.4159], [-90.7362, 38.4668], [-90.732, 38.4822], [-90.7235, 38.4821], [-90.7171, 38.4783], [-90.7143, 38.4751], [-90.7178, 38.4688], [-90.6969, 38.4719], [-90.6878, 38.4604], [-90.6887, 38.4531], [-90.6805, 38.4584], [-90.6769, 38.4553], [-90.6865, 38.4475], [-90.6788, 38.4459], [-90.6646, 38.4488], [-90.6547, 38.4561], [-90.6607, 38.4792], [-90.6556, 38.4867], [-90.6337, 38.4858], [-90.6263, 38.4759], [-90.6137, 38.4713], [-90.6027, 38.4796], [-90.5911, 38.5017], [-90.4053, 38.5006], [-90.4079, 38.4833], [-90.4226, 38.4821], [-90.4112, 38.4534], [-90.4042, 38.4529], [-90.3947, 38.4585], [-90.3907, 38.4554], [-90.391, 38.4506], [-90.3536, 38.4582], [-90.3361, 38.4535], [-90.3357, 38.4482], [-90.3469, 38.4362], [-90.3481, 38.4306], [-90.3479, 38.4054], [-90.3413, 38.3882], [-90.3682, 38.3403], [-90.3725, 38.3234], [-90.3727, 38.2862], [-90.3664, 38.2459], [-90.3596, 38.2245], [-90.3316, 38.1876], [-90.2908, 38.1705], [-90.2749, 38.1576], [-90.2527, 38.1278], [-90.256, 38.1262], [-90.2499, 38.1146], [-90.256, 38.1169], [-90.2621, 38.1079], [-90.2794, 38.1048], [-90.2817, 38.1034], [-90.2803, 38.0988], [-90.296, 38.088], [-90.3213, 38.0949], [-90.3294, 38.0944], [-90.416, 38.0423], [-90.5833, 38.0035], [-90.6281, 38.0077], [-90.6249, 38.0128], [-90.6165, 38.0135], [-90.6128, 38.017], [-90.6215, 38.0404], [-90.6211, 38.0521], [-90.6124, 38.0646], [-90.6129, 38.0716], [-90.6592, 38.0818], [-90.662, 38.0862], [-90.6514, 38.0921], [-90.6574, 38.0973], [-90.6605, 38.0964], [-90.6636, 38.0877], [-90.6845, 38.0863], [-90.6854, 38.0911], [-90.6762, 38.0951], [-90.6814, 38.1027], [-90.7802, 38.2041], [-90.7376, 38.4159]]]}}, {"type": "Feature", "properties": {"code": "17027", "name": "Clinton", "state": "IL"}, "geometry": {"type": "Polygon", "coordinates": [[[-89.5951, 38.6559], [-89.5973, 38.7432], [-89.482, 38.7405], [-89.2542, 38.742], [-89.1384, 38.7363], [-89.1439, 38.5031], [-89.2549, 38.5093], [-89.2603, 38.5073], [-89.264, 38.5105], [-89.2721, 38.5044], [-89.2729, 38.5072], [-89.2745, 38.505], [-89.2783, 38.5078], [-89.2806, 38.5056], [-89.2805, 38.5081], [-89.2841, 38.5062], [-89.2847, 38.5095], [-89.2901, 38.5083], [-89.2891, 38.5054], [-89.2951, 38.5072], [-89.2947, 38.505], [-89.2985, 38.5056], [-89.2979, 38.5091], [-89.3017, 38.5083], [-89.3, 38.5109], [-89.3101, 38.5089], [-89.3108, 38.5124], [-89.3173, 38.5086], [-89.3268, 38.5135], [-89.3326, 38.5101], [-89.3308, 38.5122], [-89.3395, 38.5134], [-89.3424, 38.5105], [-89.3455, 38.5129], [-89.3453, 38.51], [-89.3471, 38.5133], [-89.3449, 38.5143], [-89.3532, 38.5187], [-89.3589, 38.5176], [-89.3576, 38.5148], [-89.3602, 38.5168], [-89.3592, 38.5088], [-89.3637, 38.5105], [-89.3663, 38.5078], [-89.3611, 38.506], [-89.3679, 38.5055], [-89.3649, 38.501], [-89.3689, 38.5002], [-89.3674, 38.4979], [-89.3697, 38.4998], [-89.3734, 38.4969], [-89.3731, 38.5004], [-89.3799, 38.4944], [-89.3794, 38.4972], [-89.3823, 38.4974], [-89.3856, 38.4943], [-89.3882, 38.497], [-89.3889, 38.4941], [-89.3978, 38.4949], [-89.3959, 38.4899], [-89.4011, 38.4891], [-89.4012, 38.4937], [-89.4059, 38.4956], [-89.4101, 38.4874], [-89.4278, 38.4992], [-89.4346, 38.494], [-89.434, 38.4909], [-89.4475, 38.4896], [-89.4558, 38.4825], [-89.4551, 38.4798], [-89.4819, 38.4686], [-89.4837, 38.4731], [-89.4915, 38.4774], [-89.4933, 38.4751], [-89.4901, 38.4717], [-89.5073, 38.4746], [-89.5139, 38.4725], [-89.5246, 38.4795], [-89.5286, 38.4776], [-89.5286, 38.4811], [-89.531, 38.4787], [-89.5413, 38.4798], [-89.54, 38.4742], [-89.55, 38.4773], [-89.5516, 38.4752], [-89.5529, 38.4781], [-89.5582, 38.4775], [-89.5583, 38.4747], [-89.5613, 38.4773], [-89.5686, 38.4759], [-89.5648, 38.4828], [-89.5724, 38.4828], [-89.5732, 38.478], [-89.5777, 38.4835], [-89.5894, 38.4756], [-89.6127, 38.4735], [-89.6232, 38.4608], [-89.6257, 38.4604], [-89.6257, 38.4642], [-89.6292, 38.4627], [-89.6277, 38.4507], [-89.6348, 38.4516], [-89.6338, 38.4472], [-89.6378, 38.4503], [-89.6389, 38.4452], [-89.647, 38.4473], [-89.6432, 38.4433], [-89.6459, 38.4415], [-89.664, 38.4454], [-89.6684, 38.4404], [-89.6687, 38.4356], [-89.665, 38.4344], [-89.6673, 38.4322], [-89.6739, 38.4348], [-89.672, 38.429], [-89.6782, 38.4319], [-89.6776, 38.4248], [-89.6853, 38.4252], [-89.6836, 38.4291], [-89.6866, 38.4301], [-89.6964, 38.4253], [-89.6921, 38.4198], [-89.6948, 38.4167], [-89.7042, 38.4158], [-89.7069, 38.655], [-89.5951, 38.6559]]]}}, {"type": "Feature", "properties": {"code": "55029", "name": "Door", "state": "WI"}, "geometry": {"type": "MultiPolygon", "coordinates": [[[[-86.9546, 45.3586], [-86.9483, 45.3557], [-86.9463, 45.3587], [-86.9552, 45.3837], [-86.943, 45.4153], [-86.9374, 45.421], [-86.9305, 45.4175], [-86.9271, 45.4091], [-86.9292, 45.399], [-86.9235, 45.3973], [-86.9143, 45.4082], [-86.8929, 45.409], [-86.8775, 45.414], [-86.8615, 45.4121], [-86.8531, 45.4055], [-86.8304, 45.4109], [-86.8287, 45.4285], [-86.8171, 45.427], [-86.8101, 45.4226], [-86.8054, 45.4073], [-86.8244, 45.4061], [-86.8411, 45.3866], [-86.8494, 45.3701], [-86.8636, 45.3649], [-86.8636, 45.3559], [-86.8686, 45.3495], [-86.8665, 45.3357], [-86.8751, 45.3309], [-86.8915, 45.3382], [-86.9032, 45.3331], [-86.9091, 45.3228], [-86.9087, 45.3166], [-86.9004, 45.3115], [-86.8971, 45.2961], [-86.9049, 45.2968], [-86.903, 45.3021], [-86.9067, 45.3105], [-86.9182, 45.317], [-86.9272, 45.3297], [-86.9481, 45.3353], [-86.9561, 45.3423], [-86.9546, 45.3586]]], [[[-86.9579, 45.3151], [-86.9476, 45.3123], [-86.9432, 45.3046], [-86.9442, 45.3006], [-86.9572, 45.3048], [-86.96, 45.3118], [-86.9579, 45.3151]]], [[[-87.2071, 45.18], [-87.2072, 45.1776], [-87.2121, 45.177], [-87.213, 45.1791], [-87.2071, 45.18]]], [[[-87.2647, 45.1613], [-87.2622, 45.1608], [-87.2637, 45.1571], [-87.2687, 45.1592], [-87.2647, 45.1613]]], [[[-87.3744, 45.1894], [-87.3752, 45.1982], [-87.3692, 45.1982], [-87.3646, 45.2028], [-87.3597, 45.1977], [-87.3527, 45.198], [-87.3457, 45.2023], [-87.3439, 45.2076], [-87.3351, 45.2113], [-87.3323, 45.2064], [-87.3376, 45.2024], [-87.3351, 45.1955], [-87.3386, 45.1758], [-87.3326, 45.1609], [-87.377, 45.1782], [-87.3744, 45.1894]]], [[[-87.7176, 44.698], [-87.7209, 44.7245], [-87.7074, 44.7338], [-87.6863, 44.7615], [-87.6629, 44.7799], [-87.6611, 44.7885], [-87.6463, 44.7987], [-87.6371, 44.8136], [-87.6149, 44.835], [-87.5934, 44.843], [-87.5783, 44.8534], [-87.5503, 44.8513], [-87.5495, 44.8473], [-87.5598, 44.8441], [-87.5657, 44.8301], [-87.5586, 44.831], [-87.5593, 44.8251], [-87.5567, 44.8249], [-87.5419, 44.8323], [-87.54, 44.8431], [-87.5334, 44.8495], [-87.534, 44.8573], [-87.531, 44.8574], [-87.5298, 44.8517], [-87.5146, 44.8505], [-87.5041, 44.8562], [-87.5034, 44.8593], [-87.5213, 44.8697], [-87.5188, 44.872], [-87.4991, 44.8644], [-87.5006, 44.8584], [-87.4856, 44.8546], [-87.4614, 44.8769], [-87.4433, 44.8856], [-87.4424, 44.8899], [-87.4331, 44.8927], [-87.4191, 44.8854], [-87.4364, 44.8876], [-87.4386, 44.881], [-87.4276, 44.8824], [-87.42, 44.8759], [-87.41, 44.862], [-87.4055, 44.86], [-87.3901, 44.8311], [-87.3855, 44.8311], [-87.3822, 44.8343], [-87.3874, 44.8493], [-87.3834, 44.853], [-87.3863, 44.8738], [-87.3836, 44.8851], [-87.3934, 44.8982], [-87.4062, 44.9045], [-87.405, 44.9118], [-87.3952, 44.9207], [-87.3984, 44.9252], [-87.3748, 44.9566], [-87.3603, 44.9876], [-87.345, 45.0033], [-87.3425, 45.0123], [-87.3322, 45.0156], [-87.3218, 45.0317], [-87.3214, 45.0382], [-87.3085, 45.0445], [-87.3071, 45.0509], [-87.3016, 45.0542], [-87.2929, 45.0463], [-87.2841, 45.0465], [-87.2843, 45.0637], [-87.2804, 45.0754], [-87.27, 45.0772], [-87.2617, 45.0863], [-87.2574, 45.1216], [-87.2503, 45.1312], [-87.2394, 45.1281], [-87.2429, 45.1494], [-87.2388, 45.1597], [-87.2339, 45.1627], [-87.2377, 45.1682], [-87.2231, 45.1746], [-87.2209, 45.1735], [-87.2248, 45.1663], [-87.2221, 45.1645], [-87.2116, 45.1659], [-87.1947, 45.1624], [-87.1872, 45.1503], [-87.1786, 45.1484], [-87.1698, 45.1529], [-87.1751, 45.1731], [-87.1672, 45.1836], [-87.1481, 45.186], [-87.1463, 45.1919], [-87.12, 45.1911], [-87.1228, 45.223], [-87.1164, 45.2415], [-87.1098, 45.2483], [-87.1087, 45.257], [-87.0997, 45.2596], [-87.0775, 45.2527], [-87.0747, 45.2555], [-87.0783, 45.2657], [-87.0737, 45.2721], [-87.0674, 45.2958], [-87.0597, 45.2988], [-87.0517, 45.2859], [-87.0439, 45.2848], [-87.0383, 45.2879], [-87.0255, 45.2856], [-87.0221, 45.2875], [-87.0224, 45.2949], [-87.017, 45.2993], [-87.0075, 45.2945], [-86.9941, 45.2981], [-86.9834, 45.2954], [-86.9725, 45.2841], [-86.9704, 45.2785], [-86.9844, 45.2644], [-86.9824, 45.2482], [-86.9735, 45.2458], [-86.9734, 45.2433], [-86.985, 45.2386], [-86.9864, 45.2333], [-86.9796, 45.2251], [-86.9854, 45.2158], [-86.9925, 45.2179], [-87.0028, 45.2118], [-87.0107, 45.2267], [-87.022, 45.2332], [-87.0368, 45.2316], [-87.0395, 45.2274], [-87.0358, 45.225], [-87.0386, 45.2216], [-87.0329, 45.2185], [-87.0337, 45.2139], [-87.0416, 45.2113], [-87.039, 45.1984], [-87.0465, 45.1724], [-87.0438, 45.1608], [-87.0458, 45.1587], [-87.0299, 45.1454], [-87.0407, 45.1375], [-87.0505, 45.1367], [-87.0506, 45.1398], [-87.0559, 45.1426], [-87.056, 45.1475], [-87.0661, 45.1574], [-87.0794, 45.1563], [-87.0806, 45.148], [-87.085, 45.145], [-87.0776, 45.1354], [-87.0765, 45.1289], [-87.0573, 45.1245], [-87.051, 45.1162], [-87.0488, 45.1057], [-87.0528, 45.1014], [-87.0471, 45.094], [-87.048, 45.0878], [-87.0523, 45.0896], [-87.0574, 45.0875], [-87.0653, 45.0782], [-87.0811, 45.0925], [-87.0858, 45.0948], [-87.0927, 45.0927], [-87.0961, 45.0819], [-87.0849, 45.0792], [-87.0842, 45.0749], [-87.0799, 45.0735], [-87.0789, 45.0577], [-87.0968, 45.0557], [-87.0972, 45.0663], [-87.1006, 45.0698], [-87.1096, 45.0712], [-87.1231, 45.066], [-87.1212, 45.0583], [-87.1249, 45.0561], [-87.1248, 45.0422], [-87.1305, 45.0366], [-87.1302, 45.0312], [-87.1394, 45.0126], [-87.1635, 45.0049], [-87.1894, 44.9686], [-87.1884, 44.9481], [-87.1752, 44.9398], [-87.1717, 44.9315], [-87.1749, 44.9277], [-87.2042, 44.9168], [-87.216, 44.9066], [-87.2172, 44.8978], [-87.2063, 44.8859], [-87.2045, 44.8756], [-87.2674, 44.8469], [-87.2826, 44.8147], [-87.3073, 44.8021], [-87.306, 44.7995], [-87.3204, 44.785], [-87.319, 44.7713], [-87.3352, 44.7497], [-87.3435, 44.7192], [-87.3751, 44.6754], [-87.7361, 44.677], [-87.7176, 44.698]]]]}}, {"type": "Feature", "properties": {"code": "29195", "name": "Saline", "state": "MO"}, "geometry": {"type": "Polygon", "coordinates": [[[-93.4772, 39.2928], [-93.4599, 39.2894], [-93.4507, 39.273], [-93.4442, 39.2685], [-93.4139, 39.2678], [-93.4048, 39.2633], [-93.4045, 39.2542], [-93.4152, 39.2418], [-93.4152, 39.2349], [-93.4114, 39.2311], [-93.3963, 39.2263], [-93.3681, 39.2333], [-93.3536, 39.2428], [-93.3367, 39.2481], [-93.3291, 39.2551], [-93.329, 39.2655], [-93.3444, 39.2894], [-93.3441, 39.2972], [-93.3369, 39.307], [-93.3248, 39.3106], [-93.2942, 39.3092], [-93.2777, 39.3115], [-93.2669, 39.3193], [-93.2678, 39.3251], [-93.2638, 39.331], [-93.2527, 39.3388], [-93.2403, 39.3364], [-93.2301, 39.3279], [-93.2252, 39.3289], [-93.1896, 39.3704], [-93.1902, 39.3818], [-93.201, 39.3989], [-93.1993, 39.4043], [-93.1931, 39.4093], [-93.1775, 39.4117], [-93.1643, 39.405], [-93.152, 39.3872], [-93.1396, 39.3786], [-93.1252, 39.3777], [-93.1061, 39.3837], [-93.0878, 39.3789], [-93.0771, 39.3655], [-93.0781, 39.348], [-93.0744, 39.338], [-93.068, 39.3303], [-93.052, 39.3207], [-93.0238, 39.3131], [-92.9716, 39.3156], [-92.9598, 39.3125], [-92.9534, 39.3028], [-92.9578, 39.2793], [-92.9474, 39.2701], [-92.9236, 39.2634], [-92.9167, 39.2579], [-92.9157, 39.25], [-92.92, 39.233], [-92.9117, 39.2239], [-92.8928, 39.2225], [-92.8629, 39.2364], [-92.8549, 39.2355], [-92.8491, 39.2306], [-92.8514, 39.2179], [-92.8611, 39.2002], [-92.8752, 39.187], [-92.8967, 39.1759], [-92.9048, 39.1662], [-92.9061, 39.1476], [-92.9117, 39.1382], [-92.9223, 39.1309], [-92.9416, 39.1259], [-92.9438, 39.1217], [-92.9452, 39.1071], [-92.9428, 39.1035], [-92.9341, 39.0993], [-92.909, 39.0955], [-92.9074, 39.0842], [-92.9178, 39.0736], [-92.9305, 39.0685], [-93.0482, 38.9726], [-93.0505, 38.9282], [-93.4964, 38.9428], [-93.4772, 39.2928]]]}}, {"type": "Feature", "properties": {"code": "55043", "name": "Grant", "state": "WI"}, "geometry": {"type": "Polygon", "coordinates": [[[-91.1366, 42.9989], [-91.1145, 43.0003], [-91.1014, 43.0001], [-91.0871, 42.9936], [-91.0622, 42.9926], [-91.0548, 42.996], [-91.0526, 43.0017], [-91.0229, 43.0075], [-91.0121, 43.0132], [-91.0044, 43.0224], [-90.9829, 43.0269], [-90.9694, 43.0332], [-90.9531, 43.0438], [-90.9375, 43.0635], [-90.9292, 43.0652], [-90.9141, 43.0626], [-90.8829, 43.0732], [-90.8666, 43.0728], [-90.8457, 43.0776], [-90.8399, 43.0852], [-90.8228, 43.0881], [-90.7999, 43.1084], [-90.7633, 43.1156], [-90.7502, 43.124], [-90.7425, 43.1236], [-90.7267, 43.1449], [-90.6982, 43.1607], [-90.6981, 43.1682], [-90.6899, 43.173], [-90.6566, 43.1718], [-90.6425, 43.1787], [-90.6086, 43.1854], [-90.5823, 43.2033], [-90.5454, 43.2115], [-90.5298, 43.2075], [-90.5059, 43.2089], [-90.4649, 43.2018], [-90.4298, 43.2009], [-90.4264, 42.5071], [-90.6428, 42.5085], [-90.636, 42.5187], [-90.644, 42.5399], [-90.6591, 42.5579], [-90.6615, 42.568], [-90.6771, 42.5792], [-90.687, 42.5918], [-90.694, 42.6145], [-90.7027, 42.6308], [-90.7092, 42.6361], [-90.7695, 42.6514], [-90.8874, 42.6725], [-90.9212, 42.6854], [-90.937, 42.6834], [-90.9492, 42.6856], [-90.9777, 42.6968], [-91.0001, 42.7162], [-91.0268, 42.7242], [-91.0354, 42.7373], [-91.0537, 42.7382], [-91.0563, 42.7473], [-91.0658, 42.7534], [-91.0603, 42.7618], [-91.0695, 42.7696], [-91.0781, 42.8065], [-91.0787, 42.8277], [-91.0941, 42.8308], [-91.0914, 42.8499], [-91.0977, 42.8599], [-91.1006, 42.8831], [-91.1174, 42.8958], [-91.1434, 42.9047], [-91.1456, 42.908], [-91.1438, 42.9229], [-91.1499, 42.942], [-91.1454, 42.9582], [-91.1566, 42.9782], [-91.1568, 42.9882], [-91.1366, 42.9989]]]}}, {"type": "Feature", "properties": {"code": "29019", "name": "Boone", "state": "MO"}, "geometry": {"type": "Polygon", "coordinates": [[[-92.5565, 38.9854], [-92.5584, 38.9884], [-92.5637, 38.9866], [-92.5654, 38.9907], [-92.5622, 38.9959], [-92.5652, 38.9986], [-92.5605, 39.0023], [-92.5201, 39.077], [-92.4302, 39.2488], [-92.1044, 39.2398], [-92.1104, 39.0642], [-92.1315, 39.0645], [-92.1319, 39.0508], [-92.1285, 39.0485], [-92.1335, 39.0435], [-92.136, 39.0324], [-92.1408, 39.0301], [-92.1407, 39.0274], [-92.1306, 39.0253], [-92.1331, 39.0126], [-92.1405, 39.0067], [-92.1403, 39.0015], [-92.1366, 38.9996], [-92.1383, 38.9852], [-92.1419, 38.9804], [-92.1463, 38.981], [-92.1434, 38.9677], [-92.1488, 38.961], [-92.1468, 38.9586], [-92.1528, 38.9466], [-92.1539, 38.9245], [-92.1607, 38.9252], [-92.1545, 38.9179], [-92.1555, 38.9144], [-92.1641, 38.907], [-92.169, 38.8964], [-92.1637, 38.8976], [-92.1588, 38.8947], [-92.1548, 38.8843], [-92.1481, 38.8852], [-92.1498, 38.8798], [-92.1561, 38.8807], [-92.1587, 38.8696], [-92.1622, 38.8665], [-92.1493, 38.8662], [-92.1476, 38.8584], [-92.1542, 38.8535], [-92.15, 38.8515], [-92.1456, 38.8544], [-92.1484, 38.8455], [-92.1404, 38.8455], [-92.1424, 38.8414], [-92.1508, 38.8387], [-92.1455, 38.8328], [-92.1528, 38.8261], [-92.1428, 38.8216], [-92.1458, 38.8155], [-92.1382, 38.8177], [-92.1352, 38.8139], [-92.1433, 38.8127], [-92.1429, 38.8072], [-92.1511, 38.8057], [-92.1457, 38.7961], [-92.1514, 38.7987], [-92.1519, 38.8037], [-92.1581, 38.8022], [-92.1557, 38.7958], [-92.1601, 38.7902], [-92.1583, 38.7848], [-92.1642, 38.7839], [-92.1638, 38.7798], [-92.1678, 38.7768], [-92.1624, 38.776], [-92.1631, 38.7649], [-92.1723, 38.7639], [-92.176, 38.7539], [-92.1862, 38.7476], [-92.1812, 38.7417], [-92.1821, 38.7384], [-92.1944, 38.7362], [-92.1924, 38.7261], [-92.202, 38.7209], [-92.2122, 38.7201], [-92.2164, 38.7145], [-92.2157, 38.7025], [-92.2254, 38.6995], [-92.2185, 38.6891], [-92.2207, 38.6432], [-92.2294, 38.646], [-92.2591, 38.6453], [-92.2758, 38.6582], [-92.2934, 38.6666], [-92.3453, 38.6749], [-92.3609, 38.6818], [-92.3636, 38.6862], [-92.3614, 38.692], [-92.3433, 38.7051], [-92.3441, 38.7151], [-92.3602, 38.7301], [-92.3878, 38.7354], [-92.3999, 38.7422], [-92.4086, 38.7582], [-92.4071, 38.7726], [-92.3908, 38.7806], [-92.3825, 38.7909], [-92.3796, 38.8015], [-92.3844, 38.8155], [-92.3941, 38.8196], [-92.4212, 38.8198], [-92.4399, 38.8313], [-92.4567, 38.8603], [-92.4796, 38.8774], [-92.4745, 38.8986], [-92.4762, 38.9045], [-92.515, 38.9381], [-92.5401, 38.9537], [-92.5592, 38.9732], [-92.566, 38.9743], [-92.5702, 38.9797], [-92.5565, 38.9854]]]}}, {"type": "Feature", "properties": {"code": "27103", "name": "Nicollet", "state": "MN"}, "geometry": {"type": "Polygon", "coordinates": [[[-94.7811, 44.4536], [-94.7806, 44.4567], [-93.9349, 44.4567], [-93.9365, 44.4541], [-93.9294, 44.4527], [-93.9334, 44.4503], [-93.9279, 44.4454], [-93.9392, 44.4139], [-93.9541, 44.4096], [-93.9489, 44.4004], [-93.9509, 44.3928], [-93.9658, 44.3906], [-93.9567, 44.3907], [-93.9522, 44.3857], [-93.9633, 44.3832], [-93.9551, 44.3757], [-93.9624, 44.37], [-93.9606, 44.3633], [-93.9527, 44.3656], [-93.9564, 44.3618], [-93.954, 44.357], [-93.9394, 44.3527], [-93.9327, 44.3449], [-93.9373, 44.339], [-93.9412, 44.3412], [-93.9452, 44.339], [-93.9436, 44.3313], [-93.9508, 44.3288], [-93.9508, 44.3204], [-93.9598, 44.3073], [-93.9911, 44.2955], [-93.9899, 44.293], [-93.9981, 44.2788], [-94.011, 44.2768], [-94.0126, 44.2728], [-94.0084, 44.2707], [-94.0251, 44.2582], [-94.0245, 44.2559], [-94.0161, 44.2574], [-94.0086, 44.25], [-94.0099, 44.2462], [-94.0153, 44.2484], [-94.0213, 44.2425], [-94.0214, 44.24], [-94.0119, 44.2395], [-94.0185, 44.2362], [-94.0141, 44.2244], [-94.0147, 44.2169], [-94.0171, 44.2211], [-94.0232, 44.2222], [-94.0257, 44.221], [-94.0257, 44.2125], [-94.0156, 44.2073], [-94.0149, 44.2044], [-94.0208, 44.2017], [-94.021, 44.1976], [-94.0133, 44.2004], [-94.0108, 44.1966], [-94.0115, 44.1919], [-94.0197, 44.1895], [-94.0197, 44.1836], [-94.0064, 44.1842], [-94.0021, 44.174], [-94.0034, 44.1693], [-94.0152, 44.1651], [-94.0309, 44.1659], [-94.0429, 44.1624], [-94.0469, 44.1543], [-94.0553, 44.154], [-94.0614, 44.1627], [-94.0738, 44.1585], [-94.0921, 44.1642], [-94.094, 44.1684], [-94.1042, 44.1697], [-94.0983, 44.1725], [-94.0995, 44.1753], [-94.1028, 44.1733], [-94.1137, 44.1734], [-94.1153, 44.176], [-94.109, 44.174], [-94.1112, 44.1795], [-94.1252, 44.1799], [-94.1251, 44.1843], [-94.1432, 44.194], [-94.152, 44.1918], [-94.1863, 44.1971], [-94.1988, 44.2026], [-94.2128, 44.2006], [-94.2147, 44.2048], [-94.2233, 44.2069], [-94.219, 44.2136], [-94.2249, 44.2168], [-94.2245, 44.2117], [-94.2387, 44.2097], [-94.242, 44.214], [-94.2514, 44.2147], [-94.2481, 44.2201], [-94.268, 44.2246], [-94.2695, 44.231], [-94.2724, 44.2242], [-94.2801, 44.2271], [-94.2766, 44.2308], [-94.279, 44.2328], [-94.2818, 44.228], [-94.2863, 44.2279], [-94.2853, 44.2331], [-94.2909, 44.2395], [-94.2977, 44.2338], [-94.3, 44.2426], [-94.3084, 44.2424], [-94.3096, 44.2467], [-94.3124, 44.2469], [-94.3118, 44.2428], [-94.3197, 44.2434], [-94.3176, 44.248], [-94.3203, 44.251], [-94.3225, 44.2471], [-94.3372, 44.2568], [-94.3428, 44.2524], [-94.3449, 44.2533], [-94.3424, 44.2578], [-94.3558, 44.2616], [-94.3599, 44.2569], [-94.3627, 44.2579], [-94.3605, 44.262], [-94.3743, 44.2662], [-94.381, 44.2614], [-94.3847, 44.2665], [-94.4121, 44.2736], [-94.4105, 44.2796], [-94.414, 44.2867], [-94.4224, 44.2926], [-94.4264, 44.2905], [-94.4321, 44.2932], [-94.425, 44.2962], [-94.4247, 44.299], [-94.4316, 44.296], [-94.4412, 44.3057], [-94.4316, 44.3109], [-94.437, 44.3124], [-94.4417, 44.3084], [-94.4518, 44.3166], [-94.4538, 44.3248], [-94.4514, 44.3329], [-94.4614, 44.3324], [-94.4756, 44.3441], [-94.4832, 44.3455], [-94.4845, 44.3489], [-94.4913, 44.3512], [-94.4906, 44.3587], [-94.4959, 44.3617], [-94.5, 44.3596], [-94.4964, 44.3541], [-94.502, 44.3525], [-94.5023, 44.3576], [-94.5092, 44.3552], [-94.5203, 44.36], [-94.5187, 44.3704], [-94.523, 44.3654], [-94.547, 44.3647], [-94.5557, 44.3759], [-94.5581, 44.3715], [-94.5655, 44.3768], [-94.5769, 44.3717], [-94.5832, 44.3783], [-94.5872, 44.3738], [-94.5872, 44.3764], [-94.5925, 44.3767], [-94.5961, 44.3851], [-94.6152, 44.3854], [-94.6237, 44.3824], [-94.6277, 44.3913], [-94.6409, 44.3901], [-94.6377, 44.3955], [-94.6414, 44.397], [-94.6542, 44.393], [-94.6549, 44.4006], [-94.6563, 44.3977], [-94.6618, 44.3993], [-94.6661, 44.394], [-94.6771, 44.3968], [-94.6699, 44.4028], [-94.6748, 44.4075], [-94.6816, 44.409], [-94.6929, 44.4022], [-94.697, 44.4068], [-94.6971, 44.4091], [-94.6852, 44.41], [-94.6887, 44.4173], [-94.6965, 44.4164], [-94.6935, 44.4116], [-94.7013, 44.4122], [-94.6993, 44.4142], [-94.7028, 44.4166], [-94.6948, 44.4239], [-94.695, 44.4283], [-94.707, 44.4343], [-94.7262, 44.4338], [-94.7308, 44.4412], [-94.7484, 44.4496], [-94.7657, 44.4428], [-94.7677, 44.4464], [-94.777, 44.4468], [-94.7861, 44.4532], [-94.7811, 44.4536]]]}}, {"type": "Feature", "properties": {"code": "27163", "name": "Washington", "state": "MN"}, "geometry": {"type": "Polygon", "coordinates": [[[-93.0184, 44.7985], [-93.0047, 44.8149], [-93.0119, 44.8367], [-93.0084, 44.8587], [-93.02, 44.8907], [-92.9842, 44.8908], [-92.9846, 45.1236], [-93.0205, 45.1239], [-93.0194, 45.2969], [-92.7457, 45.296], [-92.7619, 45.287], [-92.7606, 45.2788], [-92.7517, 45.2659], [-92.7602, 45.2496], [-92.7575, 45.2305], [-92.7517, 45.2187], [-92.754, 45.2128], [-92.7639, 45.2049], [-92.7671, 45.1879], [-92.7649, 45.1828], [-92.7524, 45.1739], [-92.7491, 45.1485], [-92.7521, 45.1421], [-92.7457, 45.1231], [-92.7396, 45.1156], [-92.7467, 45.1071], [-92.7915, 45.0796], [-92.8029, 45.0654], [-92.8021, 45.0574], [-92.7971, 45.0506], [-92.7704, 45.0338], [-92.7621, 45.0243], [-92.7712, 45.0014], [-92.7694, 44.9722], [-92.7546, 44.9558], [-92.7506, 44.9373], [-92.7587, 44.909], [-92.7746, 44.8981], [-92.7739, 44.89], [-92.7634, 44.8742], [-92.7691, 44.8622], [-92.7653, 44.8372], [-92.7804, 44.8126], [-92.7852, 44.7923], [-92.8053, 44.7684], [-92.808, 44.7515], [-92.8026, 44.7458], [-92.8265, 44.7504], [-92.836, 44.7474], [-92.8553, 44.7477], [-92.8786, 44.7723], [-92.9133, 44.7747], [-92.9286, 44.7814], [-92.9541, 44.7712], [-92.9638, 44.7701], [-92.9861, 44.7753], [-93.006, 44.7717], [-93.016, 44.7756], [-93.0214, 44.7897], [-93.0184, 44.7985]]]}}, {"type": "Feature", "properties": {"code": "29069", "name": "Dunklin", "state": "MO"}, "geometry": {"type": "Polygon", "coordinates": [[[-90.3517, 36.0253], [-90.3479, 36.0419], [-90.3371, 36.0478], [-90.3333, 36.0675], [-90.3207, 36.0713], [-90.3192, 36.09], [-90.2999, 36.0982], [-90.2931, 36.1144], [-90.2663, 36.1206], [-90.2606, 36.1274], [-90.2532, 36.1274], [-90.2443, 36.1365], [-90.2356, 36.1395], [-90.2314, 36.1473], [-90.2314, 36.1539], [-90.2354, 36.1592], [-90.2293, 36.1736], [-90.2204, 36.1848], [-90.2113, 36.1834], [-90.2044, 36.1869], [-90.2006, 36.1922], [-90.2017, 36.1961], [-90.1972, 36.196], [-90.1882, 36.2054], [-90.1829, 36.2051], [-90.1612, 36.2158], [-90.1561, 36.2137], [-90.1422, 36.2275], [-90.1324, 36.2264], [-90.1264, 36.2294], [-90.1247, 36.2355], [-90.1306, 36.2421], [-90.1245, 36.2442], [-90.1182, 36.2535], [-90.1149, 36.2656], [-90.0837, 36.2723], [-90.0759, 36.2815], [-90.0778, 36.2883], [-90.064, 36.303], [-90.0693, 36.3132], [-90.082, 36.3221], [-90.0756, 36.334], [-90.0782, 36.3365], [-90.0772, 36.3413], [-90.0741, 36.3429], [-90.0777, 36.3495], [-90.0663, 36.3593], [-90.0645, 36.3821], [-90.0804, 36.4008], [-90.1095, 36.4041], [-90.131, 36.4151], [-90.1385, 36.414], [-90.1342, 36.4228], [-90.1395, 36.4215], [-90.1441, 36.4258], [-90.1427, 36.4312], [-90.1376, 36.4319], [-90.1341, 36.4366], [-90.1373, 36.4554], [-90.1425, 36.4634], [-90.1558, 36.4636], [-90.1529, 36.4709], [-90.1463, 36.4695], [-90.1423, 36.4721], [-90.1437, 36.476], [-90.1594, 36.4801], [-90.1571, 36.4843], [-90.1595, 36.4876], [-90.156, 36.4904], [-90.159, 36.4937], [-90.155, 36.4936], [-90.1525, 36.498], [-90.2177, 36.4978], [-90.2191, 36.5049], [-90.2168, 36.5077], [-90.2208, 36.5078], [-90.2166, 36.5157], [-90.2199, 36.522], [-90.2136, 36.5229], [-90.2167, 36.5259], [-90.2153, 36.5297], [-90.2052, 36.5303], [-90.2116, 36.5344], [-90.21, 36.542], [-90.2053, 36.5451], [-90.2042, 36.5409], [-90.2001, 36.5413], [-90.1982, 36.5485], [-90.1913, 36.5497], [-90.1937, 36.5471], [-90.1921, 36.5439], [-90.1857, 36.5485], [-90.1885, 36.5546], [-90.1828, 36.5604], [-90.1842, 36.5658], [-90.1807, 36.5695], [-90.1851, 36.5734], [-90.1826, 36.5761], [-90.1876, 36.5788], [-90.1808, 36.5821], [-90.1851, 36.5822], [-90.187, 36.5876], [-90.1811, 36.5881], [-90.1842, 36.5903], [-90.1817, 36.5967], [-90.1737, 36.5933], [-90.1772, 36.6002], [-90.1763, 36.6052], [-90.1735, 36.6052], [-90.1759, 36.6007], [-90.1686, 36.6054], [-90.1629, 36.6042], [-90.1686, 36.615], [-90.1635, 36.6192], [-90.1619, 36.6144], [-90.1588, 36.6142], [-90.156, 36.6172], [-90.1612, 36.6215], [-90.1547, 36.6197], [-90.157, 36.6264], [-90.1516, 36.6218], [-90.1476, 36.6235], [-90.1489, 36.6279], [-90.1531, 36.6265], [-90.1553, 36.6287], [-90.1544, 36.6304], [-89.9588, 36.6293], [-89.9633, 36.6255], [-89.9636, 36.6134], [-89.954, 36.5501], [-89.9605, 36.5275], [-89.9608, 36.5001], [-89.9566, 36.4806], [-89.9608, 36.4668], [-89.9573, 36.4555], [-89.9624, 36.4423], [-89.9661, 36.4158], [-89.9635, 36.4124], [-89.9725, 36.3896], [-89.9613, 36.3888], [-89.9594, 35.999], [-90.3779, 35.9957], [-90.3517, 36.0253]]]}}, {"type": "Feature", "properties": {"code": "19107", "name": "Keokuk", "state": "IA"}, "geometry": {"type": "Polygon", "coordinates": [[[-91.946, 41.5107], [-91.9456, 41.1636], [-92.4102, 41.1619], [-92.412, 41.5095], [-91.946, 41.5107]]]}}, {"type": "Feature", "properties": {"code": "55067", "name": "Langlade", "state": "WI"}, "geometry": {"type": "Polygon", "coordinates": [[[-89.4248, 45.4672], [-89.3443, 45.47], [-89.0465, 45.4644], [-88.9231, 45.4651], [-88.926, 45.3786], [-88.678, 45.3787], [-88.6801, 45.205], [-88.6382, 45.2048], [-88.6412, 45.1173], [-88.9825, 45.118], [-88.9817, 45.0289], [-89.2238, 45.0292], [-89.2242, 45.1186], [-89.426, 45.1191], [-89.4248, 45.4672]]]}}, {"type": "Feature", "properties": {"code": "27127", "name": "Redwood", "state": "MN"}, "geometry": {"type": "Polygon", "coordinates": [[[-95.3604, 44.5418], [-95.3602, 44.6985], [-95.314, 44.6916], [-95.3108, 44.6875], [-95.3123, 44.6762], [-95.2937, 44.6643], [-95.293, 44.6607], [-95.2669, 44.6593], [-95.2447, 44.6672], [-95.2399, 44.6607], [-95.2231, 44.652], [-95.2178, 44.6455], [-95.2128, 44.6467], [-95.2105, 44.6417], [-95.1977, 44.6357], [-95.1864, 44.6245], [-95.1783, 44.6229], [-95.1764, 44.6194], [-95.1666, 44.6217], [-95.1508, 44.6153], [-95.1466, 44.6075], [-95.1342, 44.6018], [-95.1327, 44.5964], [-95.1197, 44.5958], [-95.115, 44.5893], [-95.1043, 44.5874], [-95.0998, 44.5783], [-95.0883, 44.5791], [-95.0963, 44.5765], [-95.0991, 44.5738], [-95.0973, 44.5718], [-95.0822, 44.5691], [-95.0758, 44.5739], [-95.0678, 44.5721], [-95.0589, 44.5679], [-95.0586, 44.5624], [-95.051, 44.5617], [-95.0496, 44.5582], [-95.0335, 44.5572], [-95.0299, 44.5507], [-95.026, 44.5533], [-95.0251, 44.5465], [-95.0221, 44.5455], [-95.0169, 44.5513], [-95.0125, 44.5503], [-95.0167, 44.5429], [-95.0066, 44.5442], [-95.0065, 44.547], [-95.0022, 44.543], [-95.0007, 44.5475], [-94.9888, 44.5464], [-94.9869, 44.5418], [-94.9821, 44.5422], [-94.9843, 44.5398], [-94.9754, 44.5405], [-94.9749, 44.5369], [-94.979, 44.5373], [-94.9771, 44.5354], [-94.9746, 44.5355], [-94.9702, 44.5403], [-94.9673, 44.5388], [-94.9687, 44.5334], [-94.9467, 44.5294], [-94.9429, 44.5257], [-94.9378, 44.5303], [-94.935, 44.5276], [-94.9373, 44.5232], [-94.9307, 44.5246], [-94.9204, 44.5166], [-94.9022, 44.5173], [-94.9029, 44.5202], [-94.8983, 44.5208], [-94.8921, 44.5184], [-94.8904, 44.5122], [-94.8803, 44.5168], [-94.8777, 44.5111], [-94.8795, 44.5069], [-94.8736, 44.5056], [-94.8738, 44.4995], [-94.8706, 44.5011], [-94.8658, 44.4982], [-94.8663, 44.2824], [-95.1075, 44.2818], [-95.1088, 44.195], [-95.5936, 44.1955], [-95.5948, 44.5423], [-95.3604, 44.5418]]]}}, {"type": "Feature", "properties": {"code": "29199", "name": "Scotland", "state": "MO"}, "geometry": {"type": "Polygon", "coordinates": [[[-92.3508, 40.5973], [-91.9431, 40.6058], [-91.9497, 40.3008], [-92.1786, 40.3042], [-92.3499, 40.3027], [-92.3508, 40.5973]]]}}, {"type": "Feature", "properties": {"code": "17171", "name": "Scott", "state": "IL"}, "geometry": {"type": "Polygon", "coordinates": [[[-90.641, 39.7174], [-90.6284, 39.7295], [-90.6076, 39.7639], [-90.6069, 39.7764], [-90.5991, 39.7901], [-90.4831, 39.7892], [-90.4833, 39.7534], [-90.3713, 39.7531], [-90.373, 39.6658], [-90.3378, 39.6656], [-90.3381, 39.6366], [-90.3007, 39.6365], [-90.3018, 39.5203], [-90.5811, 39.5217], [-90.5809, 39.5274], [-90.5723, 39.5392], [-90.5766, 39.5595], [-90.605, 39.6201], [-90.6089, 39.6403], [-90.6335, 39.673], [-90.6445, 39.6931], [-90.646, 39.7028], [-90.641, 39.7174]]]}}, {"type": "Feature", "properties": {"code": "17001", "name": "Adams", "state": "IL"}, "geometry": {"type": "Polygon", "coordinates": [[[-91.505, 40.1999], [-90.912, 40.1931], [-90.917, 39.9022], [-90.916, 39.7572], [-91.3651, 39.7587], [-91.3657, 39.7749], [-91.3616, 39.7875], [-91.368, 39.8004], [-91.378, 39.8113], [-91.4329, 39.8406], [-91.4464, 39.8704], [-91.4478, 39.878], [-91.4435, 39.8936], [-91.4209, 39.9149], [-91.4194, 39.9277], [-91.4258, 39.9378], [-91.4416, 39.9513], [-91.4589, 39.979], [-91.4653, 39.984], [-91.4692, 39.9953], [-91.4949, 40.0365], [-91.4896, 40.0574], [-91.5092, 40.1219], [-91.5117, 40.1471], [-91.5082, 40.1577], [-91.513, 40.1811], [-91.505, 40.1999]]]}}, {"type": "Feature", "properties": {"code": "17095", "name": "Knox", "state": "IL"}, "geometry": {"type": "Polygon", "coordinates": [[[-90.4377, 41.1515], [-89.9846, 41.1494], [-89.9861, 40.7124], [-90.4443, 40.7149], [-90.4377, 41.1515]]]}}, {"type": "Feature", "properties": {"code": "17083", "name": "Jersey", "state": "IL"}, "geometry": {"type": "Polygon", "coordinates": [[[-90.5977, 39.1257], [-90.598, 39.1368], [-90.5828, 39.1443], [-90.5872, 39.1549], [-90.5854, 39.1616], [-90.5753, 39.1672], [-90.5768, 39.1739], [-90.5821, 39.1769], [-90.5789, 39.1794], [-90.5806, 39.1849], [-90.5733, 39.1841], [-90.5746, 39.1786], [-90.5704, 39.1778], [-90.5661, 39.1808], [-90.5701, 39.1834], [-90.5555, 39.189], [-90.5455, 39.1901], [-90.544, 39.1832], [-90.5365, 39.1929], [-90.5305, 39.1873], [-90.5268, 39.1924], [-90.523, 39.1871], [-90.509, 39.1859], [-90.5032, 39.1817], [-90.5058, 39.1729], [-90.5025, 39.1637], [-90.4981, 39.164], [-90.4958, 39.1602], [-90.4879, 39.1641], [-90.4876, 39.175], [-90.3133, 39.1743], [-90.3139, 39.2251], [-90.2018, 39.2255], [-90.2027, 39.2582], [-90.1937, 39.2582], [-90.1939, 39.262], [-90.1481, 39.2619], [-90.146, 38.9993], [-90.274, 38.999], [-90.2757, 38.9234], [-90.3095, 38.9241], [-90.3958, 38.96], [-90.4401, 38.9674], [-90.4872, 38.9677], [-90.5196, 38.9539], [-90.5347, 38.9585], [-90.5702, 38.9933], [-90.5761, 39.0094], [-90.5754, 39.033], [-90.59, 39.0507], [-90.5814, 39.0657], [-90.5893, 39.076], [-90.6036, 39.1176], [-90.5977, 39.1257]]]}}, {"type": "Feature", "properties": {"code": "17091", "name": "Kankakee", "state": "IL"}, "geometry": {"type": "Polygon", "coordinates": [[[-88.2409, 41.1144], [-88.2441, 41.2016], [-88.0118, 41.2055], [-88.0139, 41.2924], [-87.5267, 41.2981], [-87.5263, 41.0103], [-88.2473, 40.9946], [-88.2515, 41.1142], [-88.2409, 41.1144]]]}}, {"type": "Feature", "properties": {"code": "17135", "name": "Montgomery", "state": "IL"}, "geometry": {"type": "Polygon", "coordinates": [[[-89.6993, 39.348], [-89.7017, 39.5233], [-89.5335, 39.5246], [-89.5308, 39.3489], [-89.1398, 39.3489], [-89.1395, 39.2178], [-89.2505, 39.2175], [-89.2503, 39.0282], [-89.5863, 39.0283], [-89.5861, 38.9995], [-89.6986, 38.999], [-89.7037, 39.348], [-89.6993, 39.348]]]}}, {"type": "Feature", "properties": {"code": "17119", "name": "Madison", "state": "IL"}, "geometry": {"type": "Polygon", "coordinates": [[[-90.274, 38.999], [-89.6393, 38.9991], [-89.6369, 38.8743], [-89.5996, 38.8745], [-89.5951, 38.6559], [-90.1812, 38.6601], [-90.1864, 38.6748], [-90.2092, 38.7028], [-90.212, 38.7118], [-90.2099, 38.7261], [-90.1763, 38.7544], [-90.1664, 38.7726], [-90.1231, 38.798], [-90.1147, 38.815], [-90.1094, 38.8435], [-90.1133, 38.8493], [-90.1664, 38.8763], [-90.1976, 38.8876], [-90.223, 38.9074], [-90.2502, 38.9193], [-90.2757, 38.9234], [-90.274, 38.999]]]}}, {"type": "Feature", "properties": {"code": "17037", "name": "DeKalb", "state": "IL"}, "geometry": {"type": "Polygon", "coordinates": [[[-88.9389, 42.0651], [-88.9397, 42.1523], [-88.5887, 42.1536], [-88.5883, 42.0665], [-88.602, 42.0665], [-88.6022, 41.6314], [-88.9387, 41.6283], [-88.9416, 41.7261], [-88.9421, 42.0651], [-88.9389, 42.0651]]]}}, {"type": "Feature", "properties": {"code": "17089", "name": "Kane", "state": "IL"}, "geometry": {"type": "Polygon", "coordinates": [[[-88.602, 42.0665], [-88.5883, 42.0665], [-88.5887, 42.1536], [-88.2384, 42.1542], [-88.2382, 42.067], [-88.2636, 42.0669], [-88.262, 41.7247], [-88.6019, 41.7196], [-88.602, 42.0665]]]}}, {"type": "Feature", "properties": {"code": "17179", "name": "Tazewell", "state": "IL"}, "geometry": {"type": "Polygon", "coordinates": [[[-89.9064, 40.4478], [-89.9042, 40.4577], [-89.8879, 40.4747], [-89.8822, 40.5054], [-89.8541, 40.5229], [-89.8136, 40.5406], [-89.7754, 40.5527], [-89.7414, 40.5509], [-89.6971, 40.562], [-89.6811, 40.5523], [-89.6679, 40.5593], [-89.6543, 40.5742], [-89.6597, 40.5929], [-89.658, 40.6026], [-89.6124, 40.6465], [-89.611, 40.6523], [-89.6165, 40.6583], [-89.6138, 40.6651], [-89.5919, 40.6845], [-89.5536, 40.7023], [-89.5464, 40.723], [-89.5534, 40.7476], [-89.3301, 40.7483], [-89.3273, 40.6156], [-89.2698, 40.6161], [-89.2637, 40.3253], [-89.7149, 40.3192], [-89.7171, 40.4357], [-89.9247, 40.4359], [-89.9064, 40.4478]]]}}, {"type": "Feature", "properties": {"code": "17023", "name": "Clark", "state": "IL"}, "geometry": {"type": "Polygon", "coordinates": [[[-87.6876, 39.4874], [-87.6893, 39.4768], [-87.5317, 39.4771], [-87.5316, 39.3481], [-87.544, 39.3529], [-87.5544, 39.3405], [-87.5741, 39.3414], [-87.5849, 39.3373], [-87.6059, 39.3111], [-87.6205, 39.3071], [-87.6212, 39.3042], [-87.615, 39.3009], [-87.6053, 39.3032], [-87.5984, 39.3001], [-87.5973, 39.297], [-87.6088, 39.2867], [-87.6099, 39.2814], [-87.6073, 39.2762], [-87.6019, 39.2752], [-87.6049, 39.2602], [-87.5935, 39.2475], [-87.5807, 39.2552], [-87.5734, 39.2546], [-87.5713, 39.2514], [-87.5731, 39.2467], [-87.5793, 39.2436], [-87.5746, 39.2184], [-87.577, 39.2111], [-87.585, 39.2053], [-87.5866, 39.1996], [-87.603, 39.1913], [-87.6052, 39.1859], [-87.6204, 39.1852], [-87.6205, 39.1703], [-87.6404, 39.1667], [-87.6414, 39.1604], [-87.6294, 39.1575], [-87.657, 39.1579], [-87.6569, 39.1722], [-87.7471, 39.1724], [-87.7462, 39.1792], [-88.0078, 39.1739], [-88.0139, 39.4808], [-87.6876, 39.4874]]]}}, {"type": "Feature", "properties": {"code": "17073", "name": "Henry", "state": "IL"}, "geometry": {"type": "Polygon", "coordinates": [[[-90.4319, 41.4568], [-90.4211, 41.4576], [-90.3873, 41.4764], [-90.3767, 41.4787], [-90.3694, 41.4967], [-90.3522, 41.5088], [-90.3327, 41.514], [-90.3151, 41.5092], [-90.3047, 41.5178], [-90.2501, 41.5228], [-90.2258, 41.5299], [-90.2167, 41.5379], [-90.1953, 41.5407], [-90.1848, 41.556], [-90.1791, 41.5735], [-90.1855, 41.5846], [-89.8624, 41.584], [-89.8574, 41.5184], [-89.8575, 41.2385], [-89.8576, 41.2345], [-89.8678, 41.2344], [-89.8682, 41.1495], [-90.4377, 41.1515], [-90.4319, 41.4568]]]}}, {"type": "Feature", "properties": {"code": "19133", "name": "Monona", "state": "IA"}, "geometry": {"type": "Polygon", "coordinates": [[[-96.3567, 42.2151], [-95.6708, 42.2114], [-95.6728, 41.8631], [-96.139, 41.8663], [-96.1461, 41.875], [-96.1488, 41.8881], [-96.1618, 41.9018], [-96.162, 41.9056], [-96.1591, 41.9101], [-96.1423, 41.9154], [-96.1367, 41.9208], [-96.1366, 41.9272], [-96.1446, 41.9415], [-96.1333, 41.9557], [-96.1295, 41.9717], [-96.1412, 41.9781], [-96.1565, 41.9801], [-96.1863, 41.9774], [-96.1921, 41.9845], [-96.1836, 42.0], [-96.1881, 42.0063], [-96.1946, 42.0087], [-96.2152, 42.0067], [-96.2255, 41.9947], [-96.2407, 41.9994], [-96.2419, 42.007], [-96.2389, 42.0123], [-96.2236, 42.0227], [-96.2219, 42.0296], [-96.2257, 42.0352], [-96.2384, 42.0411], [-96.2561, 42.0381], [-96.2639, 42.0399], [-96.2755, 42.052], [-96.2791, 42.074], [-96.2676, 42.0962], [-96.2689, 42.1136], [-96.2792, 42.1235], [-96.3059, 42.1298], [-96.3138, 42.1363], [-96.3195, 42.1466], [-96.3424, 42.1605], [-96.3497, 42.172], [-96.3481, 42.1947], [-96.3599, 42.2105], [-96.3567, 42.2151]]]}}, {"type": "Feature", "properties": {"code": "19061", "name": "Dubuque", "state": "IA"}, "geometry": {"type": "Polygon", "coordinates": [[[-91.1328, 42.6458], [-90.8974, 42.6457], [-90.8969, 42.6753], [-90.7202, 42.6408], [-90.7027, 42.6308], [-90.692, 42.6104], [-90.687, 42.5918], [-90.6771, 42.5792], [-90.6615, 42.568], [-90.6591, 42.5579], [-90.644, 42.5399], [-90.636, 42.5154], [-90.6559, 42.4917], [-90.654, 42.4785], [-90.6243, 42.4589], [-90.5652, 42.4387], [-90.555, 42.4161], [-90.5068, 42.3988], [-90.4872, 42.3851], [-90.4738, 42.3815], [-90.665, 42.3822], [-90.6656, 42.2947], [-91.1301, 42.2958], [-91.1309, 42.4713], [-91.1342, 42.4713], [-91.1328, 42.6458]]]}}, {"type": "Feature", "properties": {"code": "19097", "name": "Jackson", "state": "IA"}, "geometry": {"type": "Polygon", "coordinates": [[[-90.898, 42.2952], [-90.6656, 42.2947], [-90.665, 42.3822], [-90.4738, 42.3815], [-90.4626, 42.3673], [-90.4439, 42.3552], [-90.4305, 42.3369], [-90.4165, 42.3251], [-90.4162, 42.3213], [-90.421, 42.3161], [-90.4205, 42.3054], [-90.4307, 42.2842], [-90.4309, 42.2782], [-90.4193, 42.2545], [-90.4007, 42.2393], [-90.3911, 42.2255], [-90.357, 42.2054], [-90.3283, 42.201], [-90.2822, 42.1788], [-90.2349, 42.1654], [-90.2095, 42.1527], [-90.2014, 42.1309], [-90.1973, 42.1282], [-90.171, 42.1252], [-90.1675, 42.1225], [-90.1629, 42.1167], [-90.1612, 42.1064], [-90.1634, 42.0876], [-90.1684, 42.0758], [-90.1645, 42.0421], [-90.1542, 42.0331], [-90.8984, 42.0335], [-90.898, 42.2952]]]}}, {"type": "Feature", "properties": {"code": "19109", "name": "Kossuth", "state": "IA"}, "geometry": {"type": "Polygon", "coordinates": [[[-94.4429, 43.5004], [-93.9708, 43.4999], [-93.9712, 42.9078], [-94.443, 42.9081], [-94.4429, 43.5004]]]}}, {"type": "Feature", "properties": {"code": "19119", "name": "Lyon", "state": "IA"}, "geometry": {"type": "Polygon", "coordinates": [[[-96.6, 43.4571], [-96.5825, 43.4671], [-96.5867, 43.4774], [-96.581, 43.4814], [-96.5872, 43.4849], [-96.5845, 43.4888], [-96.5863, 43.4911], [-96.5984, 43.4951], [-96.5989, 43.5005], [-95.8609, 43.5001], [-95.8619, 43.2576], [-96.5642, 43.2602], [-96.5768, 43.2683], [-96.5852, 43.2689], [-96.5863, 43.2743], [-96.5835, 43.2769], [-96.5809, 43.2748], [-96.5778, 43.2799], [-96.5796, 43.2934], [-96.587, 43.2918], [-96.5885, 43.2963], [-96.5736, 43.2992], [-96.5691, 43.2955], [-96.5531, 43.2929], [-96.5304, 43.3], [-96.5256, 43.3125], [-96.5349, 43.3365], [-96.5243, 43.3472], [-96.5273, 43.3681], [-96.5213, 43.3746], [-96.5216, 43.3856], [-96.5255, 43.3963], [-96.5371, 43.3951], [-96.5736, 43.4192], [-96.5702, 43.4286], [-96.5943, 43.4342], [-96.6026, 43.4496], [-96.6, 43.4571]]]}}, {"type": "Feature", "properties": {"code": "17069", "name": "Hardin", "state": "IL"}, "geometry": {"type": "Polygon", "coordinates": [[[-88.4127, 37.5996], [-88.18, 37.5992], [-88.1677, 37.5927], [-88.1527, 37.5738], [-88.1373, 37.5753], [-88.1229, 37.5693], [-88.1031, 37.5539], [-88.088, 37.5351], [-88.0722, 37.5288], [-88.0626, 37.5136], [-88.0613, 37.5052], [-88.0652, 37.4894], [-88.0678, 37.4859], [-88.0735, 37.4853], [-88.0852, 37.4715], [-88.0926, 37.4737], [-88.1351, 37.4716], [-88.1886, 37.4619], [-88.2817, 37.4526], [-88.3126, 37.4406], [-88.3332, 37.4272], [-88.3484, 37.4107], [-88.3655, 37.4017], [-88.3712, 37.4027], [-88.3775, 37.4098], [-88.3973, 37.4216], [-88.4088, 37.4252], [-88.4154, 37.4238], [-88.4127, 37.5996]]]}}, {"type": "Feature", "properties": {"code": "17059", "name": "Gallatin", "state": "IL"}, "geometry": {"type": "Polygon", "coordinates": [[[-88.3745, 37.9084], [-88.1365, 37.9077], [-88.1359, 37.9159], [-88.1099, 37.9037], [-88.0977, 37.8934], [-88.0986, 37.89], [-88.0929, 37.8917], [-88.0844, 37.8856], [-88.0685, 37.858], [-88.0594, 37.8487], [-88.0282, 37.8386], [-88.0259, 37.8327], [-88.0287, 37.8271], [-88.0438, 37.8215], [-88.0581, 37.8224], [-88.0809, 37.8309], [-88.0901, 37.8256], [-88.09, 37.8168], [-88.0677, 37.8006], [-88.0376, 37.8099], [-88.03, 37.8065], [-88.028, 37.7992], [-88.0358, 37.7919], [-88.0426, 37.7671], [-88.0596, 37.7426], [-88.0725, 37.7333], [-88.1224, 37.7097], [-88.1594, 37.6618], [-88.1568, 37.6328], [-88.1417, 37.6028], [-88.1408, 37.5852], [-88.1343, 37.5746], [-88.1527, 37.5738], [-88.1677, 37.5927], [-88.18, 37.5992], [-88.3754, 37.5996], [-88.3745, 37.9084]]]}}, {"type": "Feature", "properties": {"code": "17147", "name": "Piatt", "state": "IL"}, "geometry": {"type": "Polygon", "coordinates": [[[-88.7453, 40.0988], [-88.6882, 40.0986], [-88.688, 40.1423], [-88.5749, 40.2815], [-88.4604, 40.2819], [-88.4607, 40.2233], [-88.4636, 40.2233], [-88.4623, 39.7918], [-88.7457, 39.7921], [-88.7453, 40.0988]]]}}, {"type": "Feature", "properties": {"code": "17121", "name": "Marion", "state": "IL"}, "geometry": {"type": "Polygon", "coordinates": [[[-89.1381, 38.8242], [-88.6952, 38.8263], [-88.699, 38.4749], [-88.9224, 38.477], [-89.1444, 38.4739], [-89.1381, 38.8242]]]}}, {"type": "Feature", "properties": {"code": "19053", "name": "Decatur", "state": "IA"}, "geometry": {"type": "Polygon", "coordinates": [[[-94.0148, 40.897], [-93.5565, 40.8983], [-93.5569, 40.5802], [-94.0155, 40.5739], [-94.0148, 40.897]]]}}, {"type": "Feature", "properties": {"code": "27043", "name": "Faribault", "state": "MN"}, "geometry": {"type": "Polygon", "coordinates": [[[-94.2471, 43.8479], [-93.648, 43.8476], [-93.6485, 43.4997], [-94.248, 43.5001], [-94.2471, 43.8479]]]}}, {"type": "Feature", "properties": {"code": "27117", "name": "Pipestone", "state": "MN"}, "geometry": {"type": "Polygon", "coordinates": [[[-96.4528, 44.1968], [-96.0638, 44.1964], [-96.0646, 43.849], [-96.4533, 43.8495], [-96.4528, 44.1968]]]}}, {"type": "Feature", "properties": {"code": "27055", "name": "Houston", "state": "MN"}, "geometry": {"type": "Polygon", "coordinates": [[[-91.7304, 43.8469], [-91.2841, 43.8471], [-91.2777, 43.8377], [-91.272, 43.8138], [-91.2624, 43.7922], [-91.244, 43.773], [-91.2554, 43.7449], [-91.2559, 43.7298], [-91.2685, 43.7098], [-91.2678, 43.6957], [-91.2733, 43.6666], [-91.2717, 43.6549], [-91.2639, 43.6477], [-91.2624, 43.6418], [-91.2685, 43.6274], [-91.2687, 43.6153], [-91.2616, 43.6062], [-91.2319, 43.5818], [-91.2328, 43.5648], [-91.2432, 43.5507], [-91.2432, 43.5403], [-91.2329, 43.524], [-91.2183, 43.5144], [-91.2177, 43.5005], [-91.7302, 43.5007], [-91.7304, 43.8469]]]}}, {"type": "Feature", "properties": {"code": "27071", "name": "Koochiching", "state": "MN"}, "geometry": {"type": "Polygon", "coordinates": [[[-94.4162, 48.7109], [-94.3842, 48.7118], [-94.3686, 48.7064], [-94.3428, 48.7034], [-94.3084, 48.7102], [-94.2907, 48.7077], [-94.2605, 48.6964], [-94.2512, 48.6835], [-94.2546, 48.6614], [-94.2502, 48.6563], [-94.2243, 48.6495], [-94.1995, 48.651], [-94.1574, 48.6458], [-94.0912, 48.6437], [-94.0658, 48.6461], [-94.0642, 48.6437], [-94.0356, 48.641], [-94.0069, 48.6432], [-93.953, 48.6341], [-93.917, 48.6329], [-93.9135, 48.6352], [-93.8444, 48.6302], [-93.8334, 48.6256], [-93.8214, 48.6092], [-93.8185, 48.5953], [-93.8068, 48.5776], [-93.8054, 48.5684], [-93.8121, 48.5507], [-93.8112, 48.5424], [-93.8184, 48.5344], [-93.8183, 48.53], [-93.7945, 48.516], [-93.7091, 48.518], [-93.6909, 48.5146], [-93.6567, 48.5157], [-93.6431, 48.5183], [-93.6289, 48.5312], [-93.6106, 48.5217], [-93.5944, 48.5288], [-93.5783, 48.5265], [-93.5472, 48.5287], [-93.5155, 48.5348], [-93.5002, 48.5412], [-93.4675, 48.5457], [-93.4608, 48.5506], [-93.4567, 48.5618], [-93.466, 48.5873], [-93.4643, 48.5918], [-93.4385, 48.5934], [-93.4053, 48.6093], [-93.395, 48.6033], [-93.3712, 48.6051], [-93.3621, 48.6138], [-93.3541, 48.6124], [-93.3482, 48.6264], [-93.2549, 48.6428], [-93.2074, 48.6425], [-93.1781, 48.6233], [-93.0886, 48.6276], [-93.095, 48.2425], [-93.098, 48.2425], [-93.0965, 48.0678], [-93.0891, 48.0679], [-93.0881, 47.9786], [-93.0809, 47.9785], [-93.0809, 47.8919], [-93.7758, 47.899], [-93.7762, 47.8464], [-94.4185, 47.8458], [-94.4178, 48.0198], [-94.4237, 48.0198], [-94.4248, 48.0596], [-94.4243, 48.2792], [-94.4258, 48.3674], [-94.4287, 48.3674], [-94.4292, 48.3891], [-94.4303, 48.701], [-94.4162, 48.7109]]]}}, {"type": "Feature", "properties": {"code": "55081", "name": "Monroe", "state": "WI"}, "geometry": {"type": "Polygon", "coordinates": [[[-90.9703, 44.1286], [-90.9671, 44.1357], [-90.9586, 44.1372], [-90.9573, 44.1414], [-90.9518, 44.1415], [-90.9465, 44.1473], [-90.9434, 44.1437], [-90.9381, 44.1474], [-90.9257, 44.146], [-90.9046, 44.1583], [-90.4357, 44.1611], [-90.3125, 44.1552], [-90.3122, 43.7315], [-90.4329, 43.7259], [-90.5872, 43.7258], [-90.5872, 43.7295], [-90.607, 43.7296], [-90.6071, 43.726], [-90.9107, 43.7253], [-90.9129, 44.0715], [-90.9731, 44.0709], [-90.9737, 44.1166], [-90.9672, 44.12], [-90.9781, 44.1285], [-90.9703, 44.1286]]]}}, {"type": "Feature", "properties": {"code": "55129", "name": "Washburn", "state": "WI"}, "geometry": {"type": "Polygon", "coordinates": [[[-92.0496, 46.1576], [-91.5513, 46.157], [-91.5518, 45.9833], [-91.5418, 45.9826], [-91.5403, 45.6376], [-92.0314, 45.6399], [-92.0334, 45.9838], [-92.0506, 45.9839], [-92.0496, 46.1576]]]}}, {"type": "Feature", "properties": {"code": "55085", "name": "Oneida", "state": "WI"}, "geometry": {"type": "Polygon", "coordinates": [[[-90.0429, 45.8973], [-89.4253, 45.8983], [-89.3005, 45.9015], [-89.3009, 45.8607], [-89.258, 45.8619], [-89.1752, 45.8566], [-89.1777, 45.8993], [-89.1216, 45.8955], [-89.0476, 45.8954], [-89.0465, 45.4644], [-89.3443, 45.47], [-89.4248, 45.4672], [-89.4283, 45.5554], [-90.0434, 45.5551], [-90.0452, 45.8176], [-90.0429, 45.8973]]]}}, {"type": "Feature", "properties": {"code": "17007", "name": "Boone", "state": "IL"}, "geometry": {"type": "Polygon", "coordinates": [[[-88.9404, 42.495], [-88.7867, 42.492], [-88.7074, 42.4936], [-88.7056, 42.1535], [-88.9397, 42.1523], [-88.9404, 42.495]]]}}, {"type": "Feature", "properties": {"code": "17049", "name": "Effingham", "state": "IL"}, "geometry": {"type": "Polygon", "coordinates": [[[-88.8053, 39.2163], [-88.4709, 39.215], [-88.4709, 39.1715], [-88.3607, 39.1711], [-88.3617, 38.9108], [-88.5799, 38.9154], [-88.8068, 38.9116], [-88.8053, 39.2163]]]}}, {"type": "Feature", "properties": {"code": "17019", "name": "Champaign", "state": "IL"}, "geometry": {"type": "Polygon", "coordinates": [[[-88.4607, 40.2233], [-88.46, 40.3989], [-87.9324, 40.3994], [-87.9288, 40.2256], [-87.9421, 40.2255], [-87.9376, 39.8798], [-88.4622, 39.8791], [-88.4636, 40.2233], [-88.4607, 40.2233]]]}}, {"type": "Feature", "properties": {"code": "17013", "name": "Calhoun", "state": "IL"}, "geometry": {"type": "Polygon", "coordinates": [[[-90.6138, 39.3954], [-90.6208, 39.3812], [-90.6223, 39.3651], [-90.6113, 39.3115], [-90.6024, 39.2927], [-90.6098, 39.2598], [-90.598, 39.2433], [-90.5912, 39.1986], [-90.5989, 39.1815], [-90.612, 39.1673], [-90.615, 39.1455], [-90.5893, 39.076], [-90.5814, 39.0657], [-90.59, 39.0507], [-90.5743, 39.0298], [-90.5744, 39.0031], [-90.5676, 38.9897], [-90.5432, 38.9647], [-90.5237, 38.9545], [-90.5152, 38.9546], [-90.4872, 38.9677], [-90.4508, 38.9678], [-90.4721, 38.9588], [-90.4824, 38.9445], [-90.4827, 38.9347], [-90.487, 38.926], [-90.5075, 38.9028], [-90.517, 38.8988], [-90.5459, 38.874], [-90.5666, 38.8688], [-90.5834, 38.869], [-90.6251, 38.8887], [-90.6359, 38.9039], [-90.6635, 38.9274], [-90.6634, 38.9356], [-90.6759, 38.9621], [-90.6782, 38.9919], [-90.7136, 39.054], [-90.7021, 39.0656], [-90.7004, 39.0718], [-90.6827, 39.0883], [-90.6811, 39.1006], [-90.6861, 39.1178], [-90.7029, 39.1387], [-90.7079, 39.1509], [-90.7105, 39.1764], [-90.7174, 39.1974], [-90.7171, 39.2139], [-90.727, 39.2512], [-90.734, 39.2591], [-90.7516, 39.2654], [-90.7676, 39.28], [-90.7757, 39.2928], [-90.7907, 39.3029], [-90.7935, 39.3095], [-90.8169, 39.3205], [-90.8475, 39.3453], [-90.8938, 39.3673], [-90.9049, 39.3794], [-90.9287, 39.3875], [-90.9368, 39.3995], [-90.6138, 39.3954]]]}}, {"type": "Feature", "properties": {"code": "17133", "name": "Monroe", "state": "IL"}, "geometry": {"type": "Polygon", "coordinates": [[[-90.3708, 38.3336], [-90.3491, 38.3775], [-90.3409, 38.3888], [-90.2928, 38.4287], [-90.2638, 38.5205], [-90.1454, 38.4267], [-90.1456, 38.4121], [-90.0361, 38.3235], [-90.0361, 38.3089], [-89.9131, 38.3081], [-89.9041, 38.2978], [-89.9068, 38.2936], [-89.9018, 38.2884], [-89.9025, 38.2815], [-89.9088, 38.2762], [-89.9172, 38.2778], [-89.9177, 38.2805], [-89.9113, 38.2847], [-89.9189, 38.2859], [-89.9252, 38.2733], [-89.9209, 38.272], [-89.9237, 38.269], [-89.9145, 38.2588], [-89.9134, 38.2549], [-89.9173, 38.2518], [-89.9075, 38.2431], [-89.9087, 38.2376], [-89.8968, 38.2303], [-89.9045, 38.2271], [-89.899, 38.2208], [-90.0363, 38.2232], [-90.036, 38.1357], [-90.2053, 38.0867], [-90.2431, 38.1127], [-90.2749, 38.1576], [-90.2908, 38.1705], [-90.3316, 38.1876], [-90.3539, 38.2139], [-90.3664, 38.2459], [-90.3727, 38.2862], [-90.3708, 38.3336]]]}}, {"type": "Feature", "properties": {"code": "17183", "name": "Vermilion", "state": "IL"}, "geometry": {"type": "Polygon", "coordinates": [[[-87.9288, 40.2256], [-87.9353, 40.4859], [-87.5264, 40.4912], [-87.5332, 39.883], [-87.5817, 39.8823], [-87.5575, 39.8688], [-87.6174, 39.8686], [-87.6152, 39.8816], [-87.9376, 39.8798], [-87.9421, 40.2255], [-87.9288, 40.2256]]]}}, {"type": "Feature", "properties": {"code": "17107", "name": "Logan", "state": "IL"}, "geometry": {"type": "Polygon", "coordinates": [[[-89.601, 40.2184], [-89.603, 40.3203], [-89.2637, 40.3253], [-89.2626, 40.2809], [-89.1488, 40.2825], [-89.1435, 39.9176], [-89.405, 39.9182], [-89.405, 39.9327], [-89.4835, 39.9332], [-89.4838, 39.9767], [-89.5783, 39.9761], [-89.5791, 40.0924], [-89.6011, 40.0923], [-89.6036, 40.2184], [-89.601, 40.2184]]]}}, {"type": "Feature", "properties": {"code": "17199", "name": "Williamson", "state": "IL"}, "geometry": {"type": "Polygon", "coordinates": [[[-89.1512, 37.862], [-88.7068, 37.8635], [-88.7085, 37.5993], [-88.8189, 37.6007], [-88.8368, 37.5975], [-88.9772, 37.5963], [-89.1536, 37.6002], [-89.1512, 37.862]]]}}, {"type": "Feature", "properties": {"code": "17177", "name": "Stephenson", "state": "IL"}, "geometry": {"type": "Polygon", "coordinates": [[[-89.4014, 42.5004], [-89.3962, 42.2019], [-89.9198, 42.1969], [-89.9265, 42.5058], [-89.4014, 42.5004]]]}}, {"type": "Feature", "properties": {"code": "55025", "name": "Dane", "state": "WI"}, "geometry": {"type": "Polygon", "coordinates": [[[-89.8381, 43.2061], [-89.8054, 43.2389], [-89.7622, 43.2406], [-89.7544, 43.243], [-89.749, 43.2488], [-89.7431, 43.2478], [-89.7317, 43.2522], [-89.7251, 43.2601], [-89.724, 43.2636], [-89.7267, 43.2649], [-89.7176, 43.2726], [-89.7134, 43.281], [-89.7205, 43.2931], [-89.3632, 43.294], [-89.3631, 43.2813], [-89.0091, 43.2848], [-89.0136, 42.8476], [-89.3691, 42.845], [-89.3691, 42.8565], [-89.8382, 42.8574], [-89.8381, 43.2061]]]}}, {"type": "Feature", "properties": {"code": "55103", "name": "Richland", "state": "WI"}, "geometry": {"type": "Polygon", "coordinates": [[[-90.192, 43.555], [-90.1938, 43.1645], [-90.2209, 43.1742], [-90.2601, 43.1977], [-90.2807, 43.1943], [-90.2925, 43.2069], [-90.3355, 43.2097], [-90.3527, 43.2096], [-90.4087, 43.2002], [-90.4393, 43.1996], [-90.5059, 43.2089], [-90.5298, 43.2075], [-90.5454, 43.2115], [-90.5889, 43.2007], [-90.6086, 43.1854], [-90.6425, 43.1787], [-90.6566, 43.1718], [-90.6668, 43.1718], [-90.666, 43.3794], [-90.6686, 43.3798], [-90.6717, 43.5529], [-90.192, 43.555]]]}}, {"type": "Feature", "properties": {"code": "55135", "name": "Waupaca", "state": "WI"}, "geometry": {"type": "Polygon", "coordinates": [[[-89.2237, 44.6814], [-88.6052, 44.6783], [-88.6061, 44.5905], [-88.7368, 44.5906], [-88.7398, 44.2433], [-89.2248, 44.2434], [-89.2237, 44.6814]]]}}, {"type": "Feature", "properties": {"code": "17009", "name": "Brown", "state": "IL"}, "geometry": {"type": "Polygon", "coordinates": [[[-90.9135, 40.1045], [-90.696, 40.104], [-90.6999, 40.0945], [-90.7081, 40.0933], [-90.7092, 40.0904], [-90.7052, 40.0885], [-90.7058, 40.0849], [-90.6945, 40.0794], [-90.672, 40.0801], [-90.6764, 40.0673], [-90.6749, 40.0618], [-90.6776, 40.0599], [-90.6751, 40.046], [-90.6701, 40.0438], [-90.6615, 40.0466], [-90.6594, 40.0412], [-90.6521, 40.0392], [-90.6534, 40.0331], [-90.6335, 40.029], [-90.6304, 40.0237], [-90.6161, 40.0273], [-90.6117, 40.0329], [-90.6073, 40.0295], [-90.607, 40.0212], [-90.6113, 40.0176], [-90.6169, 40.0205], [-90.619, 40.0153], [-90.6019, 40.0033], [-90.6071, 39.9817], [-90.5855, 39.9788], [-90.5675, 39.9838], [-90.5503, 39.9834], [-90.5436, 39.9804], [-90.5296, 39.9851], [-90.526, 39.9823], [-90.5239, 39.9833], [-90.5275, 39.987], [-90.5207, 39.9883], [-90.5157, 39.9844], [-90.5137, 39.9879], [-90.5122, 39.9839], [-90.5111, 39.9676], [-90.5321, 39.946], [-90.5382, 39.9182], [-90.5543, 39.9014], [-90.5756, 39.8913], [-90.5849, 39.875], [-90.5824, 39.8546], [-90.5714, 39.839], [-90.8943, 39.8411], [-90.9167, 39.8449], [-90.9135, 40.1045]]]}}, {"type": "Feature", "properties": {"code": "55117", "name": "Sheboygan", "state": "WI"}, "geometry": {"type": "Polygon", "coordinates": [[[-87.7313, 43.8922], [-87.736, 43.8737], [-87.7287, 43.8525], [-87.7296, 43.8318], [-87.7264, 43.8104], [-87.7055, 43.7734], [-87.6961, 43.7646], [-87.703, 43.7588], [-87.7029, 43.748], [-87.7102, 43.7371], [-87.703, 43.7064], [-87.7027, 43.6876], [-87.7343, 43.6392], [-87.7813, 43.5785], [-87.7901, 43.5631], [-87.7919, 43.543], [-88.1609, 43.5429], [-88.1623, 43.8915], [-87.7313, 43.8922]]]}}, {"type": "Feature", "properties": {"code": "29103", "name": "Knox", "state": "MO"}, "geometry": {"type": "Polygon", "coordinates": [[[-92.3478, 40.3028], [-92.1786, 40.3042], [-91.9497, 40.3008], [-91.9517, 40.2139], [-91.9472, 40.2138], [-91.9527, 39.9494], [-92.1773, 39.9545], [-92.3447, 39.9533], [-92.3429, 40.0372], [-92.3453, 40.038], [-92.3465, 40.2159], [-92.3486, 40.2158], [-92.3478, 40.3028]]]}}, {"type": "Feature", "properties": {"code": "55059", "name": "Kenosha", "state": "WI"}, "geometry": {"type": "Polygon", "coordinates": [[[-88.1882, 42.6115], [-88.1883, 42.6697], [-87.8059, 42.6679], [-87.8171, 42.6355], [-87.8197, 42.6158], [-87.8156, 42.5942], [-87.8076, 42.5879], [-87.8076, 42.5854], [-87.8132, 42.5846], [-87.814, 42.5794], [-87.8137, 42.5427], [-87.8107, 42.5153], [-87.8021, 42.4926], [-88.1153, 42.4962], [-88.3047, 42.4948], [-88.3059, 42.6108], [-88.1882, 42.6115]]]}}, {"type": "Feature", "properties": {"code": "55083", "name": "Oconto", "state": "WI"}, "geometry": {"type": "Polygon", "coordinates": [[[-88.6778, 45.3789], [-88.3058, 45.3745], [-88.3091, 45.2016], [-88.1864, 45.198], [-88.1892, 45.1118], [-88.1189, 45.1102], [-88.1212, 45.0236], [-87.943, 45.0204], [-87.9444, 44.9931], [-87.7601, 44.9905], [-87.7624, 44.9666], [-87.813, 44.954], [-87.8215, 44.9496], [-87.832, 44.9359], [-87.8393, 44.9328], [-87.8443, 44.9185], [-87.831, 44.8926], [-87.8471, 44.8806], [-87.8459, 44.8743], [-87.8666, 44.8427], [-87.9024, 44.8278], [-87.9018, 44.8222], [-87.917, 44.8002], [-87.9286, 44.7735], [-87.9343, 44.7657], [-87.9398, 44.7642], [-87.9389, 44.7591], [-87.9647, 44.7436], [-87.9826, 44.7218], [-87.9864, 44.7019], [-87.9896, 44.7009], [-87.9879, 44.6776], [-88.1312, 44.6769], [-88.2312, 44.6724], [-88.231, 44.6796], [-88.2427, 44.6796], [-88.2524, 44.7668], [-88.2482, 44.8527], [-88.4891, 44.8554], [-88.4837, 45.1169], [-88.6412, 45.1173], [-88.6382, 45.2048], [-88.6801, 45.205], [-88.6778, 45.3789]]]}}, {"type": "Feature", "properties": {"code": "29141", "name": "Morgan", "state": "MO"}, "geometry": {"type": "Polygon", "coordinates": [[[-93.06, 38.6931], [-92.9505, 38.6858], [-92.8398, 38.684], [-92.8419, 38.5968], [-92.6252, 38.4308], [-92.6302, 38.431], [-92.6338, 38.3481], [-92.6898, 38.3485], [-92.6959, 38.222], [-92.7072, 38.224], [-92.7186, 38.2201], [-92.7314, 38.2216], [-92.749, 38.2176], [-92.756, 38.2125], [-92.7645, 38.1896], [-92.963, 38.1972], [-92.9566, 38.2037], [-92.9388, 38.2085], [-92.932, 38.2162], [-92.932, 38.2202], [-92.9378, 38.2252], [-92.9569, 38.2295], [-92.9637, 38.2255], [-92.9757, 38.2035], [-92.9866, 38.1908], [-93.0062, 38.186], [-93.0169, 38.1913], [-93.0223, 38.1986], [-93.02, 38.2048], [-93.012, 38.2102], [-92.9849, 38.2114], [-92.9842, 38.2197], [-93.0056, 38.2227], [-93.0165, 38.2449], [-93.0463, 38.2678], [-93.0611, 38.2716], [-93.0777, 38.2631], [-93.06, 38.6931]]]}}, {"type": "Feature", "properties": {"code": "29225", "name": "Webster", "state": "MO"}, "geometry": {"type": "Polygon", "coordinates": [[[-93.0716, 37.4874], [-92.6867, 37.4815], [-92.6923, 37.2635], [-92.679, 37.2631], [-92.6859, 37.0671], [-92.9033, 37.0707], [-92.9029, 37.0852], [-93.0653, 37.0887], [-93.0615, 37.2698], [-93.0768, 37.2704], [-93.0716, 37.4874]]]}}, {"type": "Feature", "properties": {"code": "29083", "name": "Henry", "state": "MO"}, "geometry": {"type": "Polygon", "coordinates": [[[-94.065, 38.4658], [-94.0678, 38.466], [-94.0643, 38.5674], [-93.511, 38.5562], [-93.5151, 38.4568], [-93.512, 38.4544], [-93.512, 38.4468], [-93.5235, 38.2072], [-93.5386, 38.2055], [-93.5609, 38.2208], [-93.5695, 38.2189], [-93.5708, 38.2154], [-93.5573, 38.2011], [-94.0752, 38.2145], [-94.065, 38.4658]]]}}, {"type": "Feature", "properties": {"code": "55105", "name": "Rock", "state": "WI"}, "geometry": {"type": "Polygon", "coordinates": [[[-89.3691, 42.845], [-89.0925, 42.8474], [-88.7771, 42.8427], [-88.7766, 42.492], [-89.3658, 42.5003], [-89.3691, 42.845]]]}}, {"type": "Feature", "properties": {"code": "55013", "name": "Burnett", "state": "WI"}, "geometry": {"type": "Polygon", "coordinates": [[[-92.8789, 45.6656], [-92.8755, 45.689], [-92.87, 45.6973], [-92.8692, 45.7176], [-92.8098, 45.7442], [-92.7846, 45.7642], [-92.7765, 45.79], [-92.7578, 45.8066], [-92.7651, 45.8302], [-92.74, 45.8463], [-92.734, 45.8681], [-92.7125, 45.8917], [-92.6766, 45.9064], [-92.6762, 45.9121], [-92.6595, 45.9229], [-92.6391, 45.9246], [-92.6388, 45.9342], [-92.6143, 45.9345], [-92.6025, 45.9408], [-92.5519, 45.9517], [-92.5498, 45.968], [-92.5271, 45.9832], [-92.4694, 45.9738], [-92.4613, 45.9794], [-92.4645, 45.985], [-92.4534, 45.9929], [-92.4423, 46.0162], [-92.4286, 46.0242], [-92.4106, 46.0273], [-92.3727, 46.0142], [-92.3518, 46.0157], [-92.3493, 46.0236], [-92.3437, 46.0285], [-92.3435, 46.043], [-92.3329, 46.0627], [-92.3193, 46.0693], [-92.294, 46.0744], [-92.2937, 46.1573], [-92.0496, 46.1576], [-92.0506, 45.9839], [-92.0334, 45.9838], [-92.0314, 45.6399], [-92.1549, 45.6397], [-92.1544, 45.7256], [-92.5282, 45.7287], [-92.5291, 45.6421], [-92.8871, 45.6441], [-92.8789, 45.6656]]]}}, {"type": "Feature", "properties": {"code": "19019", "name": "Buchanan", "state": "IA"}, "geometry": {"type": "Polygon", "coordinates": [[[-92.0817, 42.6421], [-91.6071, 42.644], [-91.6085, 42.4693], [-91.5974, 42.4692], [-91.597, 42.2964], [-91.8311, 42.2991], [-92.0648, 42.2973], [-92.0642, 42.4682], [-92.0814, 42.4682], [-92.0817, 42.6421]]]}}, {"type": "Feature", "properties": {"code": "19055", "name": "Delaware", "state": "IA"}, "geometry": {"type": "Polygon", "coordinates": [[[-91.6071, 42.644], [-91.1328, 42.6458], [-91.1343, 42.4823], [-91.1342, 42.4713], [-91.1309, 42.4713], [-91.1301, 42.2958], [-91.597, 42.2964], [-91.5974, 42.4692], [-91.6085, 42.4693], [-91.6071, 42.644]]]}}, {"type": "Feature", "properties": {"code": "19013", "name": "Black Hawk", "state": "IA"}, "geometry": {"type": "Polygon", "coordinates": [[[-92.5545, 42.6423], [-92.0817, 42.6421], [-92.0814, 42.4682], [-92.0642, 42.4682], [-92.0648, 42.2973], [-92.5335, 42.297], [-92.534, 42.4696], [-92.5543, 42.4696], [-92.5545, 42.6423]]]}}, {"type": "Feature", "properties": {"code": "19117", "name": "Lucas", "state": "IA"}, "geometry": {"type": "Polygon", "coordinates": [[[-93.0992, 41.1609], [-93.0976, 40.8985], [-93.5565, 40.8983], [-93.5576, 41.1613], [-93.0992, 41.1609]]]}}, {"type": "Feature", "properties": {"code": "19011", "name": "Benton", "state": "IA"}, "geometry": {"type": "Polygon", "coordinates": [[[-92.2988, 42.2975], [-91.8311, 42.2991], [-91.8353, 42.037], [-91.8314, 41.8619], [-92.2982, 41.8628], [-92.2988, 42.2975]]]}}, {"type": "Feature", "properties": {"code": "19025", "name": "Calhoun", "state": "IA"}, "geometry": {"type": "Polygon", "coordinates": [[[-94.9145, 42.5603], [-94.443, 42.5588], [-94.443, 42.4734], [-94.3977, 42.4733], [-94.3975, 42.2092], [-94.8584, 42.2097], [-94.8567, 42.474], [-94.9145, 42.4742], [-94.9145, 42.5603]]]}}, {"type": "Feature", "properties": {"code": "55095", "name": "Polk", "state": "WI"}, "geometry": {"type": "Polygon", "coordinates": [[[-92.8871, 45.6441], [-92.5291, 45.6421], [-92.5282, 45.7287], [-92.1544, 45.7256], [-92.1565, 45.2096], [-92.758, 45.2096], [-92.7517, 45.2187], [-92.7575, 45.2305], [-92.7602, 45.2496], [-92.7517, 45.2659], [-92.7606, 45.2788], [-92.761, 45.289], [-92.7371, 45.3005], [-92.71, 45.3213], [-92.699, 45.3364], [-92.7041, 45.3537], [-92.7027, 45.3585], [-92.6792, 45.3727], [-92.677, 45.3801], [-92.6641, 45.3933], [-92.6504, 45.3985], [-92.6467, 45.4132], [-92.6503, 45.4192], [-92.6466, 45.4416], [-92.6535, 45.4553], [-92.6802, 45.4643], [-92.7022, 45.493], [-92.7267, 45.5145], [-92.7261, 45.5411], [-92.7702, 45.5669], [-92.7857, 45.5679], [-92.8015, 45.5629], [-92.8233, 45.5609], [-92.8464, 45.5665], [-92.8711, 45.5676], [-92.8811, 45.5734], [-92.885, 45.5788], [-92.8833, 45.5898], [-92.8864, 45.5949], [-92.883, 45.6137], [-92.8881, 45.6284], [-92.8871, 45.6441]]]}}, {"type": "Feature", "properties": {"code": "55031", "name": "Douglas", "state": "WI"}, "geometry": {"type": "Polygon", "coordinates": [[[-92.2913, 46.6681], [-92.2874, 46.6673], [-92.2862, 46.6603], [-92.2744, 46.6574], [-92.2706, 46.6507], [-92.266, 46.651], [-92.2566, 46.6587], [-92.2425, 46.6492], [-92.2285, 46.6529], [-92.2164, 46.6498], [-92.2071, 46.6519], [-92.2016, 46.6566], [-92.2041, 46.6669], [-92.1761, 46.6863], [-92.1765, 46.6902], [-92.1831, 46.6952], [-92.2052, 46.6983], [-92.2047, 46.704], [-92.1974, 46.7076], [-92.1891, 46.7175], [-92.1673, 46.7199], [-92.1463, 46.7159], [-92.1413, 46.7252], [-92.1433, 46.7346], [-92.1166, 46.7486], [-92.0895, 46.7492], [-92.034, 46.7089], [-92.0203, 46.704], [-92.0081, 46.7059], [-91.9734, 46.6864], [-91.943, 46.6799], [-91.8868, 46.6896], [-91.8575, 46.6924], [-91.82, 46.6902], [-91.7901, 46.6947], [-91.7496, 46.7091], [-91.6455, 46.7347], [-91.5907, 46.7543], [-91.5743, 46.7575], [-91.5514, 46.7557], [-91.5539, 46.5176], [-91.5516, 46.5023], [-91.5513, 46.157], [-92.2937, 46.1573], [-92.2913, 46.6681]]]}}, {"type": "Feature", "properties": {"code": "19027", "name": "Carroll", "state": "IA"}, "geometry": {"type": "Polygon", "coordinates": [[[-95.0909, 42.2104], [-94.6288, 42.2094], [-94.6287, 41.8628], [-95.0929, 41.8634], [-95.0909, 42.2104]]]}}, {"type": "Feature", "properties": {"code": "19069", "name": "Franklin", "state": "IA"}, "geometry": {"type": "Polygon", "coordinates": [[[-93.4986, 42.9085], [-93.0251, 42.9075], [-93.027, 42.5568], [-93.4995, 42.5577], [-93.4986, 42.9085]]]}}, {"type": "Feature", "properties": {"code": "19157", "name": "Poweshiek", "state": "IA"}, "geometry": {"type": "Polygon", "coordinates": [[[-92.766, 41.8624], [-92.2982, 41.8628], [-92.3, 41.689], [-92.2975, 41.5098], [-92.7565, 41.5088], [-92.7571, 41.6014], [-92.7668, 41.6014], [-92.766, 41.8624]]]}}, {"type": "Feature", "properties": {"code": "19147", "name": "Palo Alto", "state": "IA"}, "geometry": {"type": "Polygon", "coordinates": [[[-94.9137, 43.2551], [-94.4431, 43.255], [-94.443, 42.9081], [-94.9139, 42.9097], [-94.9137, 43.2551]]]}}, {"type": "Feature", "properties": {"code": "19017", "name": "Bremer", "state": "IA"}, "geometry": {"type": "Polygon", "coordinates": [[[-92.5542, 42.9071], [-92.0816, 42.907], [-92.0817, 42.6421], [-92.5545, 42.6423], [-92.5542, 42.9071]]]}}, {"type": "Feature", "properties": {"code": "19041", "name": "Clay", "state": "IA"}, "geometry": {"type": "Polygon", "coordinates": [[[-95.3881, 43.2552], [-94.9137, 43.2551], [-94.9139, 42.9097], [-95.3882, 42.9099], [-95.3881, 43.2552]]]}}, {"type": "Feature", "properties": {"code": "27059", "name": "Isanti", "state": "MN"}, "geometry": {"type": "Polygon", "coordinates": [[[-93.389, 45.7307], [-93.1418, 45.7307], [-93.142, 45.5581], [-93.022, 45.5574], [-93.0196, 45.4118], [-93.5101, 45.4148], [-93.5137, 45.7343], [-93.389, 45.7307]]]}}, {"type": "Feature", "properties": {"code": "19091", "name": "Humboldt", "state": "IA"}, "geometry": {"type": "Polygon", "coordinates": [[[-94.443, 42.9081], [-93.9712, 42.9078], [-93.9717, 42.6447], [-94.4431, 42.6452], [-94.443, 42.9081]]]}}, {"type": "Feature", "properties": {"code": "27153", "name": "Todd", "state": "MN"}, "geometry": {"type": "Polygon", "coordinates": [[[-94.7314, 46.3686], [-94.7317, 46.3642], [-94.7214, 46.3515], [-94.6761, 46.3507], [-94.6738, 46.3582], [-94.6694, 46.3608], [-94.6635, 46.3502], [-94.6585, 46.3521], [-94.6535, 46.3487], [-94.6533, 46.2826], [-94.6479, 46.2824], [-94.6488, 45.9335], [-94.6436, 45.9329], [-94.644, 45.774], [-95.1397, 45.7734], [-95.1388, 45.9327], [-95.1463, 45.9328], [-95.1458, 46.2824], [-95.1543, 46.2824], [-95.1556, 46.3689], [-94.7314, 46.3686]]]}}, {"type": "Feature", "properties": {"code": "27131", "name": "Rice", "state": "MN"}, "geometry": {"type": "Polygon", "coordinates": [[[-93.5243, 44.5436], [-93.2815, 44.544], [-93.2817, 44.472], [-93.0395, 44.4719], [-93.0412, 44.1967], [-93.5252, 44.1961], [-93.5243, 44.5436]]]}}, {"type": "Feature", "properties": {"code": "27121", "name": "Pope", "state": "MN"}, "geometry": {"type": "Polygon", "coordinates": [[[-95.7585, 45.7599], [-95.1397, 45.7589], [-95.1399, 45.585], [-95.1315, 45.585], [-95.1319, 45.4125], [-95.7474, 45.4123], [-95.7478, 45.5854], [-95.7586, 45.5854], [-95.7585, 45.7599]]]}}, {"type": "Feature", "properties": {"code": "27113", "name": "Pennington", "state": "MN"}, "geometry": {"type": "Polygon", "coordinates": [[[-96.5008, 48.1741], [-95.5939, 48.1729], [-95.5925, 48.0207], [-95.5829, 48.0207], [-95.5822, 47.934], [-95.7096, 47.9358], [-95.7098, 47.9643], [-96.4825, 47.9636], [-96.4826, 48.0217], [-96.5009, 48.0217], [-96.5008, 48.1741]]]}}, {"type": "Feature", "properties": {"code": "29119", "name": "McDonald", "state": "MO"}, "geometry": {"type": "Polygon", "coordinates": [[[-94.0671, 36.7477], [-94.0771, 36.4987], [-94.6179, 36.4994], [-94.6183, 36.7666], [-94.0671, 36.7477]]]}}, {"type": "Feature", "properties": {"code": "29077", "name": "Greene", "state": "MO"}, "geometry": {"type": "Polygon", "coordinates": [[[-93.6212, 37.4274], [-93.0734, 37.415], [-93.0768, 37.27], [-93.0615, 37.2698], [-93.0653, 37.0887], [-93.6089, 37.0982], [-93.6051, 37.2815], [-93.6258, 37.282], [-93.6212, 37.4274]]]}}, {"type": "Feature", "properties": {"code": "29159", "name": "Pettis", "state": "MO"}, "geometry": {"type": "Polygon", "coordinates": [[[-93.5092, 38.645], [-93.4931, 38.8992], [-93.4986, 38.8993], [-93.4964, 38.9428], [-93.0505, 38.9282], [-93.0673, 38.53], [-93.2905, 38.5354], [-93.2919, 38.5063], [-93.5127, 38.5125], [-93.5092, 38.645]]]}}, {"type": "Feature", "properties": {"code": "29149", "name": "Oregon", "state": "MO"}, "geometry": {"type": "Polygon", "coordinates": [[[-91.6742, 36.7878], [-91.66, 36.7875], [-91.6581, 36.8887], [-91.2228, 36.8839], [-91.2248, 36.8257], [-91.1159, 36.8237], [-91.1175, 36.7801], [-91.1196, 36.7801], [-91.1265, 36.4977], [-91.6723, 36.4995], [-91.6723, 36.6066], [-91.678, 36.6068], [-91.6742, 36.7878]]]}}, {"type": "Feature", "properties": {"code": "29510", "name": "St. Louis", "state": "MO"}, "geometry": {"type": "Polygon", "coordinates": [[[-90.3109, 38.6182], [-90.3018, 38.6556], [-90.2518, 38.7189], [-90.2218, 38.7301], [-90.2057, 38.7418], [-90.1864, 38.7615], [-90.1842, 38.7743], [-90.1667, 38.7723], [-90.1763, 38.7544], [-90.2052, 38.7322], [-90.2119, 38.718], [-90.2092, 38.7028], [-90.1864, 38.6748], [-90.1777, 38.6428], [-90.1788, 38.6292], [-90.1918, 38.599], [-90.2242, 38.5751], [-90.2578, 38.532], [-90.2669, 38.5343], [-90.271, 38.5387], [-90.2727, 38.5486], [-90.2898, 38.5571], [-90.307, 38.5722], [-90.3136, 38.5788], [-90.3205, 38.5942], [-90.3109, 38.6182]]]}}, {"type": "Feature", "properties": {"code": "29111", "name": "Lewis", "state": "MO"}, "geometry": {"type": "Polygon", "coordinates": [[[-91.9472, 40.2138], [-91.9517, 40.2139], [-91.9508, 40.2572], [-91.4973, 40.2488], [-91.5065, 40.2363], [-91.5043, 40.2243], [-91.5073, 40.2093], [-91.5045, 40.1983], [-91.5111, 40.1888], [-91.5131, 40.1785], [-91.5082, 40.1577], [-91.5117, 40.1471], [-91.5092, 40.1219], [-91.4896, 40.0574], [-91.4949, 40.0365], [-91.4692, 39.9953], [-91.4653, 39.984], [-91.4589, 39.979], [-91.4355, 39.9453], [-91.9527, 39.9494], [-91.9472, 40.2138]]]}}, {"type": "Feature", "properties": {"code": "29221", "name": "Washington", "state": "MO"}, "geometry": {"type": "Polygon", "coordinates": [[[-91.094, 38.0013], [-91.0958, 38.2041], [-90.9702, 38.2067], [-90.7802, 38.2041], [-90.6814, 38.1027], [-90.6762, 38.0951], [-90.6854, 38.0911], [-90.6845, 38.0863], [-90.6636, 38.0877], [-90.6605, 38.0964], [-90.6574, 38.0973], [-90.6519, 38.0905], [-90.662, 38.0847], [-90.64, 38.0765], [-90.6451, 37.7348], [-90.7621, 37.7385], [-90.8741, 37.7342], [-90.9825, 37.7403], [-91.1, 37.74], [-91.094, 38.0013]]]}}, {"type": "Feature", "properties": {"code": "29055", "name": "Crawford", "state": "MO"}, "geometry": {"type": "Polygon", "coordinates": [[[-91.3675, 38.2097], [-91.3676, 38.204], [-91.0958, 38.2041], [-91.094, 38.0013], [-91.1, 37.74], [-91.1465, 37.7408], [-91.147, 37.6972], [-91.3107, 37.7], [-91.3083, 37.7872], [-91.5288, 37.789], [-91.525, 38.1524], [-91.5344, 38.1526], [-91.5353, 38.2109], [-91.3675, 38.2097]]]}}, {"type": "Feature", "properties": {"code": "29065", "name": "Dent", "state": "MO"}, "geometry": {"type": "Polygon", "coordinates": [[[-91.8062, 37.7913], [-91.3083, 37.7872], [-91.3107, 37.7], [-91.1533, 37.6973], [-91.1551, 37.5881], [-91.3125, 37.5928], [-91.3142, 37.5051], [-91.211, 37.5019], [-91.2119, 37.4153], [-91.755, 37.4241], [-91.7548, 37.5988], [-91.8091, 37.5989], [-91.8062, 37.7913]]]}}, {"type": "Feature", "properties": {"code": "29139", "name": "Montgomery", "state": "MO"}, "geometry": {"type": "Polygon", "coordinates": [[[-91.6296, 39.1479], [-91.2602, 39.1398], [-91.2649, 38.8438], [-91.4158, 38.8453], [-91.4186, 38.7098], [-91.4576, 38.7063], [-91.4531, 38.7093], [-91.4723, 38.7076], [-91.4878, 38.7131], [-91.5011, 38.7047], [-91.5026, 38.695], [-91.5522, 38.6763], [-91.5877, 38.6822], [-91.6252, 38.7007], [-91.6472, 38.7034], [-91.6296, 39.1479]]]}}, {"type": "Feature", "properties": {"code": "29097", "name": "Jasper", "state": "MO"}, "geometry": {"type": "Polygon", "coordinates": [[[-94.6175, 37.3642], [-94.0821, 37.3493], [-94.0838, 37.2909], [-94.0523, 37.2901], [-94.0592, 37.0481], [-94.6179, 37.0568], [-94.6175, 37.3642]]]}}, {"type": "Feature", "properties": {"code": "29047", "name": "Clay", "state": "MO"}, "geometry": {"type": "Polygon", "coordinates": [[[-94.5899, 39.139], [-94.5884, 39.1499], [-94.5907, 39.1548], [-94.6017, 39.1596], [-94.6008, 39.4562], [-94.2106, 39.4547], [-94.2125, 39.2071], [-94.2296, 39.2154], [-94.2384, 39.2282], [-94.25, 39.2348], [-94.2899, 39.2371], [-94.3089, 39.2274], [-94.3282, 39.1912], [-94.3462, 39.1739], [-94.3636, 39.1637], [-94.3694, 39.1637], [-94.3785, 39.1704], [-94.3897, 39.1935], [-94.4013, 39.197], [-94.4072, 39.1953], [-94.409, 39.1921], [-94.3999, 39.1748], [-94.4023, 39.1648], [-94.4304, 39.138], [-94.4616, 39.1204], [-94.4846, 39.1455], [-94.4954, 39.1504], [-94.5064, 39.1509], [-94.5341, 39.1459], [-94.555, 39.1274], [-94.5957, 39.11], [-94.6039, 39.1109], [-94.6083, 39.1179], [-94.5899, 39.139]]]}}, {"type": "Feature", "properties": {"code": "29025", "name": "Caldwell", "state": "MO"}, "geometry": {"type": "Polygon", "coordinates": [[[-94.2058, 39.789], [-94.0932, 39.7859], [-93.759, 39.7847], [-93.7592, 39.5246], [-94.2084, 39.5272], [-94.2058, 39.789]]]}}, {"type": "Feature", "properties": {"code": "29169", "name": "Pulaski", "state": "MO"}, "geometry": {"type": "Polygon", "coordinates": [[[-92.4063, 38.0212], [-92.0212, 38.0106], [-92.0293, 37.6025], [-92.2495, 37.6045], [-92.2489, 37.6485], [-92.4137, 37.7142], [-92.4063, 38.0212]]]}}, {"type": "Feature", "properties": {"code": "29085", "name": "Hickory", "state": "MO"}, "geometry": {"type": "Polygon", "coordinates": [[[-93.5687, 37.9149], [-93.5121, 37.9135], [-93.5039, 38.0731], [-93.0652, 38.0625], [-93.0724, 37.9026], [-93.1826, 37.9042], [-93.1879, 37.8027], [-93.5741, 37.8133], [-93.5687, 37.9149]]]}}, {"type": "Feature", "properties": {"code": "29223", "name": "Wayne", "state": "MO"}, "geometry": {"type": "Polygon", "coordinates": [[[-90.779, 37.1376], [-90.7568, 37.1377], [-90.7559, 37.1667], [-90.7371, 37.1664], [-90.7355, 37.271], [-90.6618, 37.2748], [-90.6423, 37.2722], [-90.5506, 37.2726], [-90.5497, 37.3176], [-90.2177, 37.315], [-90.2232, 37.0865], [-90.1104, 37.0859], [-90.1112, 37.0412], [-90.1485, 37.0414], [-90.1494, 37.0074], [-90.1679, 37.0077], [-90.1685, 36.9932], [-90.1863, 36.9933], [-90.1866, 36.9787], [-90.2049, 36.9788], [-90.2052, 36.9646], [-90.223, 36.9646], [-90.2236, 36.9358], [-90.2416, 36.9359], [-90.2418, 36.9215], [-90.3527, 36.9267], [-90.6969, 36.9272], [-90.6954, 36.9708], [-90.7134, 36.9711], [-90.713, 37.0004], [-90.7309, 37.0004], [-90.7297, 37.0495], [-90.7796, 37.0503], [-90.779, 37.1376]]]}}, {"type": "Feature", "properties": {"code": "29105", "name": "Laclede", "state": "MO"}, "geometry": {"type": "Polygon", "coordinates": [[[-92.8554, 37.8957], [-92.6202, 37.8925], [-92.6187, 37.8738], [-92.6144, 37.8715], [-92.6147, 37.8635], [-92.6087, 37.8561], [-92.5992, 37.8518], [-92.6001, 37.8403], [-92.5893, 37.8345], [-92.5854, 37.828], [-92.5716, 37.8236], [-92.5645, 37.8123], [-92.5653, 37.807], [-92.5491, 37.8005], [-92.5396, 37.8021], [-92.5317, 37.8111], [-92.5175, 37.8132], [-92.5175, 37.8109], [-92.5135, 37.8109], [-92.5015, 37.8277], [-92.4804, 37.829], [-92.453, 37.8241], [-92.4495, 37.8354], [-92.4265, 37.8511], [-92.4218, 37.8587], [-92.4092, 37.8592], [-92.4137, 37.7142], [-92.2489, 37.6485], [-92.2523, 37.4729], [-92.8535, 37.484], [-92.8463, 37.721], [-92.8599, 37.7212], [-92.8554, 37.8957]]]}}, {"type": "Feature", "properties": {"code": "29135", "name": "Moniteau", "state": "MO"}, "geometry": {"type": "Polygon", "coordinates": [[[-92.8398, 38.6849], [-92.6171, 38.68], [-92.6167, 38.6945], [-92.4984, 38.9221], [-92.4746, 38.9024], [-92.4796, 38.8774], [-92.4567, 38.8603], [-92.4399, 38.8313], [-92.4212, 38.8198], [-92.3879, 38.8179], [-92.3813, 38.8087], [-92.3796, 38.8001], [-92.3846, 38.787], [-92.4086, 38.7702], [-92.4068, 38.7527], [-92.3949, 38.7391], [-92.4952, 38.4278], [-92.6252, 38.4308], [-92.8419, 38.5968], [-92.8398, 38.6849]]]}}, {"type": "Feature", "properties": {"code": "27035", "name": "Crow Wing", "state": "MN"}, "geometry": {"type": "Polygon", "coordinates": [[[-94.3944, 46.2287], [-94.389, 46.2332], [-94.3889, 46.2382], [-94.3727, 46.243], [-94.3635, 46.252], [-94.3553, 46.2551], [-94.3548, 46.2642], [-94.3382, 46.2729], [-94.3417, 46.2777], [-94.3408, 46.2833], [-94.3377, 46.2847], [-94.3325, 46.2796], [-94.3273, 46.2898], [-94.3309, 46.6311], [-94.3454, 46.6315], [-94.3429, 46.8055], [-93.776, 46.8029], [-93.7779, 46.5897], [-93.8115, 46.5842], [-93.8108, 46.2533], [-93.8085, 46.2488], [-93.7982, 46.2483], [-93.7963, 46.2432], [-93.8109, 46.2431], [-93.8104, 46.1566], [-94.3746, 46.1571], [-94.371, 46.1649], [-94.3716, 46.174], [-94.3656, 46.1789], [-94.3861, 46.1977], [-94.3878, 46.2038], [-94.3948, 46.2094], [-94.3944, 46.2287]]]}}, {"type": "Feature", "properties": {"code": "27109", "name": "Olmsted", "state": "MN"}, "geometry": {"type": "Polygon", "coordinates": [[[-92.6783, 43.8486], [-92.6787, 44.1955], [-92.319, 44.1941], [-92.319, 44.1077], [-92.0795, 44.1067], [-92.0791, 43.8471], [-92.4489, 43.8483], [-92.449, 43.8341], [-92.6893, 43.8338], [-92.6894, 43.8486], [-92.6783, 43.8486]]]}}, {"type": "Feature", "properties": {"code": "27147", "name": "Steele", "state": "MN"}, "geometry": {"type": "Polygon", "coordinates": [[[-93.4066, 44.1964], [-93.0459, 44.1967], [-93.046, 43.8485], [-93.4066, 43.8481], [-93.4066, 44.1964]]]}}, {"type": "Feature", "properties": {"code": "27019", "name": "Carver", "state": "MN"}, "geometry": {"type": "Polygon", "coordinates": [[[-94.0122, 44.9787], [-93.7675, 44.9776], [-93.7684, 44.8909], [-93.5207, 44.8915], [-93.5202, 44.805], [-93.5405, 44.8048], [-93.5412, 44.7987], [-93.5457, 44.7962], [-93.5554, 44.7998], [-93.5745, 44.7958], [-93.5807, 44.7927], [-93.5821, 44.7823], [-93.5992, 44.7828], [-93.5952, 44.7742], [-93.6219, 44.7625], [-93.6085, 44.7538], [-93.6133, 44.7491], [-93.6209, 44.7536], [-93.6221, 44.7472], [-93.6315, 44.7385], [-93.6285, 44.7318], [-93.6327, 44.7241], [-93.6256, 44.7236], [-93.6262, 44.7156], [-93.6179, 44.7073], [-93.6292, 44.7026], [-93.6299, 44.6981], [-93.6356, 44.6977], [-93.6377, 44.6936], [-93.6483, 44.6952], [-93.6552, 44.6901], [-93.6628, 44.6962], [-93.6751, 44.6926], [-93.6977, 44.6698], [-93.7214, 44.6636], [-93.7154, 44.659], [-93.7184, 44.6553], [-93.7278, 44.6567], [-93.7382, 44.646], [-93.7598, 44.6435], [-93.7534, 44.6371], [-93.7601, 44.6351], [-93.768, 44.6404], [-93.7682, 44.6735], [-93.8888, 44.6734], [-93.8886, 44.717], [-94.0105, 44.7175], [-94.0097, 44.878], [-94.0122, 44.9787]]]}}, {"type": "Feature", "properties": {"code": "27083", "name": "Lyon", "state": "MN"}, "geometry": {"type": "Polygon", "coordinates": [[[-96.0929, 44.6305], [-95.604, 44.6299], [-95.6043, 44.5425], [-95.5948, 44.5423], [-95.5944, 44.5295], [-95.5936, 44.1955], [-96.0786, 44.1966], [-96.0803, 44.5434], [-96.0932, 44.5437], [-96.0929, 44.6305]]]}}, {"type": "Feature", "properties": {"code": "27161", "name": "Waseca", "state": "MN"}, "geometry": {"type": "Polygon", "coordinates": [[[-93.768, 44.1958], [-93.4066, 44.1964], [-93.4066, 43.8481], [-93.7678, 43.848], [-93.768, 44.1958]]]}}, {"type": "Feature", "properties": {"code": "19093", "name": "Ida", "state": "IA"}, "geometry": {"type": "Polygon", "coordinates": [[[-95.7416, 42.5613], [-95.388, 42.5617], [-95.3874, 42.4748], [-95.3224, 42.4747], [-95.3235, 42.2109], [-95.6708, 42.2114], [-95.6693, 42.4746], [-95.7418, 42.4749], [-95.7416, 42.5613]]]}}, {"type": "Feature", "properties": {"code": "19067", "name": "Floyd", "state": "IA"}, "geometry": {"type": "Polygon", "coordinates": [[[-93.0241, 43.2128], [-92.5544, 43.2128], [-92.5542, 42.9071], [-93.0251, 42.9075], [-93.0241, 43.2128]]]}}, {"type": "Feature", "properties": {"code": "19165", "name": "Shelby", "state": "IA"}, "geometry": {"type": "Polygon", "coordinates": [[[-95.5573, 41.8634], [-95.0929, 41.8634], [-95.0925, 41.6021], [-95.0407, 41.6022], [-95.0408, 41.5047], [-95.498, 41.5061], [-95.4978, 41.6023], [-95.5581, 41.6024], [-95.5573, 41.8634]]]}}, {"type": "Feature", "properties": {"code": "27009", "name": "Benton", "state": "MN"}, "geometry": {"type": "Polygon", "coordinates": [[[-93.7639, 45.8221], [-93.7594, 45.5596], [-94.1495, 45.5591], [-94.1608, 45.5664], [-94.171, 45.5897], [-94.1921, 45.6009], [-94.2037, 45.6196], [-94.2043, 45.6465], [-94.198, 45.6524], [-94.1974, 45.6705], [-94.1823, 45.6781], [-94.1855, 45.6803], [-94.1979, 45.6766], [-94.2038, 45.6792], [-94.21, 45.7011], [-94.2235, 45.7101], [-94.2247, 45.7153], [-94.2145, 45.7216], [-94.2152, 45.7263], [-94.2374, 45.7303], [-94.2597, 45.7424], [-94.2667, 45.7546], [-94.2647, 45.7631], [-94.2728, 45.7677], [-94.2718, 45.7752], [-94.3055, 45.7853], [-94.3128, 45.7921], [-94.3132, 45.8001], [-94.3279, 45.7986], [-94.3449, 45.8113], [-94.3532, 45.8221], [-93.7639, 45.8221]]]}}, {"type": "Feature", "properties": {"code": "27079", "name": "Le Sueur", "state": "MN"}, "geometry": {"type": "Polygon", "coordinates": [[[-94.0084, 44.2707], [-94.0126, 44.2728], [-94.011, 44.2768], [-93.9981, 44.2788], [-93.9899, 44.293], [-93.9911, 44.2955], [-93.9598, 44.3073], [-93.9508, 44.3204], [-93.9508, 44.3288], [-93.9436, 44.3313], [-93.9452, 44.339], [-93.9412, 44.3412], [-93.9373, 44.339], [-93.9328, 44.344], [-93.9394, 44.3527], [-93.954, 44.357], [-93.9564, 44.3618], [-93.9527, 44.3656], [-93.9606, 44.3633], [-93.9624, 44.37], [-93.9551, 44.3757], [-93.9633, 44.3832], [-93.9522, 44.3857], [-93.9567, 44.3907], [-93.9658, 44.3906], [-93.9509, 44.3928], [-93.9489, 44.4004], [-93.9541, 44.4096], [-93.9392, 44.4139], [-93.9279, 44.4454], [-93.9334, 44.4503], [-93.9294, 44.4527], [-93.9365, 44.4541], [-93.9168, 44.4632], [-93.927, 44.4699], [-93.9203, 44.4744], [-93.9083, 44.4721], [-93.904, 44.4875], [-93.8928, 44.4936], [-93.8899, 44.4982], [-93.8908, 44.5038], [-93.8873, 44.5044], [-93.8854, 44.5189], [-93.8882, 44.5265], [-93.901, 44.5295], [-93.9028, 44.5382], [-93.9122, 44.5381], [-93.9104, 44.5432], [-93.5243, 44.5436], [-93.5252, 44.1961], [-93.768, 44.1958], [-93.768, 44.2394], [-94.0191, 44.2395], [-94.0213, 44.2425], [-94.0153, 44.2484], [-94.0099, 44.2462], [-94.0086, 44.25], [-94.0161, 44.2574], [-94.0245, 44.2559], [-94.0251, 44.2582], [-94.0084, 44.2707]]]}}, {"type": "Feature", "properties": {"code": "19141", "name": "O'Brien", "state": "IA"}, "geometry": {"type": "Polygon", "coordinates": [[[-95.8619, 43.2576], [-95.6246, 43.2584], [-95.3881, 43.2552], [-95.3882, 42.9099], [-95.8594, 42.9091], [-95.8619, 43.2576]]]}}, {"type": "Feature", "properties": {"code": "19169", "name": "Story", "state": "IA"}, "geometry": {"type": "Polygon", "coordinates": [[[-93.6984, 42.2093], [-93.2317, 42.2089], [-93.2319, 41.8627], [-93.698, 41.8634], [-93.6984, 42.2093]]]}}, {"type": "Feature", "properties": {"code": "19099", "name": "Jasper", "state": "IA"}, "geometry": {"type": "Polygon", "coordinates": [[[-93.3479, 41.8631], [-92.766, 41.8624], [-92.7668, 41.6014], [-92.7571, 41.6014], [-92.7565, 41.5088], [-93.3286, 41.5078], [-93.3287, 41.6011], [-93.3487, 41.601], [-93.3479, 41.8631]]]}}, {"type": "Feature", "properties": {"code": "19183", "name": "Washington", "state": "IA"}, "geometry": {"type": "Polygon", "coordinates": [[[-91.946, 41.5107], [-91.5198, 41.511], [-91.5281, 41.5086], [-91.519, 41.5026], [-91.5186, 41.4973], [-91.5081, 41.5028], [-91.5065, 41.5008], [-91.5107, 41.4947], [-91.5037, 41.4934], [-91.5014, 41.4877], [-91.5021, 41.4775], [-91.5134, 41.476], [-91.5159, 41.4679], [-91.4988, 41.4592], [-91.4986, 41.4534], [-91.5028, 41.4494], [-91.4907, 41.4404], [-91.4839, 41.4282], [-91.4857, 41.1624], [-91.9456, 41.1636], [-91.946, 41.5107]]]}}, {"type": "Feature", "properties": {"code": "19065", "name": "Fayette", "state": "IA"}, "geometry": {"type": "Polygon", "coordinates": [[[-92.0811, 43.0828], [-91.6053, 43.0817], [-91.6084, 42.8129], [-91.6071, 42.644], [-92.0817, 42.6421], [-92.0811, 43.0828]]]}}, {"type": "Feature", "properties": {"code": "19003", "name": "Adams", "state": "IA"}, "geometry": {"type": "Polygon", "coordinates": [[[-94.9276, 41.1585], [-94.4706, 41.1576], [-94.4708, 40.8995], [-94.9286, 40.9018], [-94.9276, 41.1585]]]}}, {"type": "Feature", "properties": {"code": "19137", "name": "Montgomery", "state": "IA"}, "geometry": {"type": "Polygon", "coordinates": [[[-95.3843, 41.16], [-94.9276, 41.1585], [-94.9285, 40.9007], [-95.385, 40.9016], [-95.3843, 41.16]]]}}, {"type": "Feature", "properties": {"code": "19173", "name": "Taylor", "state": "IA"}, "geometry": {"type": "Polygon", "coordinates": [[[-94.9285, 40.9007], [-94.4708, 40.8995], [-94.4712, 40.5708], [-94.9149, 40.5751], [-94.9131, 40.7273], [-94.9285, 40.7274], [-94.9285, 40.9007]]]}}, {"type": "Feature", "properties": {"code": "19079", "name": "Hamilton", "state": "IA"}, "geometry": {"type": "Polygon", "coordinates": [[[-93.9716, 42.5581], [-93.4995, 42.5577], [-93.4991, 42.471], [-93.4626, 42.4708], [-93.463, 42.2093], [-93.9316, 42.2099], [-93.9317, 42.472], [-93.9716, 42.4721], [-93.9716, 42.5581]]]}}, {"type": "Feature", "properties": {"code": "55127", "name": "Walworth", "state": "WI"}, "geometry": {"type": "Polygon", "coordinates": [[[-88.7771, 42.8427], [-88.3064, 42.8421], [-88.3081, 42.7555], [-88.3047, 42.4948], [-88.6387, 42.495], [-88.7766, 42.492], [-88.7771, 42.8427]]]}}, {"type": "Feature", "properties": {"code": "17053", "name": "Ford", "state": "IL"}, "geometry": {"type": "Polygon", "coordinates": [[[-88.4595, 40.6173], [-88.2349, 40.6182], [-88.2473, 40.9946], [-88.1319, 40.9978], [-88.1179, 40.4879], [-88.0041, 40.4887], [-87.9931, 40.4856], [-87.9353, 40.4859], [-87.9317, 40.3994], [-88.46, 40.3989], [-88.4595, 40.6173]]]}}, {"type": "Feature", "properties": {"code": "55093", "name": "Pierce", "state": "WI"}, "geometry": {"type": "Polygon", "coordinates": [[[-92.8003, 44.7774], [-92.7852, 44.7923], [-92.7804, 44.8126], [-92.7661, 44.835], [-92.7691, 44.862], [-92.3749, 44.8623], [-92.2584, 44.8581], [-92.1363, 44.8578], [-92.1354, 44.5396], [-92.3162, 44.541], [-92.3361, 44.554], [-92.3615, 44.5589], [-92.4151, 44.5604], [-92.4264, 44.5588], [-92.4373, 44.5528], [-92.4589, 44.5627], [-92.481, 44.5683], [-92.4938, 44.5661], [-92.5184, 44.5752], [-92.5406, 44.5673], [-92.5481, 44.5678], [-92.5515, 44.5716], [-92.5498, 44.5811], [-92.5694, 44.6035], [-92.5771, 44.6051], [-92.5862, 44.6001], [-92.6015, 44.6121], [-92.6146, 44.6117], [-92.6215, 44.615], [-92.6233, 44.6207], [-92.6198, 44.6342], [-92.6321, 44.649], [-92.661, 44.6609], [-92.7009, 44.6938], [-92.7373, 44.7172], [-92.8024, 44.7452], [-92.808, 44.7515], [-92.8003, 44.7774]]]}}, {"type": "Feature", "properties": {"code": "55063", "name": "La Crosse", "state": "WI"}, "geometry": {"type": "Polygon", "coordinates": [[[-91.3226, 43.9845], [-91.322, 43.9895], [-91.3285, 43.9917], [-91.33, 43.9953], [-91.328, 43.9999], [-91.3381, 44.0074], [-91.3369, 44.0125], [-91.3447, 44.0158], [-91.3401, 44.02], [-91.3396, 44.0351], [-91.3373, 44.0375], [-91.3284, 44.0366], [-91.3321, 44.0435], [-91.3186, 44.0508], [-91.3161, 44.0602], [-91.3048, 44.0649], [-91.2842, 44.0604], [-91.2674, 44.0723], [-91.2567, 44.0683], [-91.2475, 44.0575], [-91.2319, 44.0583], [-91.221, 44.0531], [-91.2165, 44.0583], [-91.2167, 44.0651], [-91.2095, 44.0675], [-91.2079, 44.0739], [-91.1994, 44.0775], [-91.2006, 44.0866], [-91.1918, 44.0871], [-91.1877, 44.0906], [-91.187, 44.0853], [-91.1804, 44.0843], [-91.1689, 44.0884], [-91.1664, 44.0828], [-91.1519, 44.0797], [-91.1518, 44.071], [-90.9129, 44.0715], [-90.9107, 43.7253], [-91.2578, 43.7257], [-91.2554, 43.7449], [-91.2441, 43.7747], [-91.2624, 43.7922], [-91.272, 43.8138], [-91.2777, 43.8377], [-91.2841, 43.8471], [-91.311, 43.8674], [-91.3153, 43.8818], [-91.3206, 43.8885], [-91.3381, 43.8977], [-91.3477, 43.912], [-91.3574, 43.9172], [-91.3666, 43.9375], [-91.3858, 43.9542], [-91.406, 43.9639], [-91.4252, 43.9843], [-91.3226, 43.9845]]]}}, {"type": "Feature", "properties": {"code": "27003", "name": "Anoka", "state": "MN"}, "geometry": {"type": "Polygon", "coordinates": [[[-93.5101, 45.4148], [-93.0196, 45.4118], [-93.0205, 45.1239], [-93.2277, 45.1245], [-93.2269, 45.0357], [-93.2834, 45.0354], [-93.2808, 45.0436], [-93.2852, 45.0585], [-93.279, 45.0802], [-93.2784, 45.103], [-93.2951, 45.1153], [-93.2971, 45.127], [-93.3115, 45.1438], [-93.3462, 45.1602], [-93.3588, 45.175], [-93.3754, 45.1787], [-93.412, 45.1982], [-93.4277, 45.2156], [-93.4332, 45.218], [-93.444, 45.2166], [-93.4665, 45.2255], [-93.4855, 45.2257], [-93.5016, 45.2416], [-93.5122, 45.2457], [-93.5101, 45.4148]]]}}, {"type": "Feature", "properties": {"code": "27123", "name": "Ramsey", "state": "MN"}, "geometry": {"type": "Polygon", "coordinates": [[[-93.2277, 45.1245], [-92.9846, 45.1236], [-92.9842, 44.8908], [-93.02, 44.8907], [-93.0347, 44.8978], [-93.0516, 44.9195], [-93.0909, 44.9197], [-93.0909, 44.9232], [-93.096, 44.9233], [-93.096, 44.9197], [-93.1286, 44.9196], [-93.1365, 44.9061], [-93.1539, 44.8929], [-93.1689, 44.8882], [-93.1785, 44.8883], [-93.1772, 44.8939], [-93.1874, 44.8951], [-93.1922, 44.9044], [-93.2004, 44.9096], [-93.2001, 44.9415], [-93.2036, 44.951], [-93.2078, 44.9532], [-93.2081, 45.0357], [-93.2269, 45.0357], [-93.2277, 45.1245]]]}}, {"type": "Feature", "properties": {"code": "17169", "name": "Schuyler", "state": "IL"}, "geometry": {"type": "Polygon", "coordinates": [[[-90.9098, 40.2844], [-90.4502, 40.2763], [-90.4519, 40.1888], [-90.1996, 40.1838], [-90.2027, 40.1607], [-90.2134, 40.1513], [-90.2681, 40.1546], [-90.3076, 40.14], [-90.3352, 40.1372], [-90.3488, 40.1256], [-90.3728, 40.1224], [-90.3934, 40.0919], [-90.3913, 40.0841], [-90.3934, 40.0788], [-90.4286, 40.0603], [-90.4289, 40.042], [-90.435, 40.0215], [-90.4535, 40.011], [-90.5043, 39.997], [-90.5109, 39.9938], [-90.5157, 39.9844], [-90.5207, 39.9883], [-90.5268, 39.9876], [-90.5239, 39.9833], [-90.5269, 39.9821], [-90.5296, 39.9851], [-90.5436, 39.9804], [-90.5503, 39.9834], [-90.5675, 39.9838], [-90.5855, 39.9788], [-90.6071, 39.9817], [-90.6019, 40.0033], [-90.619, 40.0153], [-90.6169, 40.0205], [-90.6113, 40.0176], [-90.607, 40.0212], [-90.6073, 40.0295], [-90.6117, 40.0329], [-90.6161, 40.0273], [-90.6304, 40.0237], [-90.6335, 40.029], [-90.6534, 40.0331], [-90.6521, 40.0392], [-90.6594, 40.0412], [-90.6615, 40.0466], [-90.6701, 40.0438], [-90.6751, 40.046], [-90.6776, 40.0599], [-90.6749, 40.0618], [-90.6764, 40.0673], [-90.672, 40.0801], [-90.6945, 40.0794], [-90.7058, 40.0849], [-90.7052, 40.0885], [-90.7092, 40.0904], [-90.7081, 40.0933], [-90.6999, 40.0945], [-90.696, 40.104], [-90.9135, 40.1045], [-90.9098, 40.2844]]]}}, {"type": "Feature", "properties": {"code": "17035", "name": "Cumberland", "state": "IL"}, "geometry": {"type": "Polygon", "coordinates": [[[-88.4708, 39.3745], [-88.1785, 39.375], [-88.0121, 39.379], [-88.0078, 39.1739], [-88.4709, 39.1715], [-88.4708, 39.3745]]]}}, {"type": "Feature", "properties": {"code": "55061", "name": "Kewaunee", "state": "WI"}, "geometry": {"type": "Polygon", "coordinates": [[[-87.7624, 44.6445], [-87.7542, 44.6506], [-87.7474, 44.668], [-87.7361, 44.677], [-87.3751, 44.6754], [-87.3822, 44.6586], [-87.4016, 44.6312], [-87.4375, 44.6051], [-87.4522, 44.5729], [-87.4681, 44.5519], [-87.4737, 44.5315], [-87.4837, 44.5114], [-87.4838, 44.4995], [-87.4941, 44.47], [-87.4927, 44.4651], [-87.4966, 44.464], [-87.5004, 44.4562], [-87.5019, 44.4355], [-87.518, 44.3944], [-87.5176, 44.3757], [-87.5336, 44.3511], [-87.5334, 44.3414], [-87.543, 44.3275], [-87.766, 44.3272], [-87.7624, 44.6445]]]}}, {"type": "Feature", "properties": {"code": "55065", "name": "Lafayette", "state": "WI"}, "geometry": {"type": "Polygon", "coordinates": [[[-89.8384, 42.8138], [-89.8376, 42.5055], [-90.0737, 42.5083], [-90.4264, 42.5071], [-90.4269, 42.8129], [-89.8384, 42.8138]]]}}, {"type": "Feature", "properties": {"code": "27111", "name": "Otter Tail", "state": "MN"}, "geometry": {"type": "Polygon", "coordinates": [[[-96.1724, 46.6306], [-96.1746, 46.7179], [-95.6682, 46.7155], [-95.1637, 46.7176], [-95.1634, 46.6299], [-95.1555, 46.6299], [-95.1555, 46.3472], [-95.1543, 46.2824], [-95.1458, 46.2824], [-95.1459, 46.1068], [-96.2654, 46.1086], [-96.2646, 46.2822], [-96.28, 46.2822], [-96.2812, 46.6308], [-96.1724, 46.6306]]]}}, {"type": "Feature", "properties": {"code": "27141", "name": "Sherburne", "state": "MN"}, "geometry": {"type": "Polygon", "coordinates": [[[-94.1468, 45.5371], [-94.1456, 45.5535], [-94.1495, 45.5591], [-93.5107, 45.5588], [-93.5122, 45.2457], [-93.5217, 45.2466], [-93.5314, 45.2542], [-93.544, 45.2579], [-93.5524, 45.2655], [-93.5561, 45.2857], [-93.564, 45.3012], [-93.5703, 45.3016], [-93.5731, 45.2952], [-93.5794, 45.2921], [-93.6295, 45.2961], [-93.6697, 45.2952], [-93.6858, 45.3051], [-93.7044, 45.2977], [-93.7356, 45.2999], [-93.7588, 45.2952], [-93.8062, 45.313], [-93.8311, 45.3348], [-93.8676, 45.3393], [-93.8822, 45.3494], [-93.8889, 45.3631], [-93.9073, 45.3712], [-93.9119, 45.3803], [-93.9185, 45.3844], [-93.9438, 45.3852], [-93.9574, 45.3779], [-93.9785, 45.3909], [-93.9862, 45.3996], [-93.9962, 45.4017], [-94.0043, 45.3975], [-94.0051, 45.3916], [-94.0098, 45.3911], [-94.0112, 45.3967], [-94.0057, 45.4012], [-94.007, 45.4043], [-94.0257, 45.4045], [-94.0324, 45.4124], [-94.0435, 45.4177], [-94.0522, 45.4353], [-94.0654, 45.4325], [-94.0694, 45.4385], [-94.0808, 45.4386], [-94.0787, 45.4427], [-94.0812, 45.4469], [-94.1017, 45.4548], [-94.101, 45.468], [-94.1151, 45.4791], [-94.142, 45.4932], [-94.143, 45.5084], [-94.1395, 45.5164], [-94.1505, 45.5291], [-94.1468, 45.5371]]]}}, {"type": "Feature", "properties": {"code": "17143", "name": "Peoria", "state": "IL"}, "geometry": {"type": "Polygon", "coordinates": [[[-89.9861, 40.7124], [-89.9855, 40.9745], [-89.4477, 40.9732], [-89.4481, 40.9592], [-89.4551, 40.9465], [-89.4553, 40.9355], [-89.4725, 40.9212], [-89.4756, 40.9121], [-89.4886, 40.8988], [-89.4988, 40.8741], [-89.524, 40.8567], [-89.5286, 40.8459], [-89.5267, 40.8423], [-89.5595, 40.7991], [-89.5636, 40.7821], [-89.5573, 40.7688], [-89.5561, 40.7538], [-89.5464, 40.723], [-89.5527, 40.7038], [-89.5582, 40.6981], [-89.5759, 40.6934], [-89.5919, 40.6845], [-89.6138, 40.6651], [-89.6165, 40.6583], [-89.611, 40.6523], [-89.6124, 40.6465], [-89.658, 40.6026], [-89.6597, 40.5929], [-89.6539, 40.5785], [-89.6546, 40.573], [-89.6736, 40.5551], [-89.6829, 40.5526], [-89.6971, 40.562], [-89.7414, 40.5509], [-89.7754, 40.5527], [-89.8136, 40.5406], [-89.8725, 40.5132], [-89.8737, 40.625], [-89.989, 40.6258], [-89.9861, 40.7124]]]}}, {"type": "Feature", "properties": {"code": "17071", "name": "Henderson", "state": "IL"}, "geometry": {"type": "Polygon", "coordinates": [[[-91.1381, 40.6609], [-91.1208, 40.6728], [-91.1109, 40.7033], [-91.1157, 40.7252], [-91.1104, 40.7455], [-91.0981, 40.7632], [-91.0917, 40.7797], [-91.0923, 40.7929], [-91.0976, 40.8056], [-91.093, 40.8211], [-91.0564, 40.8484], [-91.0447, 40.8684], [-91.0216, 40.884], [-91.0095, 40.9006], [-90.9985, 40.9081], [-90.969, 40.9191], [-90.9629, 40.925], [-90.9522, 40.954], [-90.9581, 40.9798], [-90.9459, 41.0065], [-90.9423, 41.0347], [-90.949, 41.0702], [-90.7852, 41.0687], [-90.7897, 40.6358], [-90.9042, 40.6392], [-91.0222, 40.635], [-91.1854, 40.6381], [-91.1381, 40.6609]]]}}, {"type": "Feature", "properties": {"code": "19043", "name": "Clayton", "state": "IA"}, "geometry": {"type": "Polygon", "coordinates": [[[-91.6053, 43.0817], [-91.1772, 43.0802], [-91.1795, 43.0674], [-91.1747, 43.0387], [-91.1575, 42.9915], [-91.1566, 42.9782], [-91.1454, 42.9582], [-91.1499, 42.942], [-91.1438, 42.9229], [-91.1456, 42.908], [-91.1434, 42.9047], [-91.1174, 42.8958], [-91.1006, 42.8831], [-91.0977, 42.8599], [-91.0914, 42.8499], [-91.0941, 42.8308], [-91.0787, 42.8277], [-91.0781, 42.8065], [-91.0695, 42.7696], [-91.0603, 42.7618], [-91.0614, 42.758], [-91.0655, 42.7571], [-91.0647, 42.7509], [-91.0563, 42.7473], [-91.0537, 42.7382], [-91.0354, 42.7373], [-91.0268, 42.7242], [-90.9955, 42.7137], [-90.9777, 42.6968], [-90.9416, 42.6838], [-90.9212, 42.6854], [-90.8969, 42.6753], [-90.8974, 42.6457], [-91.6071, 42.644], [-91.6084, 42.8129], [-91.6053, 43.0817]]]}}, {"type": "Feature", "properties": {"code": "19191", "name": "Winneshiek", "state": "IA"}, "geometry": {"type": "Polygon", "coordinates": [[[-92.0798, 43.5007], [-91.6108, 43.5006], [-91.611, 43.3421], [-91.604, 43.342], [-91.6053, 43.0817], [-92.0811, 43.0828], [-92.0798, 43.5007]]]}}, {"type": "Feature", "properties": {"code": "17193", "name": "White", "state": "IL"}, "geometry": {"type": "Polygon", "coordinates": [[[-88.3704, 38.2553], [-88.0277, 38.2557], [-88.0277, 38.2599], [-87.9906, 38.2596], [-87.9796, 38.2406], [-87.9856, 38.218], [-87.984, 38.2091], [-87.9758, 38.1978], [-87.9589, 38.184], [-87.9364, 38.1714], [-87.9343, 38.1565], [-87.9264, 38.1588], [-87.9229, 38.1733], [-87.9126, 38.1708], [-87.9114, 38.1617], [-87.9283, 38.1509], [-87.9266, 38.1425], [-87.9351, 38.1394], [-87.9455, 38.1266], [-87.9559, 38.1329], [-87.9658, 38.1326], [-87.9743, 38.122], [-87.9753, 38.1101], [-87.9831, 38.1071], [-87.9983, 38.1085], [-88.0131, 38.1035], [-88.0167, 38.0973], [-88.0114, 38.0847], [-88.0047, 38.084], [-87.9605, 38.0991], [-87.9567, 38.0862], [-87.9672, 38.0671], [-88.0013, 38.0515], [-88.0326, 38.0517], [-88.0421, 38.0463], [-88.0421, 38.039], [-88.0341, 38.032], [-88.0176, 38.0347], [-88.0076, 38.0291], [-88.0169, 38.024], [-88.0258, 38.0072], [-88.0126, 37.9771], [-88.0129, 37.9665], [-88.0209, 37.9594], [-88.0368, 37.9568], [-88.0361, 37.9427], [-88.0304, 37.9301], [-88.0353, 37.9255], [-88.0487, 37.9268], [-88.0548, 37.9335], [-88.0598, 37.9339], [-88.0696, 37.9268], [-88.063, 37.9182], [-88.0201, 37.9129], [-88.0134, 37.8949], [-88.0203, 37.8881], [-88.0291, 37.8926], [-88.0554, 37.8912], [-88.0714, 37.8958], [-88.0862, 37.9057], [-88.0945, 37.906], [-88.0979, 37.9015], [-88.0929, 37.8917], [-88.0986, 37.89], [-88.0977, 37.8934], [-88.1099, 37.9037], [-88.1359, 37.9159], [-88.1365, 37.9077], [-88.3745, 37.9084], [-88.3704, 38.2553]]]}}, {"type": "Feature", "properties": {"code": "17011", "name": "Bureau", "state": "IL"}, "geometry": {"type": "Polygon", "coordinates": [[[-89.1666, 41.5853], [-89.1637, 41.3102], [-89.2249, 41.3131], [-89.2554, 41.3219], [-89.2689, 41.3218], [-89.2835, 41.3124], [-89.338, 41.2997], [-89.3424, 41.2932], [-89.3371, 41.2817], [-89.3567, 41.233], [-89.4664, 41.2339], [-89.4661, 41.1485], [-89.6385, 41.1485], [-89.6387, 41.2339], [-89.8576, 41.2345], [-89.8574, 41.5184], [-89.8624, 41.584], [-89.1666, 41.5853]]]}}, {"type": "Feature", "properties": {"code": "19129", "name": "Mills", "state": "IA"}, "geometry": {"type": "Polygon", "coordinates": [[[-95.8809, 41.1603], [-95.3843, 41.16], [-95.385, 40.9016], [-95.8135, 40.9017], [-95.833, 40.9172], [-95.8397, 40.9328], [-95.838, 40.9506], [-95.8298, 40.9639], [-95.8303, 40.9783], [-95.8389, 40.9865], [-95.8635, 40.9973], [-95.8692, 41.006], [-95.8684, 41.0127], [-95.8599, 41.0254], [-95.8597, 41.0357], [-95.8795, 41.0533], [-95.8824, 41.0604], [-95.8781, 41.0696], [-95.8655, 41.0804], [-95.8626, 41.0884], [-95.8659, 41.1179], [-95.8821, 41.144], [-95.8835, 41.1549], [-95.8809, 41.1603]]]}}, {"type": "Feature", "properties": {"code": "17025", "name": "Clay", "state": "IL"}, "geometry": {"type": "Polygon", "coordinates": [[[-88.6935, 38.9146], [-88.5799, 38.9154], [-88.3617, 38.9108], [-88.3618, 38.8521], [-88.2586, 38.8475], [-88.2578, 38.7309], [-88.2835, 38.7318], [-88.2871, 38.7279], [-88.2826, 38.7256], [-88.2861, 38.7202], [-88.2816, 38.7204], [-88.2864, 38.7181], [-88.2823, 38.7162], [-88.2863, 38.711], [-88.2824, 38.7082], [-88.2854, 38.7081], [-88.2841, 38.7027], [-88.2863, 38.7021], [-88.2815, 38.6957], [-88.2849, 38.6949], [-88.2819, 38.6907], [-88.2852, 38.6887], [-88.2819, 38.6832], [-88.2845, 38.6816], [-88.279, 38.6768], [-88.2794, 38.6697], [-88.2723, 38.6636], [-88.2759, 38.6614], [-88.2731, 38.6579], [-88.2754, 38.6545], [-88.2845, 38.6501], [-88.2909, 38.644], [-88.2869, 38.6428], [-88.2934, 38.642], [-88.2975, 38.6347], [-88.2893, 38.6301], [-88.2921, 38.6262], [-88.2809, 38.6246], [-88.2859, 38.6193], [-88.281, 38.6169], [-88.278, 38.6204], [-88.2766, 38.6159], [-88.2726, 38.6197], [-88.2693, 38.6184], [-88.2711, 38.612], [-88.2671, 38.6127], [-88.259, 38.6064], [-88.2526, 38.6056], [-88.2491, 38.6015], [-88.2508, 38.6], [-88.5845, 38.6073], [-88.6985, 38.6061], [-88.6935, 38.9146]]]}}, {"type": "Feature", "properties": {"code": "27063", "name": "Jackson", "state": "MN"}, "geometry": {"type": "Polygon", "coordinates": [[[-95.4525, 43.848], [-94.8544, 43.8481], [-94.8546, 43.501], [-95.4544, 43.5005], [-95.4525, 43.848]]]}}, {"type": "Feature", "properties": {"code": "27105", "name": "Nobles", "state": "MN"}, "geometry": {"type": "Polygon", "coordinates": [[[-96.0523, 43.8491], [-95.4525, 43.848], [-95.4544, 43.5005], [-96.0532, 43.5001], [-96.0523, 43.8491]]]}}, {"type": "Feature", "properties": {"code": "17145", "name": "Perry", "state": "IL"}, "geometry": {"type": "Polygon", "coordinates": [[[-89.5928, 38.2193], [-89.1476, 38.2129], [-89.1498, 38.1251], [-89.1296, 38.1248], [-89.1316, 38.1169], [-89.1293, 38.1168], [-89.1292, 38.1093], [-89.1323, 38.1033], [-89.1335, 38.1056], [-89.1373, 38.1041], [-89.1153, 38.0938], [-89.1192, 38.0904], [-89.1157, 38.0855], [-89.1227, 38.0823], [-89.1185, 38.0702], [-89.1233, 38.0701], [-89.1191, 38.0676], [-89.1232, 38.0633], [-89.1171, 38.0639], [-89.1222, 38.0604], [-89.1186, 38.0592], [-89.1224, 38.0594], [-89.1269, 38.053], [-89.1329, 38.0542], [-89.1341, 38.0492], [-89.1304, 38.0478], [-89.1349, 38.0448], [-89.1391, 38.0463], [-89.1366, 38.0402], [-89.139, 38.0343], [-89.1468, 38.0315], [-89.1424, 38.0291], [-89.143, 38.026], [-89.1382, 38.0252], [-89.1361, 38.018], [-89.145, 38.0107], [-89.1401, 37.9957], [-89.1466, 37.9888], [-89.1497, 37.9796], [-89.1538, 37.9776], [-89.1551, 37.9678], [-89.1648, 37.9551], [-89.1782, 37.9526], [-89.1776, 37.9503], [-89.2062, 37.9502], [-89.5951, 37.9553], [-89.5928, 38.2193]]]}}, {"type": "Feature", "properties": {"code": "27045", "name": "Fillmore", "state": "MN"}, "geometry": {"type": "Polygon", "coordinates": [[[-92.4489, 43.8483], [-91.7304, 43.8469], [-91.7302, 43.5007], [-92.4489, 43.5004], [-92.4489, 43.8483]]]}}, {"type": "Feature", "properties": {"code": "27169", "name": "Winona", "state": "MN"}, "geometry": {"type": "Polygon", "coordinates": [[[-92.0791, 44.193], [-91.8584, 44.193], [-91.8292, 44.1784], [-91.8173, 44.1642], [-91.8081, 44.1593], [-91.7745, 44.1475], [-91.7517, 44.1348], [-91.7191, 44.1289], [-91.7106, 44.1205], [-91.7075, 44.1039], [-91.6953, 44.0986], [-91.6815, 44.0974], [-91.667, 44.087], [-91.6595, 44.0742], [-91.6479, 44.0641], [-91.6381, 44.0633], [-91.6279, 44.0558], [-91.6105, 44.0493], [-91.5921, 44.0314], [-91.58, 44.0269], [-91.5071, 44.019], [-91.4809, 44.0081], [-91.4635, 44.009], [-91.4374, 44.0], [-91.4074, 43.9651], [-91.3858, 43.9542], [-91.3666, 43.9375], [-91.3574, 43.9172], [-91.3477, 43.912], [-91.3381, 43.8977], [-91.3206, 43.8885], [-91.3153, 43.8818], [-91.311, 43.8674], [-91.2841, 43.8471], [-92.0791, 43.8471], [-92.0791, 44.193]]]}}, {"type": "Feature", "properties": {"code": "17203", "name": "Woodford", "state": "IL"}, "geometry": {"type": "Polygon", "coordinates": [[[-89.5595, 40.7991], [-89.5267, 40.8423], [-89.5266, 40.8532], [-89.4988, 40.8741], [-89.4911, 40.8943], [-89.4756, 40.9121], [-89.4725, 40.9212], [-89.1604, 40.9271], [-88.9314, 40.9277], [-88.9293, 40.7533], [-88.9869, 40.7523], [-88.9847, 40.665], [-89.0453, 40.6639], [-89.0444, 40.6274], [-89.1016, 40.625], [-89.1011, 40.6123], [-89.1342, 40.6115], [-89.1338, 40.5967], [-89.2694, 40.5943], [-89.2698, 40.6161], [-89.3273, 40.6156], [-89.3301, 40.7483], [-89.5534, 40.7476], [-89.5573, 40.7688], [-89.5636, 40.7821], [-89.5595, 40.7991]]]}}, {"type": "Feature", "properties": {"code": "17123", "name": "Marshall", "state": "IL"}, "geometry": {"type": "Polygon", "coordinates": [[[-89.6385, 41.1485], [-89.3293, 41.1479], [-89.3359, 41.1173], [-89.3584, 41.1038], [-89.0474, 41.1048], [-89.0477, 40.9257], [-89.1604, 40.9271], [-89.4725, 40.9212], [-89.4553, 40.9355], [-89.4551, 40.9465], [-89.4481, 40.9592], [-89.4477, 40.9732], [-89.6387, 40.9737], [-89.6385, 41.1485]]]}}, {"type": "Feature", "properties": {"code": "27025", "name": "Chisago", "state": "MN"}, "geometry": {"type": "Polygon", "coordinates": [[[-93.1418, 45.7307], [-92.8527, 45.7301], [-92.8489, 45.7288], [-92.8509, 45.7238], [-92.8626, 45.7222], [-92.8692, 45.7176], [-92.8701, 45.6968], [-92.8755, 45.689], [-92.8789, 45.6656], [-92.8871, 45.6441], [-92.888, 45.625], [-92.8825, 45.6102], [-92.8864, 45.5987], [-92.8833, 45.5898], [-92.8837, 45.5755], [-92.8711, 45.5676], [-92.8464, 45.5665], [-92.8233, 45.5609], [-92.7734, 45.5682], [-92.7261, 45.5411], [-92.7267, 45.5145], [-92.7022, 45.493], [-92.6802, 45.4643], [-92.6527, 45.4545], [-92.6466, 45.4416], [-92.6503, 45.4192], [-92.6467, 45.4132], [-92.6504, 45.3985], [-92.6641, 45.3933], [-92.677, 45.3801], [-92.6792, 45.3727], [-92.7027, 45.3585], [-92.7041, 45.3537], [-92.699, 45.3364], [-92.7048, 45.3265], [-92.7456, 45.2958], [-93.0194, 45.2969], [-93.022, 45.5574], [-93.142, 45.5581], [-93.1418, 45.7307]]]}}, {"type": "Feature", "properties": {"code": "27091", "name": "Martin", "state": "MN"}, "geometry": {"type": "Polygon", "coordinates": [[[-94.8544, 43.8481], [-94.2471, 43.8479], [-94.248, 43.5001], [-94.8546, 43.501], [-94.8544, 43.8481]]]}}, {"type": "Feature", "properties": {"code": "17101", "name": "Lawrence", "state": "IL"}, "geometry": {"type": "Polygon", "coordinates": [[[-87.9081, 38.8501], [-87.787, 38.8489], [-87.5321, 38.8525], [-87.5259, 38.8488], [-87.5267, 38.8386], [-87.5217, 38.8266], [-87.5273, 38.8181], [-87.4959, 38.7854], [-87.4974, 38.7774], [-87.5145, 38.7718], [-87.512, 38.7675], [-87.4982, 38.7683], [-87.4989, 38.7578], [-87.504, 38.7497], [-87.4965, 38.7393], [-87.5053, 38.735], [-87.5195, 38.7105], [-87.519, 38.6995], [-87.522, 38.6934], [-87.5312, 38.684], [-87.5401, 38.6791], [-87.5794, 38.6725], [-87.5972, 38.6653], [-87.6058, 38.6465], [-87.6201, 38.6395], [-87.6162, 38.6232], [-87.6218, 38.6196], [-87.6205, 38.6122], [-87.6273, 38.6054], [-87.6241, 38.597], [-87.6135, 38.595], [-87.612, 38.5892], [-87.6229, 38.5862], [-87.6376, 38.5927], [-87.6402, 38.5898], [-87.6396, 38.5742], [-87.6515, 38.5682], [-87.9123, 38.5701], [-87.9081, 38.8501]]]}}, {"type": "Feature", "properties": {"code": "17151", "name": "Pope", "state": "IL"}, "geometry": {"type": "Polygon", "coordinates": [[[-88.7085, 37.5991], [-88.4127, 37.5996], [-88.4153, 37.4235], [-88.4501, 37.4117], [-88.4702, 37.3963], [-88.4766, 37.3869], [-88.4845, 37.3456], [-88.5115, 37.2985], [-88.5159, 37.284], [-88.5069, 37.2667], [-88.508, 37.2603], [-88.4873, 37.2441], [-88.4718, 37.2202], [-88.4478, 37.2035], [-88.4338, 37.1641], [-88.4244, 37.1524], [-88.4435, 37.1092], [-88.4409, 37.1076], [-88.4448, 37.0953], [-88.4606, 37.0743], [-88.4822, 37.0674], [-88.4905, 37.0682], [-88.4903, 37.1595], [-88.7107, 37.3371], [-88.7085, 37.5991]]]}}, {"type": "Feature", "properties": {"code": "17131", "name": "Mercer", "state": "IL"}, "geometry": {"type": "Polygon", "coordinates": [[[-91.1011, 41.2672], [-91.0869, 41.2944], [-91.0748, 41.3056], [-91.072, 41.3334], [-90.4337, 41.327], [-90.4394, 41.064], [-90.949, 41.0702], [-90.9466, 41.0966], [-90.9659, 41.1196], [-90.9897, 41.1557], [-91.0076, 41.1662], [-91.0272, 41.1634], [-91.0415, 41.1661], [-91.073, 41.2072], [-91.1123, 41.239], [-91.1142, 41.25], [-91.1011, 41.2672]]]}}, {"type": "Feature", "properties": {"code": "17015", "name": "Carroll", "state": "IL"}, "geometry": {"type": "Polygon", "coordinates": [[[-89.6885, 42.1991], [-89.6854, 41.9303], [-90.1518, 41.9289], [-90.1638, 41.9449], [-90.1641, 41.9562], [-90.1538, 41.9741], [-90.1462, 41.9813], [-90.1401, 42.0033], [-90.1516, 42.0306], [-90.1645, 42.0421], [-90.1684, 42.0758], [-90.1615, 42.0989], [-90.1629, 42.1167], [-90.171, 42.1252], [-90.1905, 42.1258], [-90.2014, 42.1309], [-90.2074, 42.1491], [-90.2161, 42.1567], [-90.2501, 42.1715], [-90.2691, 42.1745], [-90.3173, 42.1936], [-89.6885, 42.1991]]]}}, {"type": "Feature", "properties": {"code": "29145", "name": "Newton", "state": "MO"}, "geometry": {"type": "Polygon", "coordinates": [[[-94.6179, 37.0568], [-94.0592, 37.0481], [-94.0689, 36.7478], [-94.6183, 36.7666], [-94.6179, 37.0568]]]}}, {"type": "Feature", "properties": {"code": "29213", "name": "Taney", "state": "MO"}, "geometry": {"type": "Polygon", "coordinates": [[[-93.3096, 36.73], [-93.3044, 36.8169], [-92.7649, 36.8061], [-92.7723, 36.4978], [-93.3153, 36.4984], [-93.3096, 36.73]]]}}, {"type": "Feature", "properties": {"code": "29155", "name": "Pemiscot", "state": "MO"}, "geometry": {"type": "Polygon", "coordinates": [[[-89.9613, 36.3888], [-89.7682, 36.386], [-89.7662, 36.3899], [-89.7556, 36.3848], [-89.7521, 36.3864], [-89.7491, 36.397], [-89.7548, 36.4012], [-89.7458, 36.4043], [-89.7436, 36.422], [-89.7349, 36.4272], [-89.7255, 36.4272], [-89.6958, 36.4164], [-89.6874, 36.4064], [-89.6708, 36.4], [-89.6397, 36.4008], [-89.611, 36.4112], [-89.5923, 36.4038], [-89.5837, 36.383], [-89.5633, 36.3696], [-89.5632, 36.367], [-89.5539, 36.3672], [-89.5542, 36.36], [-89.5451, 36.36], [-89.545, 36.3368], [-89.5816, 36.3424], [-89.6057, 36.3422], [-89.6158, 36.3361], [-89.6203, 36.323], [-89.6118, 36.3091], [-89.5785, 36.2883], [-89.5543, 36.2778], [-89.5448, 36.2805], [-89.5395, 36.2774], [-89.5355, 36.2705], [-89.5347, 36.2526], [-89.5447, 36.2475], [-89.5622, 36.2509], [-89.5775, 36.2423], [-89.6024, 36.2381], [-89.6525, 36.2507], [-89.678, 36.2483], [-89.6952, 36.2528], [-89.7035, 36.2434], [-89.7053, 36.2366], [-89.6926, 36.225], [-89.607, 36.1712], [-89.5944, 36.1555], [-89.5916, 36.1441], [-89.594, 36.1272], [-89.6019, 36.1195], [-89.6283, 36.1069], [-89.6666, 36.0958], [-89.6788, 36.0846], [-89.6886, 36.0292], [-89.7069, 36.001], [-89.9594, 35.999], [-89.9613, 36.3888]]]}}, {"type": "Feature", "properties": {"code": "29153", "name": "Ozark", "state": "MO"}, "geometry": {"type": "Polygon", "coordinates": [[[-92.7649, 36.8061], [-92.1123, 36.7942], [-92.1204, 36.4989], [-92.7723, 36.4978], [-92.7649, 36.8061]]]}}, {"type": "Feature", "properties": {"code": "29091", "name": "Howell", "state": "MO"}, "geometry": {"type": "Polygon", "coordinates": [[[-92.1123, 36.7942], [-92.096, 36.794], [-92.0887, 37.0562], [-91.6556, 37.0489], [-91.66, 36.7875], [-91.6742, 36.7878], [-91.6749, 36.7677], [-91.6783, 36.6251], [-91.678, 36.6068], [-91.6723, 36.6066], [-91.6723, 36.4995], [-92.1204, 36.4989], [-92.1123, 36.7942]]]}}, {"type": "Feature", "properties": {"code": "29011", "name": "Barton", "state": "MO"}, "geometry": {"type": "Polygon", "coordinates": [[[-94.6176, 37.6536], [-94.0735, 37.6397], [-94.0821, 37.3493], [-94.456, 37.3583], [-94.6175, 37.3642], [-94.6176, 37.6536]]]}}, {"type": "Feature", "properties": {"code": "29165", "name": "Platte", "state": "MO"}, "geometry": {"type": "Polygon", "coordinates": [[[-94.6012, 39.5302], [-94.6017, 39.1596], [-94.6158, 39.16], [-94.6398, 39.1537], [-94.6558, 39.1557], [-94.6614, 39.1627], [-94.6592, 39.1741], [-94.6691, 39.182], [-94.6803, 39.1843], [-94.7141, 39.1704], [-94.7419, 39.1702], [-94.7631, 39.1799], [-94.7815, 39.2061], [-94.8117, 39.2066], [-94.8238, 39.2099], [-94.8351, 39.2207], [-94.8257, 39.2417], [-94.8315, 39.2563], [-94.8463, 39.2685], [-94.8871, 39.2865], [-94.9, 39.3002], [-94.9053, 39.312], [-94.91, 39.3525], [-94.9025, 39.3604], [-94.8814, 39.3704], [-94.8793, 39.3798], [-94.885, 39.3898], [-94.8918, 39.3933], [-94.9018, 39.3928], [-94.9231, 39.3845], [-94.942, 39.3895], [-94.9462, 39.3956], [-94.9479, 39.4086], [-94.973, 39.4217], [-94.9821, 39.4406], [-94.9902, 39.4462], [-95.0158, 39.4528], [-95.0375, 39.4637], [-95.0471, 39.475], [-95.0522, 39.5], [-95.0827, 39.5167], [-95.1014, 39.5333], [-94.6012, 39.5302]]]}}, {"type": "Feature", "properties": {"code": "29163", "name": "Pike", "state": "MO"}, "geometry": {"type": "Polygon", "coordinates": [[[-91.2037, 39.5984], [-91.178, 39.5982], [-91.1684, 39.5649], [-91.1586, 39.553], [-91.1483, 39.5458], [-91.1003, 39.5387], [-91.0798, 39.5077], [-91.0643, 39.4946], [-91.0594, 39.4689], [-91.0383, 39.4484], [-90.9938, 39.423], [-90.9408, 39.404], [-90.9287, 39.3875], [-90.9049, 39.3794], [-90.8938, 39.3673], [-90.8475, 39.3453], [-90.8169, 39.3205], [-90.7935, 39.3095], [-90.7907, 39.3029], [-90.7757, 39.2928], [-90.7676, 39.28], [-90.7516, 39.2654], [-90.73, 39.2559], [-90.7216, 39.2327], [-90.7218, 39.2241], [-91.1829, 39.2272], [-91.1855, 39.1391], [-91.409, 39.1425], [-91.4604, 39.4507], [-91.2037, 39.5984]]]}}, {"type": "Feature", "properties": {"code": "29147", "name": "Nodaway", "state": "MO"}, "geometry": {"type": "Polygon", "coordinates": [[[-94.632, 40.5712], [-94.6319, 40.4725], [-94.6084, 40.4724], [-94.6086, 40.3868], [-94.5985, 40.3867], [-94.6056, 40.1263], [-95.0431, 40.1301], [-95.0472, 40.1338], [-95.0529, 40.1328], [-95.0495, 40.1379], [-95.056, 40.136], [-95.0555, 40.1415], [-95.06, 40.1385], [-95.0602, 40.1451], [-95.0643, 40.1484], [-95.0595, 40.1481], [-95.0589, 40.1505], [-95.0657, 40.151], [-95.0602, 40.1613], [-95.0672, 40.1677], [-95.0606, 40.1717], [-95.0635, 40.1762], [-95.0681, 40.1752], [-95.066, 40.1778], [-95.0712, 40.1796], [-95.0749, 40.1888], [-95.0683, 40.2045], [-95.0638, 40.2059], [-95.0673, 40.2129], [-95.0679, 40.2258], [-95.0579, 40.2391], [-95.0671, 40.2473], [-95.0708, 40.2454], [-95.0666, 40.2431], [-95.0736, 40.2434], [-95.0719, 40.2475], [-95.0756, 40.2515], [-95.0678, 40.2554], [-95.0727, 40.2576], [-95.0716, 40.2609], [-95.1806, 40.2617], [-95.1777, 40.4789], [-95.202, 40.4791], [-95.2023, 40.5785], [-94.632, 40.5712]]]}}, {"type": "Feature", "properties": {"code": "29005", "name": "Atchison", "state": "MO"}, "geometry": {"type": "Polygon", "coordinates": [[[-95.7656, 40.5852], [-95.2023, 40.5785], [-95.202, 40.4791], [-95.1777, 40.4789], [-95.1806, 40.2617], [-95.5548, 40.2645], [-95.5563, 40.2708], [-95.551, 40.2859], [-95.5622, 40.2974], [-95.5818, 40.2996], [-95.6104, 40.314], [-95.6423, 40.306], [-95.6543, 40.3079], [-95.658, 40.3127], [-95.6566, 40.3195], [-95.6252, 40.3343], [-95.6237, 40.3466], [-95.641, 40.3664], [-95.6439, 40.3868], [-95.6591, 40.4087], [-95.6615, 40.4159], [-95.6556, 40.4347], [-95.6582, 40.4419], [-95.6717, 40.4567], [-95.6947, 40.4715], [-95.6968, 40.4788], [-95.6947, 40.4936], [-95.7, 40.5053], [-95.6617, 40.5173], [-95.6557, 40.5236], [-95.6534, 40.5419], [-95.6718, 40.5626], [-95.6787, 40.5626], [-95.6941, 40.5569], [-95.6973, 40.537], [-95.695, 40.5331], [-95.6972, 40.5285], [-95.7086, 40.5216], [-95.7143, 40.5272], [-95.7224, 40.5281], [-95.7372, 40.5239], [-95.7571, 40.526], [-95.7687, 40.5341], [-95.7634, 40.5508], [-95.7747, 40.5736], [-95.7656, 40.5852]]]}}, {"type": "Feature", "properties": {"code": "19155", "name": "Pottawattamie", "state": "IA"}, "geometry": {"type": "Polygon", "coordinates": [[[-95.9962, 41.507], [-95.1547, 41.5052], [-95.1559, 41.1592], [-95.8805, 41.1599], [-95.8696, 41.1688], [-95.8462, 41.1667], [-95.8413, 41.175], [-95.8441, 41.1806], [-95.8568, 41.1871], [-95.9097, 41.1844], [-95.9232, 41.191], [-95.9275, 41.2022], [-95.9109, 41.234], [-95.9219, 41.2646], [-95.914, 41.2714], [-95.9287, 41.2814], [-95.9296, 41.2923], [-95.9275, 41.2984], [-95.9203, 41.3011], [-95.9059, 41.3009], [-95.9043, 41.2935], [-95.9125, 41.2795], [-95.9025, 41.2734], [-95.8824, 41.2814], [-95.8729, 41.2895], [-95.8715, 41.2958], [-95.8747, 41.3071], [-95.8887, 41.3191], [-95.9257, 41.3222], [-95.9469, 41.3341], [-95.9567, 41.3455], [-95.9549, 41.3518], [-95.9355, 41.3606], [-95.9288, 41.3701], [-95.9375, 41.3931], [-95.9297, 41.4113], [-95.9332, 41.4294], [-95.9218, 41.4421], [-95.9203, 41.4516], [-95.9257, 41.4594], [-95.9368, 41.4652], [-95.9623, 41.4628], [-95.983, 41.4698], [-96.0047, 41.4723], [-96.0118, 41.4762], [-96.0198, 41.488], [-95.9962, 41.507]]]}}, {"type": "Feature", "properties": {"code": "19005", "name": "Allamakee", "state": "IA"}, "geometry": {"type": "Polygon", "coordinates": [[[-91.6108, 43.5006], [-91.2177, 43.5005], [-91.216, 43.4811], [-91.2334, 43.4552], [-91.2287, 43.4455], [-91.2071, 43.425], [-91.2004, 43.4127], [-91.199, 43.3898], [-91.2061, 43.375], [-91.215, 43.368], [-91.2066, 43.3525], [-91.1328, 43.328], [-91.1072, 43.3136], [-91.0857, 43.2919], [-91.0737, 43.2747], [-91.0726, 43.2621], [-91.0597, 43.2591], [-91.0579, 43.254], [-91.0664, 43.2393], [-91.1222, 43.1973], [-91.1244, 43.1879], [-91.1386, 43.17], [-91.1462, 43.1524], [-91.1562, 43.1429], [-91.1753, 43.1347], [-91.1783, 43.125], [-91.1752, 43.1038], [-91.1772, 43.0802], [-91.6053, 43.0817], [-91.604, 43.342], [-91.611, 43.3421], [-91.6108, 43.5006]]]}}, {"type": "Feature", "properties": {"code": "29045", "name": "Clark", "state": "MO"}, "geometry": {"type": "Polygon", "coordinates": [[[-91.9431, 40.6058], [-91.7291, 40.6136], [-91.7168, 40.5985], [-91.6864, 40.5809], [-91.6916, 40.5649], [-91.6887, 40.5574], [-91.6817, 40.553], [-91.6201, 40.5408], [-91.618, 40.534], [-91.6214, 40.5101], [-91.6128, 40.5024], [-91.5908, 40.4923], [-91.5815, 40.4729], [-91.5747, 40.4657], [-91.5527, 40.4588], [-91.5251, 40.4578], [-91.5233, 40.4501], [-91.5336, 40.4383], [-91.5291, 40.4343], [-91.5191, 40.4328], [-91.5266, 40.4199], [-91.5246, 40.4108], [-91.4981, 40.4019], [-91.4885, 40.4043], [-91.491, 40.3935], [-91.4845, 40.3839], [-91.4803, 40.3818], [-91.4634, 40.3854], [-91.4659, 40.3784], [-91.4639, 40.3757], [-91.4516, 40.376], [-91.4412, 40.3863], [-91.4194, 40.3783], [-91.4448, 40.3632], [-91.4621, 40.3424], [-91.4718, 40.3173], [-91.4899, 40.286], [-91.4931, 40.2753], [-91.4905, 40.2595], [-91.4973, 40.2488], [-91.9508, 40.2576], [-91.9431, 40.6058]]]}}, {"type": "Feature", "properties": {"code": "29009", "name": "Barry", "state": "MO"}, "geometry": {"type": "Polygon", "coordinates": [[[-94.0627, 36.9318], [-93.611, 36.9228], [-93.6129, 36.8206], [-93.5738, 36.82], [-93.5843, 36.4989], [-94.0771, 36.4987], [-94.0627, 36.9318]]]}}, {"type": "Feature", "properties": {"code": "29217", "name": "Vernon", "state": "MO"}, "geometry": {"type": "Polygon", "coordinates": [[[-94.6141, 38.0601], [-94.2406, 38.0508], [-94.2394, 38.0442], [-94.2344, 38.0471], [-94.2305, 38.0447], [-94.2407, 38.0394], [-94.2333, 38.0325], [-94.2423, 38.0326], [-94.2454, 38.0292], [-94.2366, 38.026], [-94.2252, 38.027], [-94.227, 38.0345], [-94.2248, 38.0399], [-94.2209, 38.0399], [-94.2155, 38.0337], [-94.2095, 38.0522], [-94.1954, 38.0537], [-94.2007, 38.0465], [-94.1965, 38.0339], [-94.1918, 38.0448], [-94.1694, 38.0495], [-94.1574, 38.0571], [-94.1501, 38.0539], [-94.1314, 38.058], [-94.1247, 38.0502], [-94.1155, 38.0484], [-94.1188, 38.0422], [-94.1099, 38.0373], [-94.1056, 38.0378], [-94.1019, 38.0481], [-94.0938, 38.0397], [-94.0864, 38.0404], [-94.0886, 38.0359], [-94.0828, 38.0317], [-94.0694, 38.0368], [-94.0632, 38.0309], [-94.0583, 38.0366], [-94.0733, 37.7606], [-94.0733, 37.7557], [-94.0687, 37.7556], [-94.0735, 37.6397], [-94.6176, 37.6536], [-94.6141, 38.0601]]]}}, {"type": "Feature", "properties": {"code": "17195", "name": "Whiteside", "state": "IL"}, "geometry": {"type": "Polygon", "coordinates": [[[-90.2368, 41.7626], [-90.2401, 41.765], [-90.2472, 41.7626], [-90.2424, 41.783], [-90.2169, 41.7953], [-90.182, 41.8071], [-90.1838, 41.8362], [-90.173, 41.8574], [-90.17, 41.8764], [-90.1536, 41.9066], [-90.1518, 41.9289], [-89.6289, 41.93], [-89.6315, 41.5849], [-90.1855, 41.5846], [-90.1837, 41.5902], [-90.166, 41.5942], [-90.1661, 41.6098], [-90.1607, 41.6179], [-90.1599, 41.6305], [-90.1625, 41.6355], [-90.1733, 41.6376], [-90.1739, 41.6401], [-90.1638, 41.6392], [-90.1618, 41.6446], [-90.1895, 41.6634], [-90.2362, 41.6795], [-90.2269, 41.6835], [-90.2268, 41.6925], [-90.232, 41.6919], [-90.2312, 41.6958], [-90.245, 41.7024], [-90.2398, 41.7067], [-90.2341, 41.725], [-90.2387, 41.7273], [-90.2347, 41.7361], [-90.2365, 41.7407], [-90.2443, 41.7404], [-90.2432, 41.7443], [-90.2479, 41.7469], [-90.2467, 41.7548], [-90.2368, 41.7626]]]}}, {"type": "Feature", "properties": {"code": "19071", "name": "Fremont", "state": "IA"}, "geometry": {"type": "Polygon", "coordinates": [[[-95.879, 40.7531], [-95.87, 40.7596], [-95.8466, 40.7686], [-95.8352, 40.7792], [-95.8345, 40.7878], [-95.8453, 40.8113], [-95.8372, 40.8353], [-95.8486, 40.8611], [-95.8425, 40.8703], [-95.8196, 40.8774], [-95.8121, 40.8842], [-95.8098, 40.8954], [-95.8135, 40.9017], [-95.385, 40.9016], [-95.3853, 40.7284], [-95.3706, 40.7282], [-95.3739, 40.5805], [-95.7656, 40.5852], [-95.7531, 40.5928], [-95.7486, 40.6034], [-95.7513, 40.6091], [-95.7689, 40.6213], [-95.7713, 40.6394], [-95.7763, 40.6475], [-95.7955, 40.6624], [-95.8229, 40.6672], [-95.8428, 40.6775], [-95.8526, 40.7023], [-95.8594, 40.7081], [-95.8832, 40.7176], [-95.8887, 40.7363], [-95.879, 40.7531]]]}}, {"type": "Feature", "properties": {"code": "17159", "name": "Richland", "state": "IL"}, "geometry": {"type": "Polygon", "coordinates": [[[-88.2934, 38.642], [-88.2869, 38.6428], [-88.2909, 38.644], [-88.2845, 38.6501], [-88.2754, 38.6545], [-88.2731, 38.6579], [-88.2759, 38.6614], [-88.2723, 38.6636], [-88.2794, 38.6697], [-88.279, 38.6768], [-88.2845, 38.6816], [-88.2819, 38.6832], [-88.2852, 38.6887], [-88.2819, 38.6907], [-88.2849, 38.6949], [-88.2815, 38.6957], [-88.2863, 38.7021], [-88.2841, 38.7027], [-88.2854, 38.7081], [-88.2824, 38.7082], [-88.2863, 38.711], [-88.2823, 38.7162], [-88.2864, 38.7181], [-88.2816, 38.7204], [-88.2861, 38.7202], [-88.2826, 38.7256], [-88.2871, 38.7279], [-88.2835, 38.7318], [-88.2578, 38.7309], [-88.2586, 38.8475], [-87.9081, 38.8501], [-87.9124, 38.5699], [-88.1478, 38.569], [-88.1482, 38.598], [-88.254, 38.5995], [-88.2491, 38.6015], [-88.2526, 38.6056], [-88.259, 38.6064], [-88.2671, 38.6127], [-88.2711, 38.612], [-88.2693, 38.6184], [-88.2726, 38.6197], [-88.2766, 38.6159], [-88.278, 38.6204], [-88.281, 38.6169], [-88.2859, 38.6193], [-88.2809, 38.6246], [-88.2921, 38.6262], [-88.2887, 38.629], [-88.2975, 38.6347], [-88.2934, 38.642]]]}}, {"type": "Feature", "properties": {"code": "19145", "name": "Page", "state": "IA"}, "geometry": {"type": "Polygon", "coordinates": [[[-95.385, 40.9016], [-94.9285, 40.9007], [-94.9285, 40.7274], [-94.9131, 40.7273], [-94.9149, 40.5751], [-95.3739, 40.5805], [-95.3706, 40.7282], [-95.3853, 40.7284], [-95.385, 40.9016]]]}}, {"type": "Feature", "properties": {"code": "19167", "name": "Sioux", "state": "IA"}, "geometry": {"type": "Polygon", "coordinates": [[[-96.5653, 43.2442], [-96.553, 43.2473], [-96.555, 43.26], [-95.8619, 43.2576], [-95.8594, 42.9091], [-96.5374, 42.9088], [-96.5411, 42.9245], [-96.5255, 42.9355], [-96.5169, 42.9325], [-96.52, 42.9398], [-96.5095, 42.9452], [-96.5003, 42.9594], [-96.505, 42.9708], [-96.5159, 42.9729], [-96.5208, 42.9804], [-96.5122, 42.9859], [-96.51, 42.9951], [-96.4967, 42.9988], [-96.4917, 43.0097], [-96.4992, 43.0192], [-96.511, 43.0247], [-96.5129, 43.03], [-96.5091, 43.0373], [-96.5184, 43.0421], [-96.5103, 43.0499], [-96.4904, 43.0508], [-96.4769, 43.0624], [-96.4608, 43.064], [-96.4541, 43.0842], [-96.4553, 43.0881], [-96.4629, 43.0914], [-96.4393, 43.1139], [-96.4366, 43.1208], [-96.4408, 43.1231], [-96.4434, 43.1338], [-96.4504, 43.1422], [-96.46, 43.1435], [-96.4665, 43.1503], [-96.4649, 43.182], [-96.4724, 43.1856], [-96.4738, 43.1898], [-96.4706, 43.2072], [-96.4756, 43.2211], [-96.4965, 43.2237], [-96.5193, 43.2177], [-96.5357, 43.2276], [-96.5604, 43.2242], [-96.5685, 43.2316], [-96.5712, 43.239], [-96.5653, 43.2442]]]}}, {"type": "Feature", "properties": {"code": "19189", "name": "Winnebago", "state": "IA"}, "geometry": {"type": "Polygon", "coordinates": [[[-93.4974, 43.4996], [-93.4976, 43.2555], [-93.9704, 43.2554], [-93.9708, 43.4999], [-93.4974, 43.4996]]]}}, {"type": "Feature", "properties": {"code": "55069", "name": "Lincoln", "state": "WI"}, "geometry": {"type": "Polygon", "coordinates": [[[-90.0422, 45.375], [-90.0434, 45.5551], [-89.4283, 45.5554], [-89.4243, 45.3802], [-89.426, 45.1191], [-90.0437, 45.1202], [-90.0461, 45.3403], [-90.0422, 45.375]]]}}, {"type": "Feature", "properties": {"code": "55019", "name": "Clark", "state": "WI"}, "geometry": {"type": "Polygon", "coordinates": [[[-90.9234, 45.0311], [-90.4338, 45.031], [-90.315, 45.0338], [-90.316, 44.4246], [-90.8019, 44.4224], [-90.8016, 44.5097], [-90.9229, 44.5098], [-90.9234, 45.0311]]]}}, {"type": "Feature", "properties": {"code": "55123", "name": "Vernon", "state": "WI"}, "geometry": {"type": "Polygon", "coordinates": [[[-91.2678, 43.6957], [-91.2685, 43.7098], [-91.2578, 43.7257], [-90.6071, 43.726], [-90.607, 43.7296], [-90.5872, 43.7295], [-90.5872, 43.7258], [-90.4329, 43.7259], [-90.3122, 43.7315], [-90.3111, 43.554], [-90.6717, 43.5529], [-90.6686, 43.423], [-91.2056, 43.4229], [-91.2323, 43.451], [-91.2322, 43.46], [-91.2246, 43.4655], [-91.216, 43.4811], [-91.2174, 43.5125], [-91.2329, 43.524], [-91.2432, 43.5403], [-91.2432, 43.5507], [-91.2328, 43.5648], [-91.2327, 43.5835], [-91.2616, 43.6062], [-91.2687, 43.6153], [-91.2685, 43.6274], [-91.2624, 43.6418], [-91.2639, 43.6477], [-91.2717, 43.6549], [-91.2727, 43.6766], [-91.2678, 43.6957]]]}}, {"type": "Feature", "properties": {"code": "17057", "name": "Fulton", "state": "IL"}, "geometry": {"type": "Polygon", "coordinates": [[[-90.4443, 40.7149], [-89.9861, 40.7124], [-89.989, 40.6258], [-89.8737, 40.625], [-89.8725, 40.5132], [-89.8844, 40.5], [-89.8879, 40.4747], [-89.8988, 40.4651], [-89.9064, 40.4478], [-89.9143, 40.4403], [-89.9552, 40.4202], [-89.9754, 40.4045], [-89.9838, 40.3926], [-90.033, 40.3778], [-90.0431, 40.37], [-90.0528, 40.3475], [-90.0499, 40.3374], [-90.0532, 40.3278], [-90.0651, 40.3192], [-90.0689, 40.3125], [-90.0687, 40.2961], [-90.0941, 40.2689], [-90.1073, 40.2609], [-90.1176, 40.2377], [-90.1275, 40.227], [-90.1635, 40.2166], [-90.1711, 40.211], [-90.1785, 40.1979], [-90.1935, 40.1921], [-90.1996, 40.1838], [-90.4519, 40.1888], [-90.4443, 40.7149]]]}}, {"type": "Feature", "properties": {"code": "19101", "name": "Jefferson", "state": "IA"}, "geometry": {"type": "Polygon", "coordinates": [[[-91.716, 41.1628], [-91.7182, 40.9011], [-92.1791, 40.8997], [-92.18, 41.1627], [-91.716, 41.1628]]]}}, {"type": "Feature", "properties": {"code": "19115", "name": "Louisa", "state": "IA"}, "geometry": {"type": "Polygon", "coordinates": [[[-91.484, 41.4238], [-91.3685, 41.4232], [-91.3693, 41.3361], [-91.0719, 41.3336], [-91.0748, 41.3056], [-91.092, 41.2869], [-91.1011, 41.2672], [-91.1142, 41.25], [-91.1136, 41.2414], [-91.073, 41.2072], [-91.0415, 41.1661], [-91.0272, 41.1634], [-91.0076, 41.1662], [-90.9897, 41.1557], [-90.9659, 41.1196], [-90.9466, 41.0966], [-90.9494, 41.0727], [-91.3707, 41.0741], [-91.3703, 41.1612], [-91.4857, 41.1624], [-91.484, 41.4238]]]}}, {"type": "Feature", "properties": {"code": "19123", "name": "Mahaska", "state": "IA"}, "geometry": {"type": "Polygon", "coordinates": [[[-92.412, 41.5095], [-92.4102, 41.1619], [-92.8698, 41.1611], [-92.8714, 41.5085], [-92.412, 41.5095]]]}}, {"type": "Feature", "properties": {"code": "55053", "name": "Jackson", "state": "WI"}, "geometry": {"type": "Polygon", "coordinates": [[[-91.1656, 44.597], [-90.9222, 44.5963], [-90.9229, 44.5098], [-90.8015, 44.5096], [-90.8019, 44.4224], [-90.3161, 44.4245], [-90.318, 44.2487], [-90.3127, 44.2488], [-90.3125, 44.1552], [-90.4357, 44.1611], [-90.9046, 44.1583], [-90.9257, 44.146], [-90.9381, 44.1474], [-90.9434, 44.1437], [-90.9465, 44.1473], [-90.9518, 44.1415], [-90.9573, 44.1414], [-90.9586, 44.1372], [-90.9671, 44.1357], [-90.9703, 44.1286], [-90.9773, 44.1296], [-90.9777, 44.1264], [-90.9672, 44.12], [-90.9737, 44.1166], [-90.9731, 44.0709], [-91.1518, 44.071], [-91.1536, 44.2476], [-91.1655, 44.2474], [-91.1656, 44.597]]]}}, {"type": "Feature", "properties": {"code": "55015", "name": "Calumet", "state": "WI"}, "geometry": {"type": "Polygon", "coordinates": [[[-88.4041, 44.2441], [-88.0432, 44.241], [-88.0418, 43.8917], [-88.1623, 43.8915], [-88.1617, 43.9377], [-88.4042, 43.9382], [-88.4041, 44.2441]]]}}, {"type": "Feature", "properties": {"code": "55027", "name": "Dodge", "state": "WI"}, "geometry": {"type": "Polygon", "coordinates": [[[-89.0088, 43.3715], [-89.0047, 43.3717], [-89.0045, 43.375], [-89.0068, 43.633], [-88.401, 43.6309], [-88.4015, 43.3701], [-88.4184, 43.3702], [-88.418, 43.1947], [-89.0089, 43.1977], [-89.0088, 43.3715]]]}}, {"type": "Feature", "properties": {"code": "19139", "name": "Muscatine", "state": "IA"}, "geometry": {"type": "Polygon", "coordinates": [[[-91.3664, 41.5984], [-90.7838, 41.5965], [-90.7863, 41.4529], [-90.8536, 41.4539], [-90.9005, 41.4312], [-90.93, 41.4214], [-90.9498, 41.4242], [-90.9798, 41.4343], [-91.0371, 41.42], [-91.0478, 41.4109], [-91.0516, 41.3853], [-91.0651, 41.3691], [-91.0719, 41.3336], [-91.3693, 41.3361], [-91.3664, 41.5984]]]}}, {"type": "Feature", "properties": {"code": "19059", "name": "Dickinson", "state": "IA"}, "geometry": {"type": "Polygon", "coordinates": [[[-95.3878, 43.5002], [-94.9146, 43.5009], [-94.9137, 43.2551], [-95.3881, 43.2552], [-95.3878, 43.5002]]]}}, {"type": "Feature", "properties": {"code": "55087", "name": "Outagamie", "state": "WI"}, "geometry": {"type": "Polygon", "coordinates": [[[-88.7368, 44.5906], [-88.4474, 44.5892], [-88.2452, 44.5847], [-88.1905, 44.5868], [-88.1926, 44.2419], [-88.7398, 44.2433], [-88.7368, 44.5906]]]}}, {"type": "Feature", "properties": {"code": "55033", "name": "Dunn", "state": "WI"}, "geometry": {"type": "Polygon", "coordinates": [[[-92.1565, 45.2096], [-91.6656, 45.208], [-91.6664, 45.1208], [-91.6515, 45.1204], [-91.6504, 44.6836], [-92.1352, 44.6844], [-92.1361, 45.1214], [-92.1571, 45.1216], [-92.1565, 45.2096]]]}}, {"type": "Feature", "properties": {"code": "55017", "name": "Chippewa", "state": "WI"}, "geometry": {"type": "Polygon", "coordinates": [[[-91.6656, 45.208], [-91.5422, 45.2065], [-91.5413, 45.2922], [-90.9252, 45.2921], [-90.9222, 44.8573], [-91.6505, 44.856], [-91.6515, 45.1204], [-91.6664, 45.1208], [-91.6656, 45.208]]]}}, {"type": "Feature", "properties": {"code": "55077", "name": "Marquette", "state": "WI"}, "geometry": {"type": "Polygon", "coordinates": [[[-89.5979, 43.9821], [-89.1683, 43.9825], [-89.1681, 43.8765], [-89.1983, 43.8765], [-89.198, 43.818], [-89.1944, 43.8149], [-89.1983, 43.8127], [-89.1893, 43.8046], [-89.168, 43.8101], [-89.1676, 43.7655], [-89.2298, 43.7679], [-89.2433, 43.7633], [-89.2405, 43.7598], [-89.2454, 43.7598], [-89.2454, 43.6431], [-89.5995, 43.6426], [-89.5979, 43.9821]]]}}, {"type": "Feature", "properties": {"code": "55091", "name": "Pepin", "state": "WI"}, "geometry": {"type": "Polygon", "coordinates": [[[-92.1354, 44.5396], [-92.1352, 44.6844], [-91.6504, 44.6836], [-91.6502, 44.5966], [-92.0031, 44.5968], [-92.0228, 44.5905], [-92.0292, 44.5863], [-92.0396, 44.5642], [-92.0388, 44.547], [-92.0479, 44.5304], [-92.0439, 44.5124], [-92.0561, 44.4889], [-92.0593, 44.4663], [-92.0813, 44.4298], [-92.0799, 44.4172], [-92.0836, 44.4072], [-92.1111, 44.4139], [-92.1245, 44.4221], [-92.1954, 44.4338], [-92.2325, 44.4454], [-92.2449, 44.4568], [-92.2768, 44.4736], [-92.291, 44.4855], [-92.3022, 44.5003], [-92.303, 44.5186], [-92.3162, 44.541], [-92.1354, 44.5396]]]}}, {"type": "Feature", "properties": {"code": "55119", "name": "Taylor", "state": "WI"}, "geometry": {"type": "Polygon", "coordinates": [[[-90.9253, 45.3794], [-90.5037, 45.3772], [-90.0423, 45.3819], [-90.0461, 45.3403], [-90.0437, 45.1202], [-90.1978, 45.1206], [-90.1975, 45.0336], [-90.9234, 45.0311], [-90.9228, 45.1193], [-90.9258, 45.1213], [-90.9253, 45.3794]]]}}, {"type": "Feature", "properties": {"code": "55115", "name": "Shawano", "state": "WI"}, "geometry": {"type": "Polygon", "coordinates": [[[-89.2238, 45.0292], [-88.9817, 45.0289], [-88.9813, 44.9427], [-88.7355, 44.9432], [-88.7362, 44.8564], [-88.2482, 44.8527], [-88.2524, 44.7668], [-88.2427, 44.6796], [-88.2526, 44.6798], [-88.2524, 44.6602], [-88.2428, 44.6608], [-88.2452, 44.5847], [-88.6061, 44.5905], [-88.6052, 44.6783], [-89.2237, 44.6814], [-89.2238, 45.0292]]]}}, {"type": "Feature", "properties": {"code": "55079", "name": "Milwaukee", "state": "WI"}, "geometry": {"type": "Polygon", "coordinates": [[[-88.0634, 43.1921], [-87.8921, 43.192], [-87.8811, 43.1706], [-87.9003, 43.1373], [-87.9005, 43.1259], [-87.8932, 43.114], [-87.8761, 43.099], [-87.8638, 43.0706], [-87.8906, 43.0484], [-87.8967, 43.0378], [-87.8987, 43.0257], [-87.888, 43.0022], [-87.8572, 42.978], [-87.845, 42.9611], [-87.8433, 42.944], [-87.8459, 42.9321], [-87.8397, 42.9146], [-87.8478, 42.8964], [-87.8467, 42.8904], [-87.8435, 42.8903], [-87.8437, 42.8853], [-87.8465, 42.8841], [-87.8271, 42.8422], [-88.0699, 42.8433], [-88.0634, 43.1921]]]}}, {"type": "Feature", "properties": {"code": "55101", "name": "Racine", "state": "WI"}, "geometry": {"type": "Polygon", "coordinates": [[[-88.3064, 42.8421], [-87.8271, 42.8422], [-87.8245, 42.8347], [-87.794, 42.8062], [-87.7579, 42.7821], [-87.7737, 42.77], [-87.7782, 42.7628], [-87.7817, 42.7501], [-87.778, 42.7189], [-87.7808, 42.718], [-87.7851, 42.7008], [-87.7949, 42.6899], [-87.8059, 42.6679], [-88.1883, 42.6697], [-88.1882, 42.6115], [-88.3059, 42.6108], [-88.3064, 42.8421]]]}}, {"type": "Feature", "properties": {"code": "55045", "name": "Green", "state": "WI"}, "geometry": {"type": "Polygon", "coordinates": [[[-89.8382, 42.8574], [-89.3691, 42.8565], [-89.3658, 42.5003], [-89.8376, 42.5055], [-89.8382, 42.8574]]]}}, {"type": "Feature", "properties": {"code": "55125", "name": "Vilas", "state": "WI"}, "geometry": {"type": "Polygon", "coordinates": [[[-89.9288, 45.982], [-89.9292, 46.2997], [-89.0916, 46.1385], [-88.9328, 46.0737], [-88.9332, 45.9823], [-89.0478, 45.9823], [-89.0476, 45.8954], [-89.1216, 45.8955], [-89.1777, 45.8993], [-89.1752, 45.8566], [-89.258, 45.8619], [-89.3009, 45.8607], [-89.3005, 45.9015], [-89.4253, 45.8983], [-90.0429, 45.8973], [-90.044, 45.9819], [-89.9288, 45.982]]]}}, {"type": "Feature", "properties": {"code": "17149", "name": "Pike", "state": "IL"}, "geometry": {"type": "Polygon", "coordinates": [[[-91.3651, 39.7587], [-90.916, 39.7572], [-90.9167, 39.8449], [-90.8943, 39.8411], [-90.5714, 39.839], [-90.5666, 39.8332], [-90.567, 39.8269], [-90.5972, 39.7949], [-90.6069, 39.7764], [-90.6076, 39.7639], [-90.6284, 39.7295], [-90.641, 39.7174], [-90.646, 39.7028], [-90.6445, 39.6931], [-90.6335, 39.673], [-90.6089, 39.6403], [-90.605, 39.6201], [-90.5921, 39.5967], [-90.5724, 39.543], [-90.5744, 39.5352], [-90.5809, 39.5274], [-90.581, 39.5146], [-90.5921, 39.487], [-90.6105, 39.4574], [-90.6168, 39.4239], [-90.6138, 39.3954], [-90.9368, 39.3995], [-90.9483, 39.4075], [-90.9938, 39.423], [-91.0383, 39.4484], [-91.0594, 39.4689], [-91.0643, 39.4946], [-91.0798, 39.5077], [-91.1003, 39.5387], [-91.1536, 39.5482], [-91.1684, 39.5649], [-91.1747, 39.5933], [-91.1819, 39.6027], [-91.2293, 39.6209], [-91.2761, 39.6658], [-91.3025, 39.6796], [-91.3527, 39.7153], [-91.37, 39.7325], [-91.37, 39.745], [-91.3651, 39.7587]]]}}, {"type": "Feature", "properties": {"code": "17077", "name": "Jackson", "state": "IL"}, "geometry": {"type": "Polygon", "coordinates": [[[-89.6644, 37.8293], [-89.6563, 37.8587], [-89.5951, 37.9553], [-89.1508, 37.9502], [-89.1536, 37.6002], [-89.4532, 37.6001], [-89.448, 37.5983], [-89.4494, 37.5915], [-89.4548, 37.5864], [-89.4538, 37.5781], [-89.4625, 37.5666], [-89.4705, 37.5622], [-89.5021, 37.5706], [-89.5024, 37.578], [-89.5095, 37.5789], [-89.5215, 37.5722], [-89.5208, 37.5812], [-89.5165, 37.5845], [-89.4861, 37.5809], [-89.4775, 37.5859], [-89.476, 37.5902], [-89.4784, 37.5989], [-89.5066, 37.6251], [-89.5177, 37.6412], [-89.5161, 37.668], [-89.512, 37.681], [-89.5143, 37.6899], [-89.5257, 37.6984], [-89.5833, 37.7133], [-89.5966, 37.7329], [-89.6156, 37.7424], [-89.6173, 37.7497], [-89.6495, 37.7455], [-89.6634, 37.7501], [-89.668, 37.7595], [-89.6612, 37.7757], [-89.6604, 37.7863], [-89.6744, 37.803], [-89.6807, 37.8227], [-89.6644, 37.8293]]]}}, {"type": "Feature", "properties": {"code": "17155", "name": "Putnam", "state": "IL"}, "geometry": {"type": "Polygon", "coordinates": [[[-89.4664, 41.2339], [-89.3567, 41.233], [-89.3371, 41.2817], [-89.3424, 41.2932], [-89.338, 41.2997], [-89.2835, 41.3124], [-89.2717, 41.3206], [-89.2635, 41.3225], [-89.2249, 41.3131], [-89.1637, 41.3102], [-89.1622, 41.104], [-89.3584, 41.1038], [-89.3359, 41.1173], [-89.3293, 41.1479], [-89.4661, 41.1485], [-89.4664, 41.2339]]]}}, {"type": "Feature", "properties": {"code": "17075", "name": "Iroquois", "state": "IL"}, "geometry": {"type": "Polygon", "coordinates": [[[-87.5263, 41.0103], [-87.5264, 40.4912], [-87.9725, 40.4857], [-87.9931, 40.4856], [-88.0041, 40.4887], [-88.1179, 40.4879], [-88.1311, 40.9979], [-87.5263, 41.0103]]]}}, {"type": "Feature", "properties": {"code": "17079", "name": "Jasper", "state": "IL"}, "geometry": {"type": "Polygon", "coordinates": [[[-88.3607, 39.1711], [-87.9504, 39.1749], [-87.9468, 39.0839], [-87.9459, 38.8501], [-88.1503, 38.847], [-88.2586, 38.8475], [-88.3618, 38.8521], [-88.3607, 39.1711]]]}}, {"type": "Feature", "properties": {"code": "17167", "name": "Sangamon", "state": "IL"}, "geometry": {"type": "Polygon", "coordinates": [[[-89.7692, 39.9024], [-89.7691, 39.9169], [-89.7019, 39.9168], [-89.7023, 39.9386], [-89.6976, 39.9387], [-89.6983, 39.9753], [-89.4838, 39.9767], [-89.4835, 39.9332], [-89.405, 39.9327], [-89.405, 39.9182], [-89.2178, 39.917], [-89.2175, 39.8132], [-89.2342, 39.8131], [-89.2316, 39.816], [-89.2362, 39.8176], [-89.2362, 39.8218], [-89.2485, 39.8257], [-89.2598, 39.8068], [-89.2625, 39.8044], [-89.2654, 39.8064], [-89.2812, 39.799], [-89.2834, 39.7939], [-89.297, 39.7895], [-89.3031, 39.7758], [-89.3126, 39.7713], [-89.3279, 39.7697], [-89.3253, 39.7662], [-89.3292, 39.7636], [-89.3541, 39.7721], [-89.36, 39.7675], [-89.3589, 39.7618], [-89.3629, 39.7556], [-89.3713, 39.7551], [-89.3739, 39.7586], [-89.3798, 39.7538], [-89.3842, 39.754], [-89.3971, 39.7422], [-89.4102, 39.744], [-89.4192, 39.7514], [-89.4178, 39.7592], [-89.4252, 39.762], [-89.4251, 39.6837], [-89.4789, 39.684], [-89.4785, 39.6408], [-89.535, 39.6411], [-89.5335, 39.5246], [-89.926, 39.5221], [-89.924, 39.5584], [-89.9847, 39.7181], [-89.9856, 39.7854], [-89.9935, 39.7854], [-89.9945, 39.9019], [-89.7692, 39.9024]]]}}, {"type": "Feature", "properties": {"code": "17141", "name": "Ogle", "state": "IL"}, "geometry": {"type": "Polygon", "coordinates": [[[-89.173, 42.2042], [-89.1728, 42.1504], [-88.9397, 42.1523], [-88.9413, 41.8918], [-89.3606, 41.888], [-89.3604, 41.9026], [-89.3987, 41.9028], [-89.4111, 41.8947], [-89.4132, 41.8855], [-89.4318, 41.894], [-89.4222, 41.8999], [-89.4224, 41.9056], [-89.4646, 41.9116], [-89.4762, 41.9093], [-89.48, 41.9025], [-89.6293, 41.9016], [-89.6289, 41.93], [-89.6854, 41.9303], [-89.6885, 42.1991], [-89.173, 42.2042]]]}}, {"type": "Feature", "properties": {"code": "17061", "name": "Greene", "state": "IL"}, "geometry": {"type": "Polygon", "coordinates": [[[-90.6208, 39.3812], [-90.6138, 39.3954], [-90.6168, 39.4239], [-90.6105, 39.4574], [-90.5921, 39.487], [-90.5822, 39.5103], [-90.5811, 39.5217], [-90.1538, 39.5203], [-90.1481, 39.2619], [-90.1939, 39.262], [-90.1937, 39.2582], [-90.2027, 39.2582], [-90.2018, 39.2255], [-90.3139, 39.2251], [-90.3133, 39.1743], [-90.4876, 39.175], [-90.4879, 39.1641], [-90.4958, 39.1602], [-90.4981, 39.164], [-90.5025, 39.1637], [-90.5058, 39.1729], [-90.5032, 39.1817], [-90.509, 39.1859], [-90.523, 39.1871], [-90.5268, 39.1924], [-90.5305, 39.1873], [-90.5365, 39.1929], [-90.544, 39.1832], [-90.5455, 39.1901], [-90.5555, 39.189], [-90.5701, 39.1834], [-90.5661, 39.1808], [-90.5704, 39.1778], [-90.5746, 39.1786], [-90.5733, 39.1841], [-90.5806, 39.1849], [-90.5789, 39.1794], [-90.5821, 39.1769], [-90.5768, 39.1739], [-90.5753, 39.1672], [-90.5854, 39.1616], [-90.5872, 39.1549], [-90.5828, 39.1443], [-90.598, 39.1368], [-90.5977, 39.1257], [-90.6036, 39.1176], [-90.6145, 39.1423], [-90.6146, 39.1538], [-90.612, 39.1673], [-90.6001, 39.1798], [-90.5921, 39.1958], [-90.5923, 39.2182], [-90.598, 39.2433], [-90.6098, 39.2598], [-90.6024, 39.2927], [-90.6113, 39.3115], [-90.6221, 39.3683], [-90.6208, 39.3812]]]}}, {"type": "Feature", "properties": {"code": "17173", "name": "Shelby", "state": "IL"}, "geometry": {"type": "Polygon", "coordinates": [[[-89.1398, 39.3489], [-89.0254, 39.3459], [-89.0257, 39.6542], [-88.8106, 39.6532], [-88.8091, 39.5802], [-88.7175, 39.5793], [-88.7169, 39.5212], [-88.6415, 39.521], [-88.6412, 39.5067], [-88.6224, 39.5065], [-88.6222, 39.4919], [-88.6032, 39.4916], [-88.6032, 39.477], [-88.5845, 39.477], [-88.5843, 39.4476], [-88.4705, 39.447], [-88.4709, 39.215], [-89.1394, 39.2172], [-89.1398, 39.3489]]]}}, {"type": "Feature", "properties": {"code": "17105", "name": "Livingston", "state": "IL"}, "geometry": {"type": "Polygon", "coordinates": [[[-88.9309, 41.1059], [-88.471, 41.1089], [-88.2515, 41.1142], [-88.2349, 40.6182], [-88.5745, 40.6165], [-88.5752, 40.6706], [-88.5823, 40.6707], [-88.5843, 40.7576], [-88.9293, 40.7533], [-88.9309, 41.1059]]]}}, {"type": "Feature", "properties": {"code": "19085", "name": "Harrison", "state": "IA"}, "geometry": {"type": "Polygon", "coordinates": [[[-95.9831, 41.8635], [-95.5573, 41.8634], [-95.5581, 41.6024], [-95.4978, 41.6023], [-95.498, 41.5061], [-95.9962, 41.507], [-95.9927, 41.5173], [-96.0, 41.5395], [-96.0139, 41.5453], [-96.0267, 41.5404], [-96.0366, 41.509], [-96.0537, 41.5089], [-96.0898, 41.5316], [-96.0966, 41.5454], [-96.0936, 41.5583], [-96.0824, 41.5712], [-96.0812, 41.5773], [-96.0858, 41.5857], [-96.1094, 41.5969], [-96.1176, 41.61], [-96.1162, 41.6216], [-96.1007, 41.6355], [-96.095, 41.6474], [-96.0979, 41.6587], [-96.115, 41.6712], [-96.1217, 41.6827], [-96.1202, 41.6912], [-96.112, 41.6978], [-96.1051, 41.6999], [-96.0824, 41.6982], [-96.0731, 41.705], [-96.0734, 41.7107], [-96.0797, 41.718], [-96.1026, 41.728], [-96.1064, 41.7379], [-96.1028, 41.7463], [-96.0799, 41.7579], [-96.0775, 41.7778], [-96.0664, 41.7889], [-96.0649, 41.7962], [-96.0755, 41.8078], [-96.0983, 41.8142], [-96.1076, 41.8207], [-96.1108, 41.8282], [-96.1079, 41.8403], [-96.1102, 41.8489], [-96.1375, 41.8663], [-95.9831, 41.8635]]]}}, {"type": "Feature", "properties": {"code": "19175", "name": "Union", "state": "IA"}, "geometry": {"type": "Polygon", "coordinates": [[[-94.4706, 41.1576], [-94.0142, 41.1568], [-94.0148, 40.897], [-94.4708, 40.8995], [-94.4706, 41.1576]]]}}, {"type": "Feature", "properties": {"code": "19047", "name": "Crawford", "state": "IA"}, "geometry": {"type": "Polygon", "coordinates": [[[-95.6708, 42.2114], [-95.0909, 42.2104], [-95.0929, 41.8634], [-95.6728, 41.8631], [-95.6708, 42.2114]]]}}, {"type": "Feature", "properties": {"code": "17045", "name": "Edgar", "state": "IL"}, "geometry": {"type": "Polygon", "coordinates": [[[-87.937, 39.7924], [-87.9376, 39.8798], [-87.6152, 39.8816], [-87.6174, 39.8686], [-87.5575, 39.8688], [-87.5817, 39.8823], [-87.5332, 39.883], [-87.5317, 39.4771], [-87.6893, 39.4768], [-87.6876, 39.4874], [-87.9602, 39.4813], [-87.9688, 39.7924], [-87.937, 39.7924]]]}}, {"type": "Feature", "properties": {"code": "17005", "name": "Bond", "state": "IL"}, "geometry": {"type": "Polygon", "coordinates": [[[-89.5861, 38.9995], [-89.5863, 39.0283], [-89.2503, 39.0282], [-89.2503, 38.9992], [-89.2574, 38.9992], [-89.2542, 38.7419], [-89.482, 38.7405], [-89.5973, 38.7432], [-89.5996, 38.8745], [-89.6369, 38.8743], [-89.6393, 38.9991], [-89.5861, 38.9995]]]}}, {"type": "Feature", "properties": {"code": "19081", "name": "Hancock", "state": "IA"}, "geometry": {"type": "Polygon", "coordinates": [[[-93.9704, 43.2554], [-93.4976, 43.2555], [-93.4986, 42.9085], [-93.9712, 42.9078], [-93.9704, 43.2554]]]}}, {"type": "Feature", "properties": {"code": "19033", "name": "Cerro Gordo", "state": "IA"}, "geometry": {"type": "Polygon", "coordinates": [[[-93.4976, 43.2555], [-93.0241, 43.2555], [-93.0251, 42.9075], [-93.4986, 42.9085], [-93.4976, 43.2555]]]}}, {"type": "Feature", "properties": {"code": "19151", "name": "Pocahontas", "state": "IA"}, "geometry": {"type": "Polygon", "coordinates": [[[-94.9139, 42.9097], [-94.443, 42.9081], [-94.443, 42.5588], [-94.9145, 42.5603], [-94.9139, 42.9097]]]}}, {"type": "Feature", "properties": {"code": "19161", "name": "Sac", "state": "IA"}, "geometry": {"type": "Polygon", "coordinates": [[[-94.9145, 42.5603], [-94.9145, 42.4742], [-94.8567, 42.474], [-94.8584, 42.2097], [-95.3235, 42.2109], [-95.3224, 42.4747], [-95.3874, 42.4748], [-95.388, 42.5617], [-94.9145, 42.5603]]]}}, {"type": "Feature", "properties": {"code": "19103", "name": "Johnson", "state": "IA"}, "geometry": {"type": "Polygon", "coordinates": [[[-91.8314, 41.8619], [-91.3661, 41.8601], [-91.3685, 41.4232], [-91.484, 41.4238], [-91.4907, 41.4404], [-91.5028, 41.4494], [-91.4986, 41.4534], [-91.4988, 41.4592], [-91.5159, 41.4679], [-91.5134, 41.476], [-91.5021, 41.4775], [-91.5014, 41.4877], [-91.5037, 41.4934], [-91.5107, 41.4947], [-91.5065, 41.5008], [-91.5081, 41.5028], [-91.5186, 41.4973], [-91.519, 41.5026], [-91.5281, 41.5086], [-91.5198, 41.511], [-91.8292, 41.5115], [-91.8271, 41.6005], [-91.8331, 41.6004], [-91.8314, 41.8619]]]}}, {"type": "Feature", "properties": {"code": "55005", "name": "Barron", "state": "WI"}, "geometry": {"type": "Polygon", "coordinates": [[[-92.1549, 45.6397], [-91.5403, 45.6376], [-91.5422, 45.2065], [-92.1565, 45.2096], [-92.1549, 45.6397]]]}}, {"type": "Feature", "properties": {"code": "29043", "name": "Christian", "state": "MO"}, "geometry": {"type": "Polygon", "coordinates": [[[-93.6089, 37.0982], [-92.9029, 37.0852], [-92.9093, 36.8092], [-93.342, 36.8173], [-93.3375, 36.9925], [-93.6101, 36.9958], [-93.6089, 37.0982]]]}}, {"type": "Feature", "properties": {"code": "29109", "name": "Lawrence", "state": "MO"}, "geometry": {"type": "Polygon", "coordinates": [[[-94.0523, 37.2901], [-93.6051, 37.2815], [-93.611, 36.9228], [-94.0627, 36.9318], [-94.0523, 37.2901]]]}}, {"type": "Feature", "properties": {"code": "29115", "name": "Linn", "state": "MO"}, "geometry": {"type": "Polygon", "coordinates": [[[-93.362, 40.0331], [-92.8475, 40.0373], [-92.8579, 39.7], [-93.0823, 39.7067], [-93.3648, 39.7038], [-93.362, 40.0331]]]}}, {"type": "Feature", "properties": {"code": "29219", "name": "Warren", "state": "MO"}, "geometry": {"type": "Polygon", "coordinates": [[[-91.4158, 38.8453], [-91.2649, 38.8438], [-91.2643, 38.9928], [-91.1884, 38.9918], [-91.1893, 38.9322], [-91.1102, 38.9319], [-91.1113, 38.8727], [-90.9585, 38.8709], [-90.9645, 38.5475], [-90.9924, 38.5551], [-91.0141, 38.566], [-91.0372, 38.5986], [-91.0559, 38.6083], [-91.0773, 38.6093], [-91.1251, 38.5977], [-91.183, 38.6079], [-91.225, 38.6208], [-91.2285, 38.6302], [-91.2269, 38.6407], [-91.233, 38.6513], [-91.2598, 38.6666], [-91.3131, 38.7067], [-91.3244, 38.7084], [-91.3417, 38.6974], [-91.353, 38.6956], [-91.3951, 38.708], [-91.4186, 38.7098], [-91.4158, 38.8453]]]}}, {"type": "Feature", "properties": {"code": "29117", "name": "Livingston", "state": "MO"}, "geometry": {"type": "Polygon", "coordinates": [[[-93.3614, 39.9676], [-93.3648, 39.7038], [-93.267, 39.7036], [-93.2648, 39.6976], [-93.2731, 39.6953], [-93.2853, 39.6852], [-93.2834, 39.6834], [-93.2874, 39.6833], [-93.2793, 39.6816], [-93.2832, 39.6788], [-93.2805, 39.6777], [-93.2847, 39.673], [-93.282, 39.6708], [-93.2859, 39.6668], [-93.2734, 39.6548], [-93.2758, 39.6518], [-93.2831, 39.6564], [-93.2848, 39.6545], [-93.2616, 39.6292], [-93.2618, 39.6227], [-93.2681, 39.6195], [-93.2793, 39.6226], [-93.2801, 39.6155], [-93.7584, 39.6114], [-93.762, 39.9596], [-93.3614, 39.9676]]]}}, {"type": "Feature", "properties": {"code": "29003", "name": "Andrew", "state": "MO"}, "geometry": {"type": "Polygon", "coordinates": [[[-95.0576, 40.0704], [-95.0591, 40.0747], [-95.0517, 40.0711], [-95.0528, 40.0764], [-95.0475, 40.0731], [-95.0493, 40.0774], [-95.0435, 40.0784], [-95.0435, 40.0889], [-95.0401, 40.0919], [-95.043, 40.0951], [-95.0406, 40.0968], [-95.0443, 40.0983], [-95.0387, 40.101], [-95.0443, 40.1022], [-95.0418, 40.1053], [-95.0375, 40.1037], [-95.0336, 40.1087], [-95.0429, 40.1124], [-95.0362, 40.1145], [-95.0457, 40.1196], [-95.0406, 40.1238], [-95.0439, 40.1255], [-95.0393, 40.127], [-95.048, 40.1277], [-95.0431, 40.1301], [-94.6059, 40.1261], [-94.6028, 39.8199], [-94.8766, 39.8209], [-94.8787, 39.8265], [-94.8869, 39.8331], [-94.9169, 39.8361], [-94.9377, 39.8498], [-94.9426, 39.8566], [-94.9407, 39.8644], [-94.9273, 39.8803], [-94.9279, 39.8861], [-94.9345, 39.8934], [-94.9593, 39.9017], [-94.9777, 39.8975], [-94.9934, 39.8978], [-94.9934, 39.915], [-95.0067, 39.9234], [-95.0019, 39.9222], [-95.0054, 39.9274], [-95.0025, 39.9326], [-94.9881, 39.945], [-94.9908, 39.9476], [-94.997, 39.9455], [-94.9914, 39.9515], [-94.9961, 39.9612], [-95.0007, 39.9566], [-95.003, 39.9583], [-94.9943, 39.9712], [-95.0052, 39.9801], [-95.0037, 39.9962], [-95.0109, 40.0013], [-95.0078, 40.0084], [-95.0117, 40.0144], [-95.0108, 40.02], [-95.0043, 40.0273], [-95.0097, 40.0317], [-95.0068, 40.0359], [-95.0111, 40.037], [-95.0085, 40.0399], [-95.016, 40.0427], [-95.0105, 40.0468], [-95.0205, 40.052], [-95.0354, 40.0449], [-95.034, 40.0488], [-95.0376, 40.0495], [-95.0355, 40.0518], [-95.0394, 40.0597], [-95.0468, 40.064], [-95.0575, 40.0648], [-95.0603, 40.071], [-95.0576, 40.0704]]]}}, {"type": "Feature", "properties": {"code": "29035", "name": "Carter", "state": "MO"}, "geometry": {"type": "Polygon", "coordinates": [[[-91.2171, 37.0862], [-91.1097, 37.0841], [-91.1097, 37.0867], [-91.0654, 37.0885], [-91.0667, 37.0938], [-91.036, 37.0937], [-90.9999, 37.1004], [-91.0, 37.0976], [-90.9636, 37.0974], [-90.9645, 37.0536], [-90.7297, 37.0495], [-90.7309, 37.0004], [-90.713, 37.0004], [-90.7134, 36.9711], [-90.6954, 36.9708], [-90.6969, 36.9272], [-90.6786, 36.9273], [-90.6797, 36.8831], [-90.6612, 36.8829], [-90.6626, 36.8115], [-90.8957, 36.8129], [-91.0077, 36.8201], [-91.0079, 36.8243], [-91.0253, 36.8221], [-91.2248, 36.8257], [-91.2171, 37.0862]]]}}, {"type": "Feature", "properties": {"code": "29007", "name": "Audrain", "state": "MO"}, "geometry": {"type": "Polygon", "coordinates": [[[-92.31, 39.3478], [-92.0922, 39.3408], [-91.7225, 39.3393], [-91.718, 39.3391], [-91.7185, 39.3245], [-91.4382, 39.3187], [-91.409, 39.1425], [-91.6296, 39.1479], [-91.634, 39.0591], [-92.1104, 39.0642], [-92.1044, 39.2398], [-92.3145, 39.2465], [-92.31, 39.3478]]]}}, {"type": "Feature", "properties": {"code": "29059", "name": "Dallas", "state": "MO"}, "geometry": {"type": "Polygon", "coordinates": [[[-93.1826, 37.9042], [-92.8554, 37.8957], [-92.8599, 37.7212], [-92.8463, 37.721], [-92.8535, 37.484], [-93.0716, 37.4874], [-93.0734, 37.415], [-93.1825, 37.4172], [-93.1732, 37.7297], [-93.1914, 37.73], [-93.1826, 37.9042]]]}}, {"type": "Feature", "properties": {"code": "29089", "name": "Howard", "state": "MO"}, "geometry": {"type": "Polygon", "coordinates": [[[-92.9416, 39.1259], [-92.9223, 39.1309], [-92.9117, 39.1382], [-92.9061, 39.1476], [-92.9048, 39.1662], [-92.8967, 39.1759], [-92.8752, 39.187], [-92.8591, 39.203], [-92.7904, 39.3436], [-92.4302, 39.2488], [-92.5201, 39.077], [-92.5605, 39.0023], [-92.5652, 38.9986], [-92.5622, 38.9959], [-92.5654, 38.9907], [-92.5637, 38.9866], [-92.5584, 38.9884], [-92.5565, 38.9854], [-92.5702, 38.9797], [-92.5581, 38.9707], [-92.5707, 38.9719], [-92.5978, 38.9677], [-92.6467, 38.9759], [-92.693, 38.976], [-92.7194, 38.9843], [-92.7459, 38.9811], [-92.7831, 38.9716], [-92.8526, 38.9822], [-92.8795, 39.0032], [-92.9025, 39.0111], [-92.9145, 39.0212], [-92.9351, 39.061], [-92.9305, 39.0685], [-92.9108, 39.0798], [-92.9074, 39.0842], [-92.9074, 39.0927], [-92.9118, 39.097], [-92.9275, 39.0979], [-92.9428, 39.1035], [-92.9453, 39.1147], [-92.9416, 39.1259]]]}}, {"type": "Feature", "properties": {"code": "29185", "name": "St. Clair", "state": "MO"}, "geometry": {"type": "Polygon", "coordinates": [[[-94.0499, 38.214], [-93.5573, 38.2011], [-93.5708, 38.2154], [-93.5695, 38.2189], [-93.5609, 38.2208], [-93.5386, 38.2055], [-93.5141, 38.2076], [-93.5117, 38.2065], [-93.5133, 38.1995], [-93.4973, 38.1991], [-93.5121, 37.9135], [-93.5687, 37.9149], [-93.5723, 37.8279], [-93.8117, 37.8348], [-93.8086, 37.8928], [-94.0657, 37.901], [-94.0499, 38.214]]]}}, {"type": "Feature", "properties": {"code": "29093", "name": "Iron", "state": "MO"}, "geometry": {"type": "Polygon", "coordinates": [[[-91.1533, 37.6973], [-91.147, 37.6972], [-91.1465, 37.7408], [-90.9825, 37.7403], [-90.8741, 37.7342], [-90.7621, 37.7385], [-90.6451, 37.7348], [-90.6479, 37.6428], [-90.535, 37.645], [-90.5351, 37.5994], [-90.5474, 37.5984], [-90.5506, 37.2726], [-90.6423, 37.2722], [-90.6618, 37.2748], [-90.7536, 37.2701], [-90.7497, 37.3728], [-90.773, 37.375], [-90.7687, 37.603], [-90.9868, 37.6039], [-91.1007, 37.5878], [-91.1551, 37.5881], [-91.1533, 37.6973]]]}}, {"type": "Feature", "properties": {"code": "29063", "name": "DeKalb", "state": "MO"}, "geometry": {"type": "Polygon", "coordinates": [[[-94.33, 40.0393], [-94.2035, 40.0345], [-94.206, 39.7458], [-94.6023, 39.7472], [-94.6054, 40.0392], [-94.33, 40.0393]]]}}, {"type": "Feature", "properties": {"code": "29203", "name": "Shannon", "state": "MO"}, "geometry": {"type": "Polygon", "coordinates": [[[-91.6533, 37.1922], [-91.6516, 37.2484], [-91.6477, 37.2483], [-91.6466, 37.4227], [-91.1754, 37.4148], [-91.1762, 37.3126], [-91.1584, 37.3129], [-91.1593, 37.255], [-91.1232, 37.2545], [-91.126, 37.1995], [-91.1073, 37.1992], [-91.1072, 37.2032], [-91.0883, 37.2032], [-91.0889, 37.1742], [-91.0706, 37.1776], [-91.071, 37.1627], [-91.0343, 37.1693], [-91.0351, 37.1402], [-91.0172, 37.1435], [-91.0178, 37.0957], [-91.0667, 37.0938], [-91.0654, 37.0885], [-91.1097, 37.0867], [-91.1097, 37.0841], [-91.2171, 37.0862], [-91.2228, 36.8839], [-91.6579, 36.8892], [-91.6533, 37.1922]]]}}, {"type": "Feature", "properties": {"code": "27099", "name": "Mower", "state": "MN"}, "geometry": {"type": "Polygon", "coordinates": [[[-92.6894, 43.8486], [-92.6893, 43.8338], [-92.449, 43.8341], [-92.4489, 43.5004], [-93.0492, 43.4997], [-93.0495, 43.8484], [-92.6894, 43.8486]]]}}, {"type": "Feature", "properties": {"code": "27157", "name": "Wabasha", "state": "MN"}, "geometry": {"type": "Polygon", "coordinates": [[[-92.5507, 44.3685], [-92.4306, 44.3683], [-92.4303, 44.4553], [-92.242, 44.4543], [-92.2325, 44.4454], [-92.2152, 44.4385], [-92.1245, 44.4221], [-92.1111, 44.4139], [-92.0786, 44.4049], [-92.0565, 44.4027], [-92.0381, 44.3887], [-92.0062, 44.3788], [-91.9873, 44.3691], [-91.9703, 44.3658], [-91.9595, 44.3594], [-91.9413, 44.341], [-91.9256, 44.3335], [-91.9186, 44.3227], [-91.9136, 44.3104], [-91.9241, 44.2971], [-91.9246, 44.2918], [-91.9203, 44.2865], [-91.9058, 44.2816], [-91.8964, 44.2747], [-91.896, 44.2629], [-91.887, 44.2518], [-91.8927, 44.2311], [-91.8774, 44.2129], [-91.8752, 44.2006], [-91.8584, 44.193], [-92.0791, 44.193], [-92.0795, 44.1067], [-92.319, 44.1077], [-92.319, 44.1941], [-92.5509, 44.1949], [-92.5507, 44.3685]]]}}, {"type": "Feature", "properties": {"code": "27135", "name": "Roseau", "state": "MN"}, "geometry": {"type": "Polygon", "coordinates": [[[-95.3199, 48.9988], [-95.3177, 48.9962], [-95.3268, 48.9821], [-95.3255, 48.9699], [-95.3197, 48.9636], [-95.3212, 48.9599], [-95.3177, 48.9524], [-95.3059, 48.9496], [-95.3047, 48.946], [-95.3112, 48.9489], [-95.3071, 48.9464], [-95.3154, 48.946], [-95.3229, 48.9402], [-95.3187, 48.9283], [-95.3109, 48.9183], [-95.2964, 48.9083], [-95.301, 48.9042], [-95.2749, 48.8956], [-95.2746, 48.893], [-95.2549, 48.8845], [-95.2265, 48.8817], [-95.1484, 48.8923], [-95.1164, 48.9036], [-95.0915, 48.9206], [-95.0899, 48.7131], [-95.3427, 48.713], [-95.3425, 48.5402], [-95.5867, 48.5385], [-96.3878, 48.5443], [-96.3875, 48.7171], [-96.4049, 48.7171], [-96.4054, 49.0], [-95.3199, 48.9988]]]}}, {"type": "Feature", "properties": {"code": "29021", "name": "Buchanan", "state": "MO"}, "geometry": {"type": "Polygon", "coordinates": [[[-95.1075, 39.5738], [-95.0991, 39.5797], [-95.0895, 39.581], [-95.0693, 39.5762], [-95.0548, 39.5825], [-95.0464, 39.5996], [-95.0552, 39.6217], [-95.0495, 39.6379], [-95.0276, 39.6655], [-95.0183, 39.6729], [-94.9841, 39.6779], [-94.9713, 39.6864], [-94.9685, 39.7074], [-94.9712, 39.7293], [-94.9601, 39.7431], [-94.9526, 39.746], [-94.9447, 39.7444], [-94.9183, 39.7288], [-94.9026, 39.7242], [-94.8841, 39.7268], [-94.8701, 39.7346], [-94.8629, 39.743], [-94.8594, 39.7537], [-94.8607, 39.7631], [-94.8671, 39.7717], [-94.8815, 39.7713], [-94.8992, 39.7613], [-94.9123, 39.7593], [-94.9297, 39.7691], [-94.9358, 39.7789], [-94.9327, 39.7863], [-94.9256, 39.7898], [-94.893, 39.7911], [-94.8841, 39.7942], [-94.8763, 39.8069], [-94.8766, 39.8209], [-94.6028, 39.8199], [-94.6012, 39.5302], [-95.1014, 39.5333], [-95.1093, 39.5423], [-95.1131, 39.5591], [-95.1075, 39.5738]]]}}, {"type": "Feature", "properties": {"code": "27041", "name": "Douglas", "state": "MN"}, "geometry": {"type": "Polygon", "coordinates": [[[-95.7697, 46.1075], [-95.1459, 46.1068], [-95.1463, 45.9328], [-95.1388, 45.9327], [-95.1386, 45.9257], [-95.1397, 45.7589], [-95.7585, 45.7599], [-95.7587, 45.9337], [-95.7696, 45.9337], [-95.7697, 46.1075]]]}}, {"type": "Feature", "properties": {"code": "27057", "name": "Hubbard", "state": "MN"}, "geometry": {"type": "Polygon", "coordinates": [[[-94.6702, 47.4102], [-94.6715, 47.3228], [-94.6636, 47.3227], [-94.6636, 46.9769], [-94.6584, 46.9769], [-94.6599, 46.8037], [-95.163, 46.8047], [-95.1623, 46.9782], [-95.1703, 46.9782], [-95.1696, 47.3254], [-95.1827, 47.3255], [-95.1832, 47.4128], [-94.6702, 47.4102]]]}}, {"type": "Feature", "properties": {"code": "27029", "name": "Clearwater", "state": "MN"}, "geometry": {"type": "Polygon", "coordinates": [[[-95.2291, 48.0201], [-95.248, 48.0031], [-95.2649, 47.974], [-95.2725, 47.9596], [-95.2782, 47.9304], [-95.2734, 47.9102], [-95.2551, 47.8879], [-95.2233, 47.8764], [-95.1937, 47.8722], [-95.1943, 47.6734], [-95.185, 47.6733], [-95.1827, 47.3255], [-95.1696, 47.3254], [-95.1692, 47.1525], [-95.5512, 47.1515], [-95.5534, 47.6736], [-95.5788, 47.6737], [-95.5829, 48.0207], [-95.2291, 48.0201]]]}}, {"type": "Feature", "properties": {"code": "27159", "name": "Wadena", "state": "MN"}, "geometry": {"type": "Polygon", "coordinates": [[[-95.163, 46.8047], [-94.7871, 46.8039], [-94.7859, 46.6302], [-94.7805, 46.6297], [-94.7791, 46.3942], [-94.7726, 46.392], [-94.7715, 46.3962], [-94.7649, 46.3957], [-94.7626, 46.3938], [-94.7654, 46.3902], [-94.7597, 46.3877], [-94.76, 46.3831], [-94.755, 46.3845], [-94.7518, 46.3791], [-94.7462, 46.3847], [-94.7411, 46.38], [-94.732, 46.384], [-94.7282, 46.3812], [-94.7314, 46.3686], [-95.1556, 46.3689], [-95.1555, 46.6299], [-95.1634, 46.6299], [-95.163, 46.8047]]]}}, {"type": "Feature", "properties": {"code": "29209", "name": "Stone", "state": "MO"}, "geometry": {"type": "Polygon", "coordinates": [[[-93.6101, 36.9958], [-93.3375, 36.9925], [-93.342, 36.8173], [-93.3044, 36.8169], [-93.3096, 36.73], [-93.3153, 36.4984], [-93.5843, 36.4989], [-93.5738, 36.82], [-93.6129, 36.8206], [-93.6101, 36.9958]]]}}, {"type": "Feature", "properties": {"code": "29127", "name": "Marion", "state": "MO"}, "geometry": {"type": "Polygon", "coordinates": [[[-91.8404, 39.9482], [-91.4355, 39.9453], [-91.4218, 39.933], [-91.4188, 39.9221], [-91.4209, 39.9149], [-91.4435, 39.8936], [-91.4469, 39.883], [-91.4464, 39.8704], [-91.4361, 39.8455], [-91.4295, 39.8378], [-91.378, 39.8113], [-91.368, 39.8004], [-91.3616, 39.7875], [-91.3657, 39.7749], [-91.3651, 39.7587], [-91.37, 39.745], [-91.37, 39.7325], [-91.3453, 39.7094], [-91.3067, 39.6849], [-91.7155, 39.6865], [-91.7142, 39.6575], [-91.8467, 39.6585], [-91.8404, 39.9482]]]}}, {"type": "Feature", "properties": {"code": "27143", "name": "Sibley", "state": "MN"}, "geometry": {"type": "Polygon", "coordinates": [[[-94.4981, 44.7172], [-94.4978, 44.6299], [-94.2547, 44.6303], [-94.2541, 44.7179], [-93.8886, 44.717], [-93.8888, 44.6734], [-93.7682, 44.6735], [-93.768, 44.6404], [-93.7725, 44.6388], [-93.7668, 44.6383], [-93.7637, 44.6341], [-93.7725, 44.6303], [-93.7742, 44.6378], [-93.7909, 44.6286], [-93.799, 44.6349], [-93.8147, 44.6333], [-93.8365, 44.6185], [-93.8444, 44.6257], [-93.8454, 44.6224], [-93.8412, 44.6186], [-93.8485, 44.6218], [-93.8584, 44.6208], [-93.8541, 44.6171], [-93.8613, 44.6054], [-93.8689, 44.6024], [-93.8726, 44.6062], [-93.8779, 44.6057], [-93.8762, 44.6014], [-93.8823, 44.6003], [-93.8824, 44.5962], [-93.8915, 44.596], [-93.9028, 44.5871], [-93.8927, 44.585], [-93.8951, 44.5745], [-93.9014, 44.5709], [-93.8911, 44.5666], [-93.8979, 44.5621], [-93.9003, 44.5554], [-93.8935, 44.5537], [-93.8911, 44.5489], [-93.8926, 44.5456], [-93.8986, 44.5447], [-93.9004, 44.552], [-93.9067, 44.5511], [-93.9114, 44.5456], [-93.9122, 44.5381], [-93.9028, 44.5382], [-93.901, 44.5295], [-93.8882, 44.5265], [-93.8854, 44.5189], [-93.8873, 44.5044], [-93.8908, 44.5038], [-93.8899, 44.4982], [-93.8928, 44.4936], [-93.904, 44.4875], [-93.9083, 44.4721], [-93.9203, 44.4744], [-93.927, 44.4699], [-93.9211, 44.4674], [-93.9177, 44.4611], [-93.933, 44.4567], [-94.6242, 44.456], [-94.6243, 44.5423], [-94.6293, 44.5423], [-94.6295, 44.7167], [-94.4981, 44.7172]]]}}, {"type": "Feature", "properties": {"code": "29179", "name": "Reynolds", "state": "MO"}, "geometry": {"type": "Polygon", "coordinates": [[[-91.3125, 37.5928], [-91.1007, 37.5878], [-90.9868, 37.6039], [-90.7687, 37.603], [-90.7729, 37.3737], [-90.7497, 37.3728], [-90.7536, 37.2701], [-90.7355, 37.271], [-90.7344, 37.2271], [-90.7371, 37.1664], [-90.7559, 37.1667], [-90.7568, 37.1377], [-90.779, 37.1376], [-90.7796, 37.0503], [-90.9645, 37.0536], [-90.9636, 37.0974], [-91.0, 37.0976], [-90.9999, 37.1004], [-91.0178, 37.0957], [-91.0172, 37.1435], [-91.0351, 37.1402], [-91.0343, 37.1693], [-91.071, 37.1627], [-91.0706, 37.1776], [-91.0889, 37.1742], [-91.0883, 37.2032], [-91.1072, 37.2032], [-91.1073, 37.1992], [-91.126, 37.1995], [-91.1232, 37.2545], [-91.1593, 37.255], [-91.1584, 37.3129], [-91.1762, 37.3126], [-91.1754, 37.4148], [-91.2119, 37.4153], [-91.211, 37.5019], [-91.3142, 37.5051], [-91.3125, 37.5928]]]}}, {"type": "Feature", "properties": {"code": "29151", "name": "Osage", "state": "MO"}, "geometry": {"type": "Polygon", "coordinates": [[[-92.1932, 38.3708], [-92.1807, 38.3784], [-92.1606, 38.377], [-92.1353, 38.3838], [-92.1218, 38.3913], [-92.115, 38.4019], [-92.1213, 38.4171], [-92.1493, 38.4312], [-92.1577, 38.439], [-92.1689, 38.4668], [-92.1674, 38.4697], [-92.161, 38.4733], [-92.1473, 38.4741], [-92.1276, 38.4609], [-92.1104, 38.4574], [-92.0737, 38.4667], [-92.0435, 38.4665], [-92.0206, 38.4763], [-92.0105, 38.4875], [-92.0083, 38.4971], [-92.0271, 38.5287], [-92.0289, 38.5381], [-92.0249, 38.5536], [-92.0189, 38.559], [-92.0035, 38.5603], [-92.009, 38.5709], [-91.982, 38.5876], [-91.9439, 38.5971], [-91.8937, 38.6341], [-91.8774, 38.6577], [-91.8606, 38.6682], [-91.8144, 38.6818], [-91.7597, 38.6852], [-91.7323, 38.7059], [-91.702, 38.7078], [-91.6655, 38.702], [-91.6404, 38.7038], [-91.6447, 38.2885], [-91.7573, 38.2887], [-91.7753, 38.292], [-91.8631, 38.2936], [-91.884, 38.2899], [-92.0121, 38.2882], [-92.1957, 38.2922], [-92.1932, 38.3708]]]}}, {"type": "Feature", "properties": {"code": "27067", "name": "Kandiyohi", "state": "MN"}, "geometry": {"type": "Polygon", "coordinates": [[[-95.2553, 45.4127], [-94.7629, 45.4129], [-94.7635, 45.2391], [-94.7575, 45.2391], [-94.7581, 44.8921], [-95.2485, 44.8913], [-95.2478, 45.0125], [-95.2476, 45.019], [-95.2438, 45.0188], [-95.2475, 45.0213], [-95.2464, 45.2387], [-95.2552, 45.2387], [-95.2553, 45.4127]]]}}, {"type": "Feature", "properties": {"code": "27085", "name": "McLeod", "state": "MN"}, "geometry": {"type": "Polygon", "coordinates": [[[-94.5019, 44.9798], [-94.0122, 44.9787], [-94.0105, 44.7175], [-94.2541, 44.7179], [-94.2547, 44.6303], [-94.4978, 44.6299], [-94.4977, 44.8923], [-94.5024, 44.8923], [-94.5019, 44.9798]]]}}, {"type": "Feature", "properties": {"code": "17033", "name": "Crawford", "state": "IL"}, "geometry": {"type": "Polygon", "coordinates": [[[-87.7462, 39.1792], [-87.7471, 39.1724], [-87.6569, 39.1722], [-87.657, 39.1579], [-87.6294, 39.1575], [-87.6287, 39.1539], [-87.6316, 39.153], [-87.6422, 39.1571], [-87.6517, 39.1506], [-87.6582, 39.1384], [-87.6552, 39.1323], [-87.6431, 39.1286], [-87.6422, 39.1232], [-87.6351, 39.1223], [-87.6416, 39.1145], [-87.651, 39.1164], [-87.655, 39.1109], [-87.6528, 39.1068], [-87.6149, 39.1027], [-87.6155, 39.0958], [-87.621, 39.0881], [-87.616, 39.0826], [-87.5956, 39.079], [-87.5726, 39.0573], [-87.5726, 39.0501], [-87.5803, 39.0394], [-87.575, 39.0341], [-87.5697, 39.0194], [-87.5787, 38.9995], [-87.5604, 38.9924], [-87.5652, 38.9888], [-87.577, 38.9913], [-87.5765, 38.9867], [-87.5295, 38.9719], [-87.525, 38.9638], [-87.5122, 38.9544], [-87.5219, 38.9401], [-87.5166, 38.933], [-87.5188, 38.9232], [-87.5277, 38.9184], [-87.5273, 38.9072], [-87.5167, 38.9041], [-87.5337, 38.901], [-87.5366, 38.8956], [-87.5357, 38.8872], [-87.5391, 38.8961], [-87.5441, 38.8951], [-87.5443, 38.889], [-87.5383, 38.8858], [-87.5349, 38.8789], [-87.5474, 38.8756], [-87.5432, 38.8642], [-87.5534, 38.8624], [-87.5321, 38.8525], [-87.787, 38.8489], [-87.9459, 38.8501], [-87.9468, 39.0839], [-87.9504, 39.1749], [-87.7462, 39.1792]]]}}, {"type": "Feature", "properties": {"code": "19113", "name": "Linn", "state": "IA"}, "geometry": {"type": "Polygon", "coordinates": [[[-91.8311, 42.2991], [-91.3633, 42.2964], [-91.3662, 41.8601], [-91.8314, 41.8619], [-91.8348, 42.0825], [-91.8311, 42.2991]]]}}, {"type": "Feature", "properties": {"code": "19087", "name": "Henry", "state": "IA"}, "geometry": {"type": "Polygon", "coordinates": [[[-91.716, 41.1628], [-91.3703, 41.1612], [-91.3721, 40.8126], [-91.7188, 40.8135], [-91.716, 41.1628]]]}}, {"type": "Feature", "properties": {"code": "55009", "name": "Brown", "state": "WI"}, "geometry": {"type": "MultiPolygon", "coordinates": [[[[-87.9813, 44.597], [-87.9791, 44.587], [-87.9813, 44.5867], [-87.9893, 44.6046], [-87.9813, 44.597]]], [[[-87.9879, 44.6776], [-87.9802, 44.654], [-87.9914, 44.6736], [-87.9916, 44.6772], [-87.9879, 44.6776]]], [[[-88.0034, 44.6171], [-87.9915, 44.6049], [-88.0006, 44.6107], [-88.0055, 44.6165], [-88.0034, 44.6171]]], [[[-88.231, 44.6796], [-88.2312, 44.6724], [-88.1312, 44.6769], [-87.9936, 44.6772], [-88.0021, 44.664], [-88.0043, 44.6459], [-88.0119, 44.6431], [-88.0151, 44.6349], [-88.0101, 44.6359], [-88.0089, 44.6319], [-88.0138, 44.6221], [-88.0149, 44.5855], [-88.0207, 44.5844], [-88.0205, 44.5804], [-88.0241, 44.5783], [-88.0381, 44.5761], [-88.0498, 44.5648], [-88.0409, 44.5594], [-88.033, 44.5589], [-88.0024, 44.5387], [-87.9551, 44.5289], [-87.9438, 44.5297], [-87.929, 44.536], [-87.8989, 44.5741], [-87.9035, 44.5778], [-87.9129, 44.578], [-87.8917, 44.589], [-87.8817, 44.5978], [-87.8804, 44.6033], [-87.8669, 44.6084], [-87.864, 44.6155], [-87.8566, 44.6197], [-87.8407, 44.6187], [-87.8088, 44.6363], [-87.7751, 44.6393], [-87.7624, 44.6445], [-87.766, 44.3272], [-87.8875, 44.3276], [-87.8881, 44.2405], [-88.1926, 44.2419], [-88.1901, 44.5852], [-88.2452, 44.5847], [-88.2428, 44.6608], [-88.2524, 44.6602], [-88.2526, 44.6798], [-88.231, 44.6796]]]]}}, {"type": "Feature", "properties": {"code": "19197", "name": "Wright", "state": "IA"}, "geometry": {"type": "Polygon", "coordinates": [[[-93.9712, 42.9078], [-93.4986, 42.9085], [-93.4995, 42.5577], [-93.9716, 42.5581], [-93.9712, 42.9078]]]}}, {"type": "Feature", "properties": {"code": "19187", "name": "Webster", "state": "IA"}, "geometry": {"type": "Polygon", "coordinates": [[[-94.4431, 42.6452], [-93.9717, 42.6447], [-93.9716, 42.4721], [-93.9317, 42.472], [-93.9316, 42.2099], [-94.3976, 42.2091], [-94.3977, 42.4733], [-94.443, 42.4734], [-94.4431, 42.6452]]]}}, {"type": "Feature", "properties": {"code": "19125", "name": "Marion", "state": "IA"}, "geometry": {"type": "Polygon", "coordinates": [[[-92.8714, 41.5085], [-92.8698, 41.1611], [-93.3279, 41.1607], [-93.3286, 41.5078], [-92.8714, 41.5085]]]}}, {"type": "Feature", "properties": {"code": "19083", "name": "Hardin", "state": "IA"}, "geometry": {"type": "Polygon", "coordinates": [[[-93.027, 42.5568], [-93.0271, 42.4708], [-93.0029, 42.4706], [-93.0017, 42.2093], [-93.463, 42.2093], [-93.4626, 42.4708], [-93.4991, 42.471], [-93.4995, 42.5577], [-93.027, 42.5568]]]}}, {"type": "Feature", "properties": {"code": "19135", "name": "Monroe", "state": "IA"}, "geometry": {"type": "Polygon", "coordinates": [[[-92.6404, 41.1614], [-92.6391, 40.8989], [-93.0976, 40.8985], [-93.0992, 41.1609], [-92.6404, 41.1614]]]}}, {"type": "Feature", "properties": {"code": "29073", "name": "Gasconade", "state": "MO"}, "geometry": {"type": "Polygon", "coordinates": [[[-91.6404, 38.7038], [-91.6197, 38.6985], [-91.5877, 38.6822], [-91.5522, 38.6763], [-91.5026, 38.695], [-91.5011, 38.7047], [-91.4878, 38.7131], [-91.4723, 38.7076], [-91.4531, 38.7093], [-91.4576, 38.7063], [-91.4387, 38.7094], [-91.3973, 38.7084], [-91.3692, 38.6993], [-91.3654, 38.3315], [-91.3675, 38.2097], [-91.5353, 38.2109], [-91.5344, 38.1526], [-91.6448, 38.1555], [-91.6404, 38.7038]]]}}, {"type": "Feature", "properties": {"code": "17137", "name": "Morgan", "state": "IL"}, "geometry": {"type": "Polygon", "coordinates": [[[-90.5659, 39.8307], [-90.5824, 39.8546], [-90.5861, 39.8714], [-90.5835, 39.8768], [-89.9944, 39.8729], [-89.9935, 39.7854], [-89.9856, 39.7854], [-89.9847, 39.7181], [-89.924, 39.5584], [-89.926, 39.5221], [-90.3018, 39.5203], [-90.3007, 39.6365], [-90.3381, 39.6366], [-90.3378, 39.6656], [-90.373, 39.6658], [-90.3713, 39.7531], [-90.4833, 39.7534], [-90.4831, 39.7892], [-90.5991, 39.7901], [-90.5659, 39.8307]]]}}, {"type": "Feature", "properties": {"code": "55139", "name": "Winnebago", "state": "WI"}, "geometry": {"type": "Polygon", "coordinates": [[[-88.4041, 44.2441], [-88.4032, 43.893], [-88.8857, 43.8952], [-88.8867, 44.2426], [-88.4041, 44.2441]]]}}, {"type": "Feature", "properties": {"code": "27095", "name": "Mille Lacs", "state": "MN"}, "geometry": {"type": "Polygon", "coordinates": [[[-93.4306, 46.2464], [-93.4325, 45.9815], [-93.5181, 45.9817], [-93.5107, 45.5588], [-93.7594, 45.5596], [-93.7618, 45.7653], [-93.7686, 45.9104], [-93.7689, 45.9825], [-93.8103, 45.9831], [-93.8109, 46.2431], [-93.4306, 46.2464]]]}}, {"type": "Feature", "properties": {"code": "17067", "name": "Hancock", "state": "IL"}, "geometry": {"type": "Polygon", "coordinates": [[[-91.5043, 40.2243], [-91.5058, 40.2388], [-91.4905, 40.2595], [-91.4927, 40.2782], [-91.4718, 40.3173], [-91.4621, 40.3424], [-91.4448, 40.3632], [-91.4266, 40.372], [-91.4157, 40.3814], [-91.3884, 40.3849], [-91.3757, 40.3919], [-91.3724, 40.4115], [-91.381, 40.4354], [-91.3815, 40.446], [-91.3649, 40.4842], [-91.3642, 40.5], [-91.3691, 40.5125], [-91.3819, 40.5282], [-91.4041, 40.5391], [-91.4069, 40.5476], [-91.4015, 40.5595], [-91.3798, 40.5745], [-91.354, 40.6066], [-91.3065, 40.6262], [-91.2479, 40.6384], [-91.0222, 40.635], [-90.9042, 40.6392], [-90.912, 40.1931], [-91.505, 40.1999], [-91.5069, 40.2156], [-91.5043, 40.2243]]]}}, {"type": "Feature", "properties": {"code": "19089", "name": "Howard", "state": "IA"}, "geometry": {"type": "Polygon", "coordinates": [[[-92.5531, 43.5002], [-92.0798, 43.5007], [-92.081, 43.2129], [-92.5544, 43.2128], [-92.5531, 43.5002]]]}}, {"type": "Feature", "properties": {"code": "17063", "name": "Grundy", "state": "IL"}, "geometry": {"type": "Polygon", "coordinates": [[[-88.2522, 41.4631], [-88.2409, 41.1144], [-88.5862, 41.1083], [-88.5885, 41.268], [-88.596, 41.4571], [-88.2522, 41.4631]]]}}, {"type": "Feature", "properties": {"code": "27011", "name": "Big Stone", "state": "MN"}, "geometry": {"type": "Polygon", "coordinates": [[[-96.2414, 45.5856], [-96.2413, 45.4127], [-96.1171, 45.412], [-96.1177, 45.2398], [-96.1037, 45.2398], [-96.1038, 45.1767], [-96.1076, 45.1832], [-96.1321, 45.1919], [-96.1724, 45.1927], [-96.2074, 45.2071], [-96.2111, 45.2132], [-96.2239, 45.2208], [-96.2428, 45.2178], [-96.2519, 45.2183], [-96.2582, 45.2235], [-96.2745, 45.2227], [-96.2811, 45.2308], [-96.2803, 45.2359], [-96.2884, 45.2375], [-96.2834, 45.2469], [-96.2924, 45.2493], [-96.3074, 45.25], [-96.308, 45.2474], [-96.3134, 45.2474], [-96.3124, 45.2518], [-96.3277, 45.2501], [-96.3379, 45.256], [-96.3686, 45.2576], [-96.3743, 45.2607], [-96.407, 45.2565], [-96.4191, 45.2678], [-96.4529, 45.2689], [-96.4541, 45.3015], [-96.468, 45.3186], [-96.4891, 45.3571], [-96.5218, 45.3756], [-96.5621, 45.3861], [-96.6177, 45.4081], [-96.6805, 45.4105], [-96.6925, 45.4173], [-96.7327, 45.4587], [-96.7455, 45.4887], [-96.7653, 45.5214], [-96.7938, 45.5507], [-96.8355, 45.5861], [-96.2414, 45.5856]]]}}, {"type": "Feature", "properties": {"code": "27133", "name": "Rock", "state": "MN"}, "geometry": {"type": "Polygon", "coordinates": [[[-96.4533, 43.8495], [-96.0523, 43.8491], [-96.0532, 43.5001], [-96.4533, 43.5004], [-96.4533, 43.8495]]]}}, {"type": "Feature", "properties": {"code": "17117", "name": "Macoupin", "state": "IL"}, "geometry": {"type": "Polygon", "coordinates": [[[-89.7017, 39.5233], [-89.6993, 39.348], [-89.7037, 39.348], [-89.6986, 38.999], [-90.146, 38.9993], [-90.1463, 39.1743], [-90.1538, 39.5203], [-89.7017, 39.5233]]]}}, {"type": "Feature", "properties": {"code": "29186", "name": "Ste. Genevieve", "state": "MO"}, "geometry": {"type": "Polygon", "coordinates": [[[-90.3229, 37.9817], [-90.416, 38.0423], [-90.3294, 38.0944], [-90.3213, 38.0949], [-90.296, 38.088], [-90.2879, 38.0918], [-90.2803, 38.0988], [-90.2817, 38.1034], [-90.2794, 38.1048], [-90.2621, 38.1079], [-90.256, 38.1169], [-90.2499, 38.1146], [-90.256, 38.1262], [-90.2527, 38.1278], [-90.2431, 38.1127], [-90.2187, 38.0944], [-90.1772, 38.0712], [-90.1722, 38.0696], [-90.1579, 38.0748], [-90.1308, 38.0623], [-90.1264, 38.0549], [-90.1262, 38.0407], [-90.1174, 38.0317], [-90.0883, 38.0158], [-90.065, 38.0169], [-90.0573, 38.0144], [-90.0524, 38.0062], [-90.0317, 37.995], [-90.0001, 37.9646], [-89.9789, 37.9628], [-89.9408, 37.971], [-89.9359, 37.9596], [-89.9251, 37.96], [-89.9254, 37.9541], [-89.9325, 37.9475], [-89.9474, 37.9403], [-89.9596, 37.9402], [-89.9623, 37.9344], [-89.9749, 37.9267], [-89.9736, 37.9177], [-89.9525, 37.8832], [-89.9386, 37.8743], [-89.9999, 37.8215], [-90.1105, 37.6713], [-90.1542, 37.6998], [-90.2002, 37.6696], [-90.3483, 37.7935], [-90.4591, 37.8789], [-90.3229, 37.9817]]]}}, {"type": "Feature", "properties": {"code": "17157", "name": "Randolph", "state": "IL"}, "geometry": {"type": "Polygon", "coordinates": [[[-90.036, 38.1357], [-90.0363, 38.2232], [-89.5928, 38.2193], [-89.5951, 37.9553], [-89.6563, 37.8587], [-89.6644, 37.8293], [-89.6807, 37.8227], [-89.6744, 37.803], [-89.7175, 37.8257], [-89.7399, 37.8469], [-89.7541, 37.8464], [-89.782, 37.8551], [-89.7864, 37.8517], [-89.7961, 37.8595], [-89.8004, 37.8686], [-89.7977, 37.8742], [-89.7993, 37.8815], [-89.8426, 37.9052], [-89.851, 37.904], [-89.8629, 37.8969], [-89.8815, 37.8796], [-89.9018, 37.8698], [-89.9232, 37.8707], [-89.9506, 37.8815], [-89.9736, 37.9177], [-89.9749, 37.9267], [-89.9623, 37.9344], [-89.9596, 37.9402], [-89.9474, 37.9403], [-89.9325, 37.9475], [-89.9254, 37.9541], [-89.9251, 37.96], [-89.9359, 37.9596], [-89.9408, 37.971], [-89.9789, 37.9628], [-90.0001, 37.9646], [-90.0317, 37.995], [-90.0524, 38.0062], [-90.0573, 38.0144], [-90.065, 38.0169], [-90.0883, 38.0158], [-90.1174, 38.0317], [-90.1262, 38.0407], [-90.1264, 38.0549], [-90.1308, 38.0623], [-90.1579, 38.0748], [-90.1722, 38.0696], [-90.1772, 38.0712], [-90.2053, 38.0867], [-90.036, 38.1357]]]}}, {"type": "Feature", "properties": {"code": "19131", "name": "Mitchell", "state": "IA"}, "geometry": {"type": "Polygon", "coordinates": [[[-92.5531, 43.5002], [-92.5544, 43.2128], [-93.0241, 43.2128], [-93.0243, 43.4997], [-92.5531, 43.5002]]]}}, {"type": "Feature", "properties": {"code": "19159", "name": "Ringgold", "state": "IA"}, "geometry": {"type": "Polygon", "coordinates": [[[-94.4708, 40.8995], [-94.0148, 40.897], [-94.0155, 40.5739], [-94.4712, 40.5708], [-94.4708, 40.8995]]]}}, {"type": "Feature", "properties": {"code": "27047", "name": "Freeborn", "state": "MN"}, "geometry": {"type": "Polygon", "coordinates": [[[-93.6483, 43.8481], [-93.0495, 43.8484], [-93.0492, 43.4997], [-93.6485, 43.4997], [-93.6483, 43.8481]]]}}, {"type": "Feature", "properties": {"code": "27049", "name": "Goodhue", "state": "MN"}, "geometry": {"type": "Polygon", "coordinates": [[[-93.0393, 44.5155], [-92.9819, 44.5187], [-92.9732, 44.5147], [-92.9568, 44.5146], [-92.9564, 44.5086], [-92.9527, 44.507], [-92.9465, 44.5126], [-92.9381, 44.5114], [-92.9191, 44.5176], [-92.919, 44.5433], [-92.7926, 44.543], [-92.7926, 44.6297], [-92.732, 44.6295], [-92.732, 44.7137], [-92.7009, 44.6938], [-92.661, 44.6609], [-92.6321, 44.649], [-92.6198, 44.6342], [-92.6233, 44.6207], [-92.6215, 44.615], [-92.6146, 44.6117], [-92.6015, 44.6121], [-92.5862, 44.6001], [-92.5771, 44.6051], [-92.5694, 44.6035], [-92.5498, 44.5811], [-92.5515, 44.5716], [-92.5481, 44.5678], [-92.5406, 44.5673], [-92.5184, 44.5752], [-92.4938, 44.5661], [-92.481, 44.5683], [-92.4589, 44.5627], [-92.4373, 44.5528], [-92.4264, 44.5588], [-92.4151, 44.5604], [-92.3615, 44.5589], [-92.329, 44.5509], [-92.3141, 44.538], [-92.303, 44.5186], [-92.3022, 44.5003], [-92.291, 44.4855], [-92.2768, 44.4736], [-92.242, 44.4543], [-92.4303, 44.4553], [-92.4306, 44.3683], [-92.5507, 44.3685], [-92.5509, 44.1949], [-93.0412, 44.1967], [-93.0393, 44.5155]]]}}, {"type": "Feature", "properties": {"code": "55089", "name": "Ozaukee", "state": "WI"}, "geometry": {"type": "Polygon", "coordinates": [[[-88.0624, 43.3673], [-88.04, 43.3679], [-88.0405, 43.5424], [-87.7919, 43.543], [-87.7941, 43.5247], [-87.7917, 43.4922], [-87.8125, 43.4504], [-87.8696, 43.3872], [-87.8824, 43.3521], [-87.8892, 43.3077], [-87.9018, 43.2841], [-87.9118, 43.2504], [-87.9101, 43.2359], [-87.8967, 43.2143], [-87.8963, 43.1971], [-87.8921, 43.192], [-88.0634, 43.1921], [-88.0624, 43.3673]]]}}, {"type": "Feature", "properties": {"code": "27155", "name": "Traverse", "state": "MN"}, "geometry": {"type": "Polygon", "coordinates": [[[-96.8442, 45.6396], [-96.8358, 45.6496], [-96.7609, 45.6875], [-96.7451, 45.7016], [-96.6626, 45.7387], [-96.6419, 45.7599], [-96.6387, 45.7702], [-96.6278, 45.7862], [-96.6125, 45.7944], [-96.5967, 45.8118], [-96.5831, 45.82], [-96.5745, 45.8431], [-96.5747, 45.8668], [-96.5714, 45.8867], [-96.5688, 45.8881], [-96.5683, 45.9029], [-96.5644, 45.9094], [-96.5702, 45.912], [-96.5689, 45.9171], [-96.564, 45.9196], [-96.5613, 45.9457], [-96.5703, 45.9636], [-96.5766, 46.0218], [-96.2661, 46.0216], [-96.2662, 45.9347], [-96.2537, 45.9346], [-96.253, 45.5855], [-96.8355, 45.5861], [-96.8578, 45.606], [-96.8442, 45.6396]]]}}, {"type": "Feature", "properties": {"code": "27081", "name": "Lincoln", "state": "MN"}, "geometry": {"type": "Polygon", "coordinates": [[[-96.4518, 44.6313], [-96.0929, 44.6305], [-96.0932, 44.5437], [-96.0803, 44.5434], [-96.0786, 44.1966], [-96.4528, 44.1969], [-96.4518, 44.6313]]]}}, {"type": "Feature", "properties": {"code": "55071", "name": "Manitowoc", "state": "WI"}, "geometry": {"type": "Polygon", "coordinates": [[[-88.0432, 44.241], [-87.8881, 44.2405], [-87.8875, 44.3276], [-87.543, 44.3275], [-87.5447, 44.3069], [-87.5412, 44.2931], [-87.5218, 44.26], [-87.5084, 44.2297], [-87.5074, 44.2108], [-87.5129, 44.1928], [-87.5197, 44.1799], [-87.5399, 44.1597], [-87.5632, 44.1442], [-87.6211, 44.1219], [-87.6481, 44.1037], [-87.6518, 44.0924], [-87.6501, 44.0882], [-87.6552, 44.0819], [-87.6535, 44.0672], [-87.6561, 44.0518], [-87.6713, 44.0374], [-87.6834, 44.0201], [-87.6955, 43.9896], [-87.6989, 43.9659], [-87.719, 43.9378], [-87.7313, 43.8922], [-88.0418, 43.8917], [-88.0432, 44.241]]]}}, {"type": "Feature", "properties": {"code": "29129", "name": "Mercer", "state": "MO"}, "geometry": {"type": "Polygon", "coordinates": [[[-93.7743, 40.5776], [-93.3744, 40.5803], [-93.3748, 40.4726], [-93.367, 40.4718], [-93.3672, 40.2663], [-93.7633, 40.264], [-93.7648, 40.4725], [-93.7745, 40.4724], [-93.7743, 40.5776]]]}}, {"type": "Feature", "properties": {"code": "19037", "name": "Chickasaw", "state": "IA"}, "geometry": {"type": "Polygon", "coordinates": [[[-92.5544, 43.2128], [-92.081, 43.2129], [-92.0816, 42.907], [-92.5542, 42.9071], [-92.5544, 43.2128]]]}}, {"type": "Feature", "properties": {"code": "19095", "name": "Iowa", "state": "IA"}, "geometry": {"type": "Polygon", "coordinates": [[[-92.2982, 41.8628], [-91.8314, 41.8619], [-91.8342, 41.6867], [-91.8331, 41.6004], [-91.8271, 41.6005], [-91.8292, 41.5115], [-92.2975, 41.5098], [-92.2999, 41.6951], [-92.2982, 41.8628]]]}}, {"type": "Feature", "properties": {"code": "19073", "name": "Greene", "state": "IA"}, "geometry": {"type": "Polygon", "coordinates": [[[-94.6286, 42.2096], [-94.1647, 42.2099], [-94.1644, 41.8632], [-94.6287, 41.8628], [-94.6286, 42.2096]]]}}, {"type": "Feature", "properties": {"code": "19121", "name": "Madison", "state": "IA"}, "geometry": {"type": "Polygon", "coordinates": [[[-94.2416, 41.5037], [-93.8971, 41.5031], [-93.7906, 41.5119], [-93.7892, 41.162], [-93.8988, 41.1566], [-94.2416, 41.1571], [-94.2416, 41.5037]]]}}, {"type": "Feature", "properties": {"code": "29017", "name": "Bollinger", "state": "MO"}, "geometry": {"type": "Polygon", "coordinates": [[[-90.2177, 37.315], [-90.1457, 37.3121], [-90.1442, 37.4901], [-90.1385, 37.5412], [-90.1468, 37.5974], [-89.8611, 37.5993], [-89.8626, 37.2488], [-89.8633, 37.219], [-89.8668, 37.219], [-89.8666, 37.1262], [-89.9596, 37.1273], [-89.9592, 37.0544], [-89.9959, 37.0547], [-89.9957, 37.0401], [-90.1112, 37.0412], [-90.1104, 37.0859], [-90.2232, 37.0865], [-90.2177, 37.315]]]}}, {"type": "Feature", "properties": {"code": "29071", "name": "Franklin", "state": "MO"}, "geometry": {"type": "Polygon", "coordinates": [[[-91.3491, 38.6954], [-91.3244, 38.7084], [-91.3131, 38.7067], [-91.2598, 38.6666], [-91.233, 38.6513], [-91.2269, 38.6407], [-91.2285, 38.6302], [-91.225, 38.6208], [-91.183, 38.6079], [-91.1251, 38.5977], [-91.0773, 38.6093], [-91.0559, 38.6083], [-91.0372, 38.5986], [-91.0141, 38.566], [-90.9924, 38.5551], [-90.9268, 38.5343], [-90.896, 38.5406], [-90.8733, 38.5539], [-90.8419, 38.566], [-90.813, 38.5856], [-90.7736, 38.5946], [-90.7564, 38.6107], [-90.7507, 38.6251], [-90.7424, 38.6346], [-90.7323, 38.6393], [-90.7376, 38.4159], [-90.7802, 38.2041], [-90.9702, 38.2067], [-91.0088, 38.2041], [-91.3676, 38.204], [-91.3654, 38.3315], [-91.3692, 38.6993], [-91.3491, 38.6954]]]}}, {"type": "Feature", "properties": {"code": "27065", "name": "Kanabec", "state": "MN"}, "geometry": {"type": "Polygon", "coordinates": [[[-93.5181, 45.9817], [-93.4325, 45.9815], [-93.4318, 46.1539], [-93.2829, 46.1594], [-93.054, 46.1583], [-93.0554, 45.9813], [-93.1429, 45.981], [-93.1418, 45.7307], [-93.389, 45.7307], [-93.5137, 45.7343], [-93.5181, 45.9817]]]}}, {"type": "Feature", "properties": {"code": "29051", "name": "Cole", "state": "MO"}, "geometry": {"type": "Polygon", "coordinates": [[[-92.3949, 38.7391], [-92.3602, 38.7301], [-92.3441, 38.7151], [-92.3433, 38.7051], [-92.363, 38.6887], [-92.3578, 38.6795], [-92.3373, 38.6731], [-92.2934, 38.6666], [-92.2758, 38.6582], [-92.2591, 38.6453], [-92.2294, 38.646], [-92.2157, 38.6413], [-92.2031, 38.6266], [-92.2035, 38.6083], [-92.2007, 38.6017], [-92.1602, 38.5775], [-92.1244, 38.565], [-92.0981, 38.5599], [-92.0589, 38.5577], [-92.009, 38.5709], [-92.0035, 38.5603], [-92.0189, 38.559], [-92.0277, 38.5466], [-92.0271, 38.5287], [-92.0083, 38.4971], [-92.0151, 38.481], [-92.0266, 38.4726], [-92.0435, 38.4665], [-92.0737, 38.4667], [-92.1104, 38.4574], [-92.1276, 38.4609], [-92.1473, 38.4741], [-92.161, 38.4733], [-92.1674, 38.4697], [-92.1689, 38.4668], [-92.1577, 38.439], [-92.1493, 38.4312], [-92.1213, 38.4171], [-92.1153, 38.407], [-92.1163, 38.3988], [-92.1218, 38.3913], [-92.1353, 38.3838], [-92.1606, 38.377], [-92.1807, 38.3784], [-92.1932, 38.3708], [-92.1945, 38.3355], [-92.2247, 38.3357], [-92.233, 38.3277], [-92.2478, 38.3229], [-92.2685, 38.3283], [-92.2888, 38.3388], [-92.3026, 38.3366], [-92.4084, 38.3413], [-92.4035, 38.4253], [-92.4952, 38.4278], [-92.3949, 38.7391]]]}}, {"type": "Feature", "properties": {"code": "29137", "name": "Monroe", "state": "MO"}, "geometry": {"type": "Polygon", "coordinates": [[[-92.3009, 39.6053], [-92.1867, 39.6041], [-92.185, 39.6629], [-91.7152, 39.6576], [-91.7163, 39.5995], [-91.7119, 39.5991], [-91.718, 39.3391], [-92.0922, 39.3408], [-92.31, 39.3488], [-92.3009, 39.6053]]]}}, {"type": "Feature", "properties": {"code": "17099", "name": "LaSalle", "state": "IL"}, "geometry": {"type": "Polygon", "coordinates": [[[-89.052, 41.6267], [-88.8182, 41.6314], [-88.6022, 41.6314], [-88.5885, 41.268], [-88.5862, 41.1083], [-88.9309, 41.1059], [-88.9314, 40.9277], [-89.0477, 40.9257], [-89.0474, 41.1048], [-89.1622, 41.104], [-89.1672, 41.6287], [-89.052, 41.6267]]]}}, {"type": "Feature", "properties": {"code": "17115", "name": "Macon", "state": "IL"}, "geometry": {"type": "Polygon", "coordinates": [[[-89.1435, 39.9176], [-89.1448, 40.0489], [-88.7452, 40.0552], [-88.7457, 39.7921], [-88.7587, 39.7921], [-88.7578, 39.7399], [-88.8127, 39.7405], [-88.8106, 39.6532], [-89.1391, 39.6551], [-89.142, 39.8013], [-89.1515, 39.8013], [-89.1515, 39.8048], [-89.1607, 39.8047], [-89.1703, 39.8119], [-89.1799, 39.8119], [-89.1799, 39.8154], [-89.1882, 39.8175], [-89.2175, 39.8137], [-89.2178, 39.917], [-89.1435, 39.9176]]]}}, {"type": "Feature", "properties": {"code": "17181", "name": "Union", "state": "IL"}, "geometry": {"type": "Polygon", "coordinates": [[[-89.5215, 37.5722], [-89.5095, 37.5789], [-89.5009, 37.5772], [-89.5021, 37.5706], [-89.4833, 37.5675], [-89.4742, 37.5621], [-89.4651, 37.5644], [-89.4531, 37.5801], [-89.4548, 37.5864], [-89.4494, 37.5915], [-89.448, 37.5983], [-89.4532, 37.6001], [-89.149, 37.6003], [-89.0414, 37.5966], [-89.0448, 37.3297], [-89.0994, 37.3336], [-89.2217, 37.3352], [-89.4865, 37.3345], [-89.4476, 37.3405], [-89.4328, 37.3471], [-89.4282, 37.3562], [-89.4213, 37.3921], [-89.4398, 37.4372], [-89.4755, 37.4714], [-89.5164, 37.5356], [-89.5215, 37.5722]]]}}, {"type": "Feature", "properties": {"code": "17021", "name": "Christian", "state": "IL"}, "geometry": {"type": "Polygon", "coordinates": [[[-89.4785, 39.6408], [-89.4789, 39.684], [-89.4251, 39.6837], [-89.4252, 39.762], [-89.4178, 39.7592], [-89.4192, 39.7514], [-89.4102, 39.744], [-89.3971, 39.7422], [-89.3842, 39.754], [-89.3798, 39.7538], [-89.3739, 39.7586], [-89.3713, 39.7551], [-89.3629, 39.7556], [-89.3589, 39.7618], [-89.36, 39.7675], [-89.3541, 39.7721], [-89.3292, 39.7636], [-89.3253, 39.7662], [-89.3279, 39.7697], [-89.3126, 39.7713], [-89.3031, 39.7758], [-89.297, 39.7895], [-89.2916, 39.7901], [-89.2921, 39.7928], [-89.2834, 39.7939], [-89.2812, 39.799], [-89.2654, 39.8064], [-89.2625, 39.8044], [-89.2485, 39.8257], [-89.2362, 39.8218], [-89.2362, 39.8176], [-89.2316, 39.816], [-89.2342, 39.8131], [-89.1882, 39.8175], [-89.1799, 39.8154], [-89.1799, 39.8119], [-89.1703, 39.8119], [-89.1607, 39.8047], [-89.1515, 39.8048], [-89.1515, 39.8013], [-89.142, 39.8013], [-89.1391, 39.6551], [-89.0257, 39.6546], [-89.0254, 39.3459], [-89.1398, 39.3489], [-89.5308, 39.3489], [-89.535, 39.6411], [-89.4785, 39.6408]]]}}, {"type": "Feature", "properties": {"code": "17191", "name": "Wayne", "state": "IL"}, "geometry": {"type": "Polygon", "coordinates": [[[-88.6985, 38.6061], [-88.5845, 38.6073], [-88.1482, 38.598], [-88.1509, 38.2561], [-88.702, 38.2566], [-88.6985, 38.6061]]]}}, {"type": "Feature", "properties": {"code": "55041", "name": "Forest", "state": "WI"}, "geometry": {"type": "Polygon", "coordinates": [[[-88.9332, 45.9823], [-88.9328, 46.0737], [-88.8503, 46.0403], [-88.8386, 46.0301], [-88.8191, 46.0263], [-88.816, 46.0206], [-88.7965, 46.0236], [-88.8007, 46.03], [-88.7962, 46.0337], [-88.7884, 46.0286], [-88.7844, 46.0327], [-88.7786, 46.0313], [-88.784, 46.023], [-88.7802, 46.0154], [-88.7697, 46.019], [-88.77, 46.0257], [-88.7586, 46.0195], [-88.74, 46.0273], [-88.7248, 46.0245], [-88.7184, 46.0133], [-88.713, 46.0127], [-88.7123, 46.0162], [-88.7047, 46.0182], [-88.6833, 46.0141], [-88.6842, 45.9824], [-88.6744, 45.9809], [-88.6758, 45.7229], [-88.4253, 45.7224], [-88.4281, 45.377], [-88.926, 45.3786], [-88.9231, 45.4651], [-89.0465, 45.4644], [-89.0478, 45.9823], [-88.9332, 45.9823]]]}}, {"type": "Feature", "properties": {"code": "55099", "name": "Price", "state": "WI"}, "geometry": {"type": "Polygon", "coordinates": [[[-90.677, 45.9816], [-90.044, 45.9819], [-90.0423, 45.3819], [-90.6788, 45.3779], [-90.677, 45.9816]]]}}, {"type": "Feature", "properties": {"code": "55137", "name": "Waushara", "state": "WI"}, "geometry": {"type": "Polygon", "coordinates": [[[-89.598, 44.2457], [-88.8867, 44.2426], [-88.8862, 43.9832], [-89.5979, 43.9821], [-89.598, 44.2457]]]}}, {"type": "Feature", "properties": {"code": "29161", "name": "Phelps", "state": "MO"}, "geometry": {"type": "Polygon", "coordinates": [[[-92.0212, 38.0106], [-91.9663, 38.0097], [-91.9583, 38.0363], [-91.9537, 38.0402], [-91.9419, 38.0416], [-91.9352, 38.0309], [-91.9139, 38.043], [-91.8969, 38.0479], [-91.8951, 38.0512], [-91.7474, 38.0533], [-91.6324, 38.051], [-91.6306, 38.1535], [-91.525, 38.1524], [-91.5288, 37.789], [-91.8062, 37.7913], [-91.8091, 37.5989], [-92.0293, 37.6025], [-92.0212, 38.0106]]]}}, {"type": "Feature", "properties": {"code": "17113", "name": "McLean", "state": "IL"}, "geometry": {"type": "Polygon", "coordinates": [[[-89.1338, 40.5967], [-89.1342, 40.6115], [-89.1011, 40.6123], [-89.1016, 40.625], [-89.0444, 40.6274], [-89.0453, 40.6639], [-88.9847, 40.665], [-88.9869, 40.7523], [-88.5843, 40.7576], [-88.5823, 40.6707], [-88.5752, 40.6706], [-88.5745, 40.6165], [-88.4595, 40.6173], [-88.4604, 40.2819], [-89.2626, 40.2809], [-89.2694, 40.5943], [-89.1338, 40.5967]]]}}, {"type": "Feature", "properties": {"code": "17051", "name": "Fayette", "state": "IL"}, "geometry": {"type": "Polygon", "coordinates": [[[-89.2503, 38.9992], [-89.2505, 39.2175], [-88.8053, 39.2163], [-88.8068, 38.9116], [-88.6935, 38.9146], [-88.6952, 38.8263], [-89.1381, 38.8242], [-89.1384, 38.7363], [-89.2542, 38.742], [-89.2574, 38.9992], [-89.2503, 38.9992]]]}}, {"type": "Feature", "properties": {"code": "55021", "name": "Columbia", "state": "WI"}, "geometry": {"type": "Polygon", "coordinates": [[[-89.1269, 43.6437], [-89.1272, 43.6317], [-89.0068, 43.633], [-89.0045, 43.375], [-89.0047, 43.3717], [-89.0088, 43.3715], [-89.0091, 43.2848], [-89.3631, 43.2813], [-89.3632, 43.294], [-89.7205, 43.2931], [-89.727, 43.3003], [-89.7236, 43.3145], [-89.7038, 43.3303], [-89.6793, 43.3602], [-89.6558, 43.3598], [-89.6412, 43.3629], [-89.6206, 43.3691], [-89.6007, 43.3807], [-89.5994, 43.5579], [-89.6123, 43.5649], [-89.6388, 43.5629], [-89.6657, 43.5692], [-89.6941, 43.5659], [-89.7305, 43.5704], [-89.7344, 43.5788], [-89.72, 43.5917], [-89.7176, 43.5975], [-89.7228, 43.5999], [-89.7403, 43.5982], [-89.7527, 43.6057], [-89.7612, 43.6036], [-89.7683, 43.6071], [-89.7754, 43.6138], [-89.7734, 43.6203], [-89.7824, 43.6256], [-89.7758, 43.6314], [-89.7849, 43.6411], [-89.1269, 43.6437]]]}}, {"type": "Feature", "properties": {"code": "55097", "name": "Portage", "state": "WI"}, "geometry": {"type": "Polygon", "coordinates": [[[-89.4899, 44.6858], [-89.3459, 44.6814], [-89.2237, 44.6814], [-89.2248, 44.2434], [-89.7247, 44.2477], [-89.7267, 44.5112], [-89.8445, 44.5115], [-89.8449, 44.6849], [-89.4899, 44.6858]]]}}, {"type": "Feature", "properties": {"code": "29131", "name": "Miller", "state": "MO"}, "geometry": {"type": "Polygon", "coordinates": [[[-92.6898, 38.3485], [-92.6338, 38.3481], [-92.6302, 38.431], [-92.4035, 38.4253], [-92.4084, 38.3413], [-92.3026, 38.3366], [-92.2888, 38.3388], [-92.2502, 38.3227], [-92.233, 38.3277], [-92.2247, 38.3357], [-92.1945, 38.3355], [-92.1978, 38.1615], [-92.1814, 38.1612], [-92.1854, 38.0163], [-92.516, 38.0223], [-92.5156, 38.0369], [-92.5339, 38.0375], [-92.5336, 38.0518], [-92.5524, 38.0521], [-92.5521, 38.0663], [-92.5703, 38.0666], [-92.5697, 38.0959], [-92.588, 38.0961], [-92.5877, 38.1106], [-92.5968, 38.1108], [-92.5964, 38.1398], [-92.6053, 38.1399], [-92.6047, 38.1707], [-92.6413, 38.1716], [-92.6401, 38.213], [-92.6756, 38.2128], [-92.6959, 38.222], [-92.6898, 38.3485]]]}}, {"type": "Feature", "properties": {"code": "29229", "name": "Wright", "state": "MO"}, "geometry": {"type": "Polygon", "coordinates": [[[-92.6867, 37.4815], [-92.2523, 37.4729], [-92.253, 37.2548], [-92.2472, 37.2549], [-92.2514, 37.0597], [-92.6859, 37.0671], [-92.679, 37.2631], [-92.6923, 37.2635], [-92.6867, 37.4815]]]}}, {"type": "Feature", "properties": {"code": "29177", "name": "Ray", "state": "MO"}, "geometry": {"type": "Polygon", "coordinates": [[[-94.2084, 39.5272], [-93.7592, 39.5246], [-93.7585, 39.207], [-93.7844, 39.2002], [-93.8242, 39.2149], [-93.8554, 39.2129], [-93.8752, 39.2041], [-93.8994, 39.1845], [-93.9278, 39.1844], [-93.94, 39.1797], [-93.9444, 39.1702], [-93.9424, 39.1581], [-93.9583, 39.1452], [-93.9687, 39.1423], [-93.9889, 39.1528], [-93.9834, 39.1685], [-93.9679, 39.1781], [-93.9615, 39.1875], [-93.9668, 39.1983], [-93.9801, 39.2059], [-94.032, 39.19], [-94.036, 39.185], [-94.0355, 39.1775], [-94.0257, 39.165], [-94.0242, 39.1545], [-94.0566, 39.1355], [-94.0786, 39.1342], [-94.1034, 39.1424], [-94.114, 39.1497], [-94.1337, 39.1712], [-94.1858, 39.181], [-94.1857, 39.188], [-94.1753, 39.1972], [-94.1694, 39.2106], [-94.1735, 39.2138], [-94.1847, 39.2143], [-94.2049, 39.2065], [-94.2125, 39.2071], [-94.2084, 39.5272]]]}}, {"type": "Feature", "properties": {"code": "29001", "name": "Adair", "state": "MO"}, "geometry": {"type": "Polygon", "coordinates": [[[-92.8556, 40.3427], [-92.35, 40.3465], [-92.3451, 40.0372], [-92.8562, 40.0373], [-92.8556, 40.3427]]]}}, {"type": "Feature", "properties": {"code": "55047", "name": "Green Lake", "state": "WI"}, "geometry": {"type": "Polygon", "coordinates": [[[-89.2454, 43.7598], [-89.2405, 43.7598], [-89.2433, 43.7633], [-89.239, 43.7665], [-89.1676, 43.7655], [-89.168, 43.8101], [-89.1893, 43.8046], [-89.1983, 43.8127], [-89.1944, 43.8149], [-89.198, 43.818], [-89.1983, 43.8765], [-89.1681, 43.8765], [-89.1686, 43.9828], [-88.8862, 43.9832], [-88.8861, 43.6335], [-89.1272, 43.6317], [-89.1269, 43.6437], [-89.2454, 43.6431], [-89.2454, 43.7598]]]}}, {"type": "Feature", "properties": {"code": "27007", "name": "Beltrami", "state": "MN"}, "geometry": {"type": "Polygon", "coordinates": [[[-95.6023, 48.5389], [-95.212, 48.5399], [-95.211, 48.366], [-94.4258, 48.3674], [-94.4248, 48.0596], [-94.4237, 48.0198], [-94.4178, 48.0198], [-94.4193, 47.7186], [-94.4162, 47.6007], [-94.4135, 47.5865], [-94.4164, 47.4118], [-94.7127, 47.4096], [-95.1832, 47.4128], [-95.185, 47.6733], [-95.1943, 47.6734], [-95.1937, 47.8722], [-95.2233, 47.8764], [-95.2551, 47.8879], [-95.2734, 47.9102], [-95.2782, 47.9304], [-95.2725, 47.9596], [-95.2649, 47.974], [-95.248, 48.0031], [-95.2291, 48.0201], [-95.5925, 48.0207], [-95.5931, 48.3654], [-95.6016, 48.3654], [-95.6023, 48.5389]]]}}, {"type": "Feature", "properties": {"code": "27001", "name": "Aitkin", "state": "MN"}, "geometry": {"type": "Polygon", "coordinates": [[[-93.8115, 46.5842], [-93.7779, 46.5897], [-93.7753, 47.0304], [-93.0568, 47.0264], [-93.0648, 46.6764], [-93.0627, 46.5933], [-93.0548, 46.5932], [-93.054, 46.1583], [-93.2829, 46.1594], [-93.4318, 46.1539], [-93.4306, 46.2464], [-93.7963, 46.2432], [-93.7982, 46.2483], [-93.8085, 46.2488], [-93.8108, 46.2533], [-93.8115, 46.5842]]]}}, {"type": "Feature", "properties": {"code": "27033", "name": "Cottonwood", "state": "MN"}, "geometry": {"type": "Polygon", "coordinates": [[[-95.4625, 44.1959], [-95.101, 44.1949], [-95.1002, 44.108], [-94.8598, 44.108], [-94.8594, 43.8481], [-95.4624, 43.8479], [-95.4625, 44.1959]]]}}, {"type": "Feature", "properties": {"code": "27051", "name": "Grant", "state": "MN"}, "geometry": {"type": "Polygon", "coordinates": [[[-96.2654, 46.1086], [-95.7697, 46.1075], [-95.7696, 45.9337], [-95.7587, 45.9337], [-95.7585, 45.7599], [-96.254, 45.7598], [-96.2537, 45.9346], [-96.2662, 45.9347], [-96.2654, 46.1086]]]}}, {"type": "Feature", "properties": {"code": "27165", "name": "Watonwan", "state": "MN"}, "geometry": {"type": "Polygon", "coordinates": [[[-94.3688, 44.1087], [-94.369, 43.848], [-94.8594, 43.8481], [-94.8598, 44.108], [-94.3688, 44.1087]]]}}, {"type": "Feature", "properties": {"code": "29123", "name": "Madison", "state": "MO"}, "geometry": {"type": "Polygon", "coordinates": [[[-90.5474, 37.5984], [-90.5351, 37.5994], [-90.535, 37.6436], [-90.1468, 37.6416], [-90.1468, 37.5971], [-90.1385, 37.5412], [-90.1442, 37.4901], [-90.1457, 37.3121], [-90.2364, 37.3163], [-90.3462, 37.3146], [-90.5497, 37.3176], [-90.5474, 37.5984]]]}}, {"type": "Feature", "properties": {"code": "29187", "name": "St. Francois", "state": "MO"}, "geometry": {"type": "Polygon", "coordinates": [[[-90.64, 38.0765], [-90.6325, 38.0741], [-90.6252, 38.076], [-90.6122, 38.0701], [-90.6214, 38.0475], [-90.6168, 38.0233], [-90.6128, 38.017], [-90.6165, 38.0135], [-90.6249, 38.0128], [-90.6281, 38.0077], [-90.5833, 38.0035], [-90.417, 38.0427], [-90.3229, 37.9817], [-90.4591, 37.8789], [-90.3483, 37.7935], [-90.2002, 37.6696], [-90.1542, 37.6998], [-90.1105, 37.6713], [-90.1468, 37.6416], [-90.6478, 37.6446], [-90.64, 38.0765]]]}}, {"type": "Feature", "properties": {"code": "29049", "name": "Clinton", "state": "MO"}, "geometry": {"type": "Polygon", "coordinates": [[[-94.206, 39.7458], [-94.2106, 39.4547], [-94.6008, 39.4562], [-94.6023, 39.7472], [-94.206, 39.7458]]]}}, {"type": "Feature", "properties": {"code": "29079", "name": "Grundy", "state": "MO"}, "geometry": {"type": "Polygon", "coordinates": [[[-93.7633, 40.264], [-93.3672, 40.2663], [-93.3666, 40.0331], [-93.362, 40.0331], [-93.362, 39.9676], [-93.762, 39.9596], [-93.7649, 40.102], [-93.7633, 40.264]]]}}, {"type": "Feature", "properties": {"code": "29121", "name": "Macon", "state": "MO"}, "geometry": {"type": "Polygon", "coordinates": [[[-92.8475, 40.0373], [-92.3429, 40.0372], [-92.3447, 39.9533], [-92.2879, 39.9525], [-92.2993, 39.6053], [-92.6921, 39.6103], [-92.6893, 39.6981], [-92.8579, 39.7], [-92.8475, 40.0373]]]}}, {"type": "Feature", "properties": {"code": "29061", "name": "Daviess", "state": "MO"}, "geometry": {"type": "Polygon", "coordinates": [[[-94.2167, 40.1366], [-93.764, 40.1329], [-93.7648, 40.0311], [-93.759, 39.7847], [-94.0932, 39.7859], [-94.2058, 39.789], [-94.2035, 40.0345], [-94.2188, 40.0349], [-94.2167, 40.1366]]]}}, {"type": "Feature", "properties": {"code": "19171", "name": "Tama", "state": "IA"}, "geometry": {"type": "Polygon", "coordinates": [[[-92.2988, 42.2975], [-92.2982, 41.8628], [-92.766, 41.8624], [-92.7681, 42.2967], [-92.2988, 42.2975]]]}}, {"type": "Feature", "properties": {"code": "55039", "name": "Fond du Lac", "state": "WI"}, "geometry": {"type": "Polygon", "coordinates": [[[-88.8857, 43.8952], [-88.4032, 43.893], [-88.4042, 43.9382], [-88.1617, 43.9377], [-88.1609, 43.5429], [-88.4004, 43.5435], [-88.401, 43.6309], [-88.8861, 43.6335], [-88.8857, 43.8952]]]}}, {"type": "Feature", "properties": {"code": "29101", "name": "Johnson", "state": "MO"}, "geometry": {"type": "Polygon", "coordinates": [[[-94.1142, 38.9173], [-93.8363, 38.9087], [-93.8347, 38.9379], [-93.4973, 38.9284], [-93.4986, 38.8993], [-93.4931, 38.8992], [-93.5092, 38.645], [-93.511, 38.5562], [-94.1197, 38.5687], [-94.1164, 38.6555], [-94.1294, 38.6559], [-94.1142, 38.9173]]]}}, {"type": "Feature", "properties": {"code": "55109", "name": "St. Croix", "state": "WI"}, "geometry": {"type": "Polygon", "coordinates": [[[-92.7915, 45.0796], [-92.7467, 45.1071], [-92.7396, 45.1156], [-92.7457, 45.1231], [-92.7521, 45.1421], [-92.7491, 45.1485], [-92.7524, 45.1739], [-92.7649, 45.1828], [-92.7671, 45.1879], [-92.7639, 45.2049], [-92.758, 45.2096], [-92.1565, 45.2096], [-92.1571, 45.1216], [-92.1361, 45.1214], [-92.1363, 44.8578], [-92.2584, 44.8581], [-92.3749, 44.8623], [-92.7691, 44.862], [-92.7634, 44.8742], [-92.7739, 44.89], [-92.7746, 44.8981], [-92.7587, 44.909], [-92.7506, 44.9373], [-92.7546, 44.9558], [-92.7694, 44.9722], [-92.7712, 45.0014], [-92.7621, 45.0243], [-92.7704, 45.0338], [-92.7971, 45.0506], [-92.8021, 45.0574], [-92.8029, 45.0654], [-92.7915, 45.0796]]]}}, {"type": "Feature", "properties": {"code": "17081", "name": "Jefferson", "state": "IL"}, "geometry": {"type": "Polygon", "coordinates": [[[-89.1444, 38.4739], [-88.9224, 38.477], [-88.699, 38.4749], [-88.7046, 38.1252], [-89.1498, 38.1251], [-89.1444, 38.4739]]]}}, {"type": "Feature", "properties": {"code": "29181", "name": "Ripley", "state": "MO"}, "geometry": {"type": "Polygon", "coordinates": [[[-91.1196, 36.7801], [-91.1175, 36.7801], [-91.1159, 36.8237], [-91.0253, 36.8221], [-91.0079, 36.8243], [-91.0077, 36.8201], [-90.8957, 36.8129], [-90.6275, 36.811], [-90.6284, 36.6795], [-90.5922, 36.6794], [-90.593, 36.5924], [-90.5748, 36.5919], [-90.5762, 36.4984], [-91.1265, 36.4977], [-91.1196, 36.7801]]]}}, {"type": "Feature", "properties": {"code": "29053", "name": "Cooper", "state": "MO"}, "geometry": {"type": "Polygon", "coordinates": [[[-93.0482, 38.9726], [-92.9346, 39.0645], [-92.935, 39.0589], [-92.9097, 39.0156], [-92.8795, 39.0032], [-92.8526, 38.9822], [-92.7831, 38.9716], [-92.7459, 38.9811], [-92.7194, 38.9843], [-92.693, 38.976], [-92.6467, 38.9759], [-92.5978, 38.9677], [-92.5621, 38.972], [-92.5364, 38.9509], [-92.515, 38.9381], [-92.4984, 38.9221], [-92.6167, 38.6945], [-92.6171, 38.68], [-92.7267, 38.6841], [-92.9505, 38.6858], [-93.06, 38.6931], [-93.0482, 38.9726]]]}}, {"type": "Feature", "properties": {"code": "55035", "name": "Eau Claire", "state": "WI"}, "geometry": {"type": "Polygon", "coordinates": [[[-90.9222, 44.8573], [-90.9223, 44.5963], [-91.6502, 44.5966], [-91.6505, 44.856], [-90.9222, 44.8573]]]}}, {"type": "Feature", "properties": {"code": "17055", "name": "Franklin", "state": "IL"}, "geometry": {"type": "Polygon", "coordinates": [[[-89.1648, 37.9551], [-89.1551, 37.9678], [-89.1538, 37.9776], [-89.1497, 37.9796], [-89.1466, 37.9888], [-89.1401, 37.9957], [-89.145, 38.0107], [-89.1361, 38.018], [-89.1382, 38.0252], [-89.143, 38.026], [-89.1424, 38.0291], [-89.1468, 38.0315], [-89.139, 38.0343], [-89.1366, 38.0402], [-89.1391, 38.0463], [-89.1349, 38.0448], [-89.1304, 38.0478], [-89.1341, 38.0492], [-89.1329, 38.0542], [-89.1269, 38.053], [-89.1224, 38.0594], [-89.1186, 38.0592], [-89.1222, 38.0604], [-89.1171, 38.0639], [-89.1232, 38.0633], [-89.1191, 38.0676], [-89.1233, 38.0701], [-89.1185, 38.0702], [-89.1227, 38.0823], [-89.1157, 38.0855], [-89.1192, 38.0904], [-89.1153, 38.0938], [-89.1373, 38.1041], [-89.1335, 38.1056], [-89.1323, 38.1033], [-89.1292, 38.1093], [-89.1293, 38.1168], [-89.1316, 38.1169], [-89.1296, 38.1248], [-88.7046, 38.1252], [-88.7068, 37.8635], [-89.1512, 37.862], [-89.1508, 37.9502], [-89.1776, 37.9503], [-89.1782, 37.9526], [-89.1648, 37.9551]]]}}, {"type": "Feature", "properties": {"code": "55055", "name": "Jefferson", "state": "WI"}, "geometry": {"type": "Polygon", "coordinates": [[[-89.0121, 43.1107], [-89.0088, 43.1977], [-88.5358, 43.196], [-88.5416, 43.0194], [-88.5415, 42.843], [-88.7771, 42.8427], [-89.0136, 42.8493], [-89.0121, 43.1107]]]}}, {"type": "Feature", "properties": {"code": "55113", "name": "Sawyer", "state": "WI"}, "geometry": {"type": "Polygon", "coordinates": [[[-91.5513, 46.157], [-91.2384, 46.1579], [-90.9246, 46.1546], [-90.9252, 45.9812], [-90.677, 45.9816], [-90.6787, 45.6383], [-91.5403, 45.6376], [-91.5418, 45.9826], [-91.5518, 45.9851], [-91.5513, 46.157]]]}}, {"type": "Feature", "properties": {"code": "17111", "name": "McHenry", "state": "IL"}, "geometry": {"type": "Polygon", "coordinates": [[[-88.1994, 42.496], [-88.1996, 42.1543], [-88.7056, 42.1535], [-88.7074, 42.4936], [-88.1994, 42.496]]]}}, {"type": "Feature", "properties": {"code": "17201", "name": "Winnebago", "state": "IL"}, "geometry": {"type": "Polygon", "coordinates": [[[-88.9404, 42.495], [-88.9397, 42.1523], [-89.1728, 42.1504], [-89.173, 42.2042], [-89.3962, 42.2019], [-89.4014, 42.5004], [-88.9404, 42.495]]]}}, {"type": "Feature", "properties": {"code": "17127", "name": "Massac", "state": "IL"}, "geometry": {"type": "Polygon", "coordinates": [[[-88.8976, 37.3175], [-88.8992, 37.3214], [-88.8956, 37.326], [-88.8982, 37.327], [-88.8964, 37.3301], [-88.9051, 37.3357], [-88.7107, 37.3371], [-88.4903, 37.1595], [-88.4905, 37.0682], [-88.5214, 37.0656], [-88.5646, 37.0772], [-88.5668, 37.0755], [-88.5895, 37.099], [-88.6259, 37.1195], [-88.6449, 37.1228], [-88.694, 37.1412], [-88.7202, 37.1406], [-88.7321, 37.144], [-88.8057, 37.1886], [-88.9279, 37.2262], [-88.9288, 37.3028], [-88.8976, 37.3175]]]}}, {"type": "Feature", "properties": {"code": "19057", "name": "Des Moines", "state": "IA"}, "geometry": {"type": "Polygon", "coordinates": [[[-91.3721, 40.8126], [-91.3707, 41.0741], [-90.9494, 41.0727], [-90.9423, 41.0347], [-90.9459, 41.0065], [-90.9581, 40.9798], [-90.9522, 40.954], [-90.9629, 40.925], [-90.969, 40.9191], [-90.9985, 40.9081], [-91.0095, 40.9006], [-91.0216, 40.884], [-91.0447, 40.8684], [-91.0564, 40.8484], [-91.093, 40.8211], [-91.0976, 40.8056], [-91.0923, 40.7929], [-91.0917, 40.7797], [-91.0981, 40.7632], [-91.1082, 40.7509], [-91.1157, 40.7252], [-91.1111, 40.7083], [-91.1124, 40.6963], [-91.1194, 40.7], [-91.1332, 40.6987], [-91.1506, 40.7062], [-91.1635, 40.7227], [-91.1667, 40.7199], [-91.1761, 40.7214], [-91.181, 40.7131], [-91.18, 40.7083], [-91.1968, 40.7192], [-91.2095, 40.714], [-91.2075, 40.722], [-91.2171, 40.7323], [-91.2334, 40.7375], [-91.2483, 40.7504], [-91.2639, 40.7542], [-91.2818, 40.7537], [-91.2868, 40.7666], [-91.2934, 40.7726], [-91.3117, 40.7721], [-91.3188, 40.7799], [-91.3468, 40.7865], [-91.3507, 40.7936], [-91.3639, 40.7907], [-91.3935, 40.8086], [-91.4064, 40.8087], [-91.4095, 40.8129], [-91.3721, 40.8126]]]}}, {"type": "Feature", "properties": {"code": "17187", "name": "Warren", "state": "IL"}, "geometry": {"type": "Polygon", "coordinates": [[[-90.7852, 41.0687], [-90.4394, 41.064], [-90.4456, 40.6276], [-90.6732, 40.6315], [-90.7896, 40.6374], [-90.7852, 41.0687]]]}}, {"type": "Feature", "properties": {"code": "29067", "name": "Douglas", "state": "MO"}, "geometry": {"type": "Polygon", "coordinates": [[[-92.9033, 37.0707], [-92.0887, 37.0562], [-92.096, 36.794], [-92.9093, 36.8092], [-92.9033, 37.0707]]]}}, {"type": "Feature", "properties": {"code": "19193", "name": "Woodbury", "state": "IA"}, "geometry": {"type": "Polygon", "coordinates": [[[-95.7416, 42.5613], [-95.7418, 42.4749], [-95.6693, 42.4746], [-95.6708, 42.2114], [-96.3566, 42.215], [-96.3363, 42.2189], [-96.3237, 42.2299], [-96.3229, 42.2336], [-96.33, 42.2402], [-96.3289, 42.2547], [-96.336, 42.2648], [-96.3564, 42.2765], [-96.3658, 42.2859], [-96.3692, 42.3083], [-96.3753, 42.3183], [-96.3842, 42.3259], [-96.408, 42.3374], [-96.4139, 42.3434], [-96.4182, 42.3547], [-96.4084, 42.3761], [-96.415, 42.3934], [-96.4136, 42.4079], [-96.3876, 42.4325], [-96.3807, 42.4464], [-96.3813, 42.4617], [-96.3854, 42.4731], [-96.3961, 42.4841], [-96.4094, 42.4876], [-96.4557, 42.4926], [-96.4754, 42.4896], [-96.4779, 42.4943], [-96.4733, 42.5035], [-96.4794, 42.5111], [-96.4901, 42.5124], [-96.493, 42.5173], [-96.4799, 42.5242], [-96.477, 42.5561], [-96.4955, 42.5564], [-96.4988, 42.561], [-95.7416, 42.5613]]]}}, {"type": "Feature", "properties": {"code": "27115", "name": "Pine", "state": "MN"}, "geometry": {"type": "Polygon", "coordinates": [[[-93.0554, 45.9813], [-93.0548, 46.4193], [-92.2929, 46.4172], [-92.294, 46.0744], [-92.3193, 46.0693], [-92.3329, 46.0627], [-92.3435, 46.043], [-92.3437, 46.0285], [-92.3493, 46.0236], [-92.3518, 46.0157], [-92.3727, 46.0142], [-92.4106, 46.0273], [-92.4286, 46.0242], [-92.4423, 46.0162], [-92.4534, 45.9929], [-92.4645, 45.985], [-92.4613, 45.9794], [-92.4694, 45.9738], [-92.5271, 45.9832], [-92.5498, 45.968], [-92.5519, 45.9517], [-92.6025, 45.9408], [-92.6143, 45.9345], [-92.6388, 45.9342], [-92.6391, 45.9246], [-92.6561, 45.9244], [-92.6762, 45.9121], [-92.6766, 45.9064], [-92.7077, 45.8949], [-92.734, 45.8681], [-92.74, 45.8463], [-92.7651, 45.8302], [-92.7578, 45.8066], [-92.7765, 45.79], [-92.7846, 45.7642], [-92.8098, 45.7442], [-92.829, 45.7337], [-92.8489, 45.7288], [-93.1418, 45.7307], [-93.1429, 45.981], [-93.0554, 45.9813]]]}}, {"type": "Feature", "properties": {"code": "29173", "name": "Ralls", "state": "MO"}, "geometry": {"type": "Polygon", "coordinates": [[[-91.7119, 39.5991], [-91.7163, 39.5995], [-91.7155, 39.6865], [-91.3067, 39.6849], [-91.3025, 39.6796], [-91.2761, 39.6658], [-91.2293, 39.6209], [-91.1859, 39.6051], [-91.178, 39.5982], [-91.2037, 39.5984], [-91.4604, 39.4507], [-91.4382, 39.3187], [-91.7185, 39.3245], [-91.7119, 39.5991]]]}}, {"type": "Feature", "properties": {"code": "29015", "name": "Benton", "state": "MO"}, "geometry": {"type": "Polygon", "coordinates": [[[-93.512, 38.4468], [-93.512, 38.4544], [-93.5151, 38.4568], [-93.5127, 38.5125], [-93.2919, 38.5063], [-93.2905, 38.5354], [-93.0674, 38.5301], [-93.0721, 38.4423], [-93.0688, 38.4423], [-93.069, 38.4337], [-93.0822, 38.1865], [-93.0591, 38.1857], [-93.0652, 38.0625], [-93.5039, 38.0731], [-93.4973, 38.1991], [-93.5133, 38.1995], [-93.5117, 38.2065], [-93.5235, 38.2072], [-93.512, 38.4468]]]}}, {"type": "Feature", "properties": {"code": "17139", "name": "Moultrie", "state": "IL"}, "geometry": {"type": "Polygon", "coordinates": [[[-88.7578, 39.7399], [-88.7587, 39.7921], [-88.4732, 39.7918], [-88.4705, 39.447], [-88.5843, 39.4476], [-88.5845, 39.477], [-88.6032, 39.477], [-88.6032, 39.4916], [-88.6222, 39.4919], [-88.6224, 39.5065], [-88.6412, 39.5067], [-88.6415, 39.521], [-88.7169, 39.5212], [-88.7175, 39.5793], [-88.8091, 39.5802], [-88.8127, 39.7405], [-88.7578, 39.7399]]]}}, {"type": "Feature", "properties": {"code": "19181", "name": "Warren", "state": "IA"}, "geometry": {"type": "Polygon", "coordinates": [[[-93.7906, 41.5119], [-93.5482, 41.5113], [-93.4413, 41.5076], [-93.4422, 41.5049], [-93.4374, 41.5021], [-93.4249, 41.5075], [-93.4138, 41.5074], [-93.4154, 41.5003], [-93.4223, 41.4942], [-93.4143, 41.4924], [-93.4045, 41.5016], [-93.3989, 41.5015], [-93.3966, 41.4963], [-93.4055, 41.4898], [-93.4047, 41.4867], [-93.3972, 41.4864], [-93.3838, 41.4948], [-93.3748, 41.4933], [-93.372, 41.4861], [-93.3635, 41.4866], [-93.3584, 41.4898], [-93.3591, 41.4963], [-93.356, 41.4982], [-93.3525, 41.4969], [-93.3479, 41.4843], [-93.3438, 41.4818], [-93.3284, 41.4908], [-93.3279, 41.1607], [-93.7892, 41.162], [-93.7906, 41.5119]]]}}, {"type": "Feature", "properties": {"code": "55049", "name": "Iowa", "state": "WI"}, "geometry": {"type": "Polygon", "coordinates": [[[-90.4298, 43.2009], [-90.4087, 43.2002], [-90.3505, 43.2098], [-90.2964, 43.2079], [-90.2884, 43.2038], [-90.2836, 43.1953], [-90.2601, 43.1977], [-90.2209, 43.1742], [-90.1873, 43.1619], [-90.1833, 43.1571], [-90.159, 43.1668], [-90.1351, 43.1657], [-90.1133, 43.1604], [-90.0879, 43.1624], [-90.0587, 43.1453], [-90.0518, 43.1493], [-90.0486, 43.1669], [-90.035, 43.1729], [-90.0249, 43.1833], [-90.0001, 43.1946], [-89.9498, 43.1934], [-89.9053, 43.188], [-89.8764, 43.1965], [-89.8589, 43.1956], [-89.8381, 43.2061], [-89.8384, 42.8138], [-90.4269, 42.8129], [-90.4298, 43.2009]]]}}, {"type": "Feature", "properties": {"code": "55078", "name": "Menominee", "state": "WI"}, "geometry": {"type": "Polygon", "coordinates": [[[-88.4837, 45.1169], [-88.4891, 44.8554], [-88.7362, 44.8564], [-88.7355, 44.9432], [-88.9813, 44.9427], [-88.9825, 45.118], [-88.4837, 45.1169]]]}}, {"type": "Feature", "properties": {"code": "17163", "name": "St. Clair", "state": "IL"}, "geometry": {"type": "Polygon", "coordinates": [[[-90.2489, 38.5448], [-90.2242, 38.5751], [-90.1918, 38.599], [-90.1845, 38.6116], [-90.178, 38.6338], [-90.1812, 38.6601], [-89.7069, 38.655], [-89.7033, 38.2194], [-89.899, 38.2208], [-89.9045, 38.2271], [-89.8979, 38.2286], [-89.8975, 38.2321], [-89.9087, 38.2376], [-89.9075, 38.2431], [-89.9173, 38.2518], [-89.9134, 38.2549], [-89.9145, 38.2588], [-89.9237, 38.269], [-89.9209, 38.272], [-89.9252, 38.2733], [-89.9189, 38.2859], [-89.9113, 38.2847], [-89.9177, 38.2805], [-89.9172, 38.2778], [-89.9088, 38.2762], [-89.9025, 38.2815], [-89.9018, 38.2884], [-89.9068, 38.2936], [-89.9041, 38.2978], [-89.9131, 38.3081], [-90.0361, 38.3089], [-90.0361, 38.3235], [-90.1456, 38.4121], [-90.1454, 38.4267], [-90.2638, 38.5206], [-90.2489, 38.5448]]]}}, {"type": "Feature", "properties": {"code": "17085", "name": "Jo Daviess", "state": "IL"}, "geometry": {"type": "Polygon", "coordinates": [[[-90.6428, 42.5085], [-89.9265, 42.5058], [-89.9198, 42.1969], [-90.3173, 42.1936], [-90.3283, 42.201], [-90.357, 42.2054], [-90.3911, 42.2255], [-90.4007, 42.2393], [-90.4193, 42.2545], [-90.4309, 42.2782], [-90.4307, 42.2842], [-90.4243, 42.2933], [-90.4205, 42.3054], [-90.421, 42.3161], [-90.4159, 42.3227], [-90.4439, 42.3552], [-90.4626, 42.3673], [-90.4773, 42.3838], [-90.4872, 42.3851], [-90.5068, 42.3988], [-90.555, 42.4161], [-90.5604, 42.4329], [-90.568, 42.4404], [-90.6063, 42.4515], [-90.6467, 42.4719], [-90.654, 42.4785], [-90.6565, 42.4892], [-90.6428, 42.5085]]]}}, {"type": "Feature", "properties": {"code": "19007", "name": "Appanoose", "state": "IA"}, "geometry": {"type": "Polygon", "coordinates": [[[-92.6391, 40.8989], [-92.6379, 40.5909], [-93.0973, 40.584], [-93.0976, 40.8981], [-92.6391, 40.8989]]]}}, {"type": "Feature", "properties": {"code": "55141", "name": "Wood", "state": "WI"}, "geometry": {"type": "Polygon", "coordinates": [[[-90.3163, 44.6852], [-89.8449, 44.6849], [-89.8445, 44.5115], [-89.7267, 44.5112], [-89.7247, 44.2477], [-90.318, 44.2487], [-90.3163, 44.6852]]]}}, {"type": "Feature", "properties": {"code": "55073", "name": "Marathon", "state": "WI"}, "geometry": {"type": "Polygon", "coordinates": [[[-90.315, 45.0338], [-90.1975, 45.0336], [-90.1978, 45.1206], [-89.2242, 45.1186], [-89.2237, 44.6814], [-89.3459, 44.6814], [-89.4899, 44.6858], [-90.3163, 44.6852], [-90.315, 45.0338]]]}}, {"type": "Feature", "properties": {"code": "55131", "name": "Washington", "state": "WI"}, "geometry": {"type": "Polygon", "coordinates": [[[-88.4184, 43.3702], [-88.4015, 43.3701], [-88.4004, 43.5435], [-88.0405, 43.5424], [-88.04, 43.3679], [-88.0624, 43.3673], [-88.0634, 43.1921], [-88.418, 43.1947], [-88.4184, 43.3702]]]}}, {"type": "Feature", "properties": {"code": "27005", "name": "Becker", "state": "MN"}, "geometry": {"type": "Polygon", "coordinates": [[[-95.1692, 47.1525], [-95.1703, 46.9782], [-95.1623, 46.9782], [-95.1637, 46.7176], [-95.6682, 46.7155], [-96.1746, 46.7179], [-96.177, 46.8049], [-96.1741, 46.9774], [-96.1936, 46.9774], [-96.1947, 47.1511], [-95.1692, 47.1525]]]}}, {"type": "Feature", "properties": {"code": "17093", "name": "Kendall", "state": "IL"}, "geometry": {"type": "Polygon", "coordinates": [[[-88.2613, 41.7247], [-88.2522, 41.4631], [-88.596, 41.4571], [-88.6036, 41.7195], [-88.2613, 41.7247]]]}}, {"type": "Feature", "properties": {"code": "27151", "name": "Swift", "state": "MN"}, "geometry": {"type": "Polygon", "coordinates": [[[-96.117, 45.412], [-95.2553, 45.4127], [-95.2552, 45.2387], [-95.2464, 45.2387], [-95.2465, 45.1524], [-96.0367, 45.1521], [-96.0482, 45.1584], [-96.056, 45.1565], [-96.0757, 45.1659], [-96.089, 45.1673], [-96.1038, 45.1767], [-96.1037, 45.2398], [-96.1177, 45.2398], [-96.117, 45.412]]]}}, {"type": "Feature", "properties": {"code": "19143", "name": "Osceola", "state": "IA"}, "geometry": {"type": "Polygon", "coordinates": [[[-95.8609, 43.5001], [-95.3878, 43.5002], [-95.3881, 43.2552], [-95.6246, 43.2584], [-95.8619, 43.2576], [-95.8609, 43.5001]]]}}, {"type": "Feature", "properties": {"code": "29133", "name": "Mississippi", "state": "MO"}, "geometry": {"type": "Polygon", "coordinates": [[[-89.5015, 36.8769], [-89.5015, 36.9063], [-89.4652, 36.9062], [-89.4654, 36.9357], [-89.4299, 36.9356], [-89.4299, 36.9503], [-89.4115, 36.9501], [-89.4113, 36.9648], [-89.3751, 36.9649], [-89.3743, 36.9942], [-89.3473, 37.002], [-89.3472, 37.0091], [-89.3133, 37.0096], [-89.2921, 36.9922], [-89.2786, 36.9887], [-89.2662, 36.9963], [-89.2576, 37.0155], [-89.26, 37.0233], [-89.2777, 37.0361], [-89.3048, 37.0476], [-89.3108, 37.0579], [-89.3077, 37.0697], [-89.2599, 37.0641], [-89.2549, 37.072], [-89.2341, 37.0373], [-89.2008, 37.0162], [-89.1921, 36.98], [-89.1855, 36.9735], [-89.17, 36.9703], [-89.1251, 36.9835], [-89.1095, 36.9766], [-89.0996, 36.9645], [-89.1008, 36.944], [-89.1176, 36.8874], [-89.1319, 36.8574], [-89.138, 36.8473], [-89.1535, 36.8466], [-89.1595, 36.8425], [-89.1704, 36.8415], [-89.1789, 36.8314], [-89.1787, 36.8099], [-89.1711, 36.7981], [-89.1559, 36.7891], [-89.1235, 36.7853], [-89.1161, 36.7724], [-89.1192, 36.7598], [-89.1261, 36.7517], [-89.1304, 36.7517], [-89.1691, 36.7595], [-89.1845, 36.7536], [-89.1978, 36.7394], [-89.201, 36.7258], [-89.1995, 36.716], [-89.1695, 36.6889], [-89.168, 36.6782], [-89.1719, 36.6725], [-89.1591, 36.6664], [-89.1977, 36.6289], [-89.2026, 36.6016], [-89.2136, 36.5801], [-89.2273, 36.5694], [-89.2365, 36.5668], [-89.26, 36.5651], [-89.2717, 36.5714], [-89.2946, 36.5937], [-89.3134, 36.6201], [-89.3276, 36.6322], [-89.3275, 36.645], [-89.337, 36.6449], [-89.337, 36.6521], [-89.346, 36.6518], [-89.3462, 36.6668], [-89.3551, 36.6667], [-89.3549, 36.6737], [-89.3643, 36.674], [-89.3641, 36.6882], [-89.3732, 36.6882], [-89.3737, 36.7029], [-89.3915, 36.7029], [-89.3917, 36.7174], [-89.4006, 36.7175], [-89.4014, 36.7308], [-89.4188, 36.7394], [-89.4188, 36.7467], [-89.4279, 36.7465], [-89.4281, 36.7607], [-89.4369, 36.7605], [-89.4369, 36.7679], [-89.4459, 36.7676], [-89.4456, 36.7893], [-89.4632, 36.7889], [-89.4636, 36.8033], [-89.4726, 36.8033], [-89.4721, 36.8178], [-89.4832, 36.8178], [-89.4834, 36.8328], [-89.502, 36.8328], [-89.5021, 36.8479], [-89.5197, 36.8479], [-89.5199, 36.8769], [-89.5015, 36.8769]]]}}, {"type": "Feature", "properties": {"code": "29107", "name": "Lafayette", "state": "MO"}, "geometry": {"type": "Polygon", "coordinates": [[[-94.1048, 39.1435], [-94.0786, 39.1342], [-94.059, 39.1348], [-94.0456, 39.1408], [-94.0242, 39.1545], [-94.0257, 39.165], [-94.0355, 39.1775], [-94.036, 39.185], [-94.032, 39.19], [-93.9801, 39.2059], [-93.972, 39.2022], [-93.9618, 39.1921], [-93.9624, 39.1834], [-93.9834, 39.1685], [-93.9889, 39.1528], [-93.9791, 39.1455], [-93.967, 39.1424], [-93.9583, 39.1452], [-93.9424, 39.1581], [-93.9444, 39.1702], [-93.94, 39.1797], [-93.9278, 39.1844], [-93.8994, 39.1845], [-93.8752, 39.2041], [-93.8554, 39.2129], [-93.8242, 39.2149], [-93.7844, 39.2002], [-93.746, 39.2095], [-93.7112, 39.2063], [-93.697, 39.2119], [-93.6894, 39.2247], [-93.6816, 39.2312], [-93.658, 39.2385], [-93.6575, 39.2455], [-93.6538, 39.248], [-93.6434, 39.2454], [-93.6364, 39.2472], [-93.6284, 39.2432], [-93.585, 39.2404], [-93.5689, 39.2286], [-93.5632, 39.22], [-93.5515, 39.217], [-93.5058, 39.2167], [-93.492, 39.2235], [-93.4879, 39.2289], [-93.4866, 39.2339], [-93.4963, 39.27], [-93.492, 39.2829], [-93.4772, 39.2928], [-93.4973, 38.9284], [-93.8347, 38.9379], [-93.8363, 38.9087], [-94.1142, 38.9173], [-94.1048, 39.1435]]]}}, {"type": "Feature", "properties": {"code": "19015", "name": "Boone", "state": "IA"}, "geometry": {"type": "Polygon", "coordinates": [[[-94.1647, 42.2099], [-93.6984, 42.2093], [-93.698, 41.8634], [-94.1644, 41.8632], [-94.1647, 42.2099]]]}}, {"type": "Feature", "properties": {"code": "19009", "name": "Audubon", "state": "IA"}, "geometry": {"type": "Polygon", "coordinates": [[[-95.0929, 41.8634], [-94.7449, 41.8624], [-94.7442, 41.6022], [-94.7007, 41.6022], [-94.7006, 41.5041], [-95.0408, 41.5047], [-95.0407, 41.6022], [-95.0925, 41.6021], [-95.0929, 41.8634]]]}}, {"type": "Feature", "properties": {"code": "29215", "name": "Texas", "state": "MO"}, "geometry": {"type": "Polygon", "coordinates": [[[-92.2495, 37.6045], [-91.7548, 37.5988], [-91.755, 37.4241], [-91.6466, 37.4227], [-91.6477, 37.2483], [-91.6516, 37.2484], [-91.6556, 37.0489], [-91.854, 37.0504], [-91.9808, 37.0556], [-92.2514, 37.0597], [-92.2472, 37.2549], [-92.253, 37.2548], [-92.2495, 37.6045]]]}}, {"type": "Feature", "properties": {"code": "29125", "name": "Maries", "state": "MO"}, "geometry": {"type": "Polygon", "coordinates": [[[-92.1957, 38.2922], [-92.0121, 38.2882], [-91.884, 38.2899], [-91.8631, 38.2936], [-91.7753, 38.292], [-91.7573, 38.2887], [-91.6447, 38.2885], [-91.6449, 38.1537], [-91.6306, 38.1535], [-91.6324, 38.051], [-91.7474, 38.0533], [-91.8951, 38.0512], [-91.8969, 38.0479], [-91.9139, 38.043], [-91.9352, 38.0309], [-91.9419, 38.0416], [-91.9537, 38.0402], [-91.9583, 38.0363], [-91.9663, 38.0097], [-92.1854, 38.0151], [-92.1814, 38.1612], [-92.1978, 38.1615], [-92.1957, 38.2922]]]}}, {"type": "Feature", "properties": {"code": "27037", "name": "Dakota", "state": "MN"}, "geometry": {"type": "Polygon", "coordinates": [[[-93.3296, 44.7911], [-93.3045, 44.7945], [-93.2853, 44.8021], [-93.2824, 44.8059], [-93.2519, 44.8115], [-93.2309, 44.8275], [-93.2205, 44.8311], [-93.2211, 44.8385], [-93.2114, 44.8397], [-93.1983, 44.8582], [-93.2, 44.8655], [-93.1788, 44.8802], [-93.1826, 44.8871], [-93.1539, 44.8929], [-93.1365, 44.9061], [-93.1286, 44.9196], [-93.096, 44.9197], [-93.096, 44.9233], [-93.0909, 44.9232], [-93.0909, 44.9197], [-93.0516, 44.9195], [-93.0347, 44.8978], [-93.02, 44.8907], [-93.0091, 44.8618], [-93.0119, 44.8367], [-93.0047, 44.8149], [-93.0204, 44.7942], [-93.0215, 44.7868], [-93.016, 44.7756], [-93.006, 44.7717], [-92.9861, 44.7753], [-92.9638, 44.7701], [-92.9397, 44.7757], [-92.9286, 44.7814], [-92.9133, 44.7747], [-92.8838, 44.7744], [-92.8726, 44.7674], [-92.8553, 44.7477], [-92.836, 44.7474], [-92.8265, 44.7504], [-92.8026, 44.7458], [-92.7373, 44.7172], [-92.732, 44.7137], [-92.732, 44.6295], [-92.7926, 44.6297], [-92.7926, 44.543], [-92.919, 44.5433], [-92.9191, 44.5176], [-92.9381, 44.5114], [-92.9465, 44.5126], [-92.9527, 44.507], [-92.9564, 44.5086], [-92.9568, 44.5146], [-92.9732, 44.5147], [-92.9819, 44.5187], [-93.0393, 44.5155], [-93.0395, 44.4719], [-93.2817, 44.472], [-93.2782, 44.6308], [-93.3187, 44.6306], [-93.3183, 44.7175], [-93.3284, 44.7176], [-93.3296, 44.7911]]]}}, {"type": "Feature", "properties": {"code": "27125", "name": "Red Lake", "state": "MN"}, "geometry": {"type": "Polygon", "coordinates": [[[-95.7098, 47.9643], [-95.7091, 47.8486], [-95.8368, 47.8482], [-95.8372, 47.7609], [-96.3517, 47.7603], [-96.3527, 47.8473], [-96.4821, 47.8474], [-96.4825, 47.9636], [-95.7098, 47.9643]]]}}, {"type": "Feature", "properties": {"code": "29175", "name": "Randolph", "state": "MO"}, "geometry": {"type": "Polygon", "coordinates": [[[-92.6966, 39.6104], [-92.3009, 39.6053], [-92.3145, 39.2465], [-92.4302, 39.2488], [-92.7074, 39.3216], [-92.6966, 39.6104]]]}}, {"type": "Feature", "properties": {"code": "27149", "name": "Stevens", "state": "MN"}, "geometry": {"type": "Polygon", "coordinates": [[[-96.254, 45.7598], [-95.7585, 45.7599], [-95.7586, 45.5854], [-95.7478, 45.5854], [-95.7474, 45.4123], [-96.2413, 45.4127], [-96.2414, 45.5856], [-96.253, 45.5855], [-96.254, 45.7598]]]}}, {"type": "Feature", "properties": {"code": "27101", "name": "Murray", "state": "MN"}, "geometry": {"type": "Polygon", "coordinates": [[[-96.0638, 44.1964], [-95.4625, 44.1959], [-95.4624, 43.8479], [-96.0646, 43.849], [-96.0638, 44.1964]]]}}, {"type": "Feature", "properties": {"code": "19023", "name": "Butler", "state": "IA"}, "geometry": {"type": "Polygon", "coordinates": [[[-93.0251, 42.9075], [-92.5542, 42.9071], [-92.5543, 42.5559], [-93.027, 42.5568], [-93.0251, 42.9075]]]}}, {"type": "Feature", "properties": {"code": "29039", "name": "Cedar", "state": "MO"}, "geometry": {"type": "Polygon", "coordinates": [[[-94.0687, 37.7556], [-94.0733, 37.7557], [-94.0733, 37.7606], [-94.0657, 37.901], [-93.8086, 37.8928], [-93.8117, 37.8348], [-93.6284, 37.8294], [-93.6324, 37.7423], [-93.6095, 37.7418], [-93.616, 37.5727], [-94.0754, 37.5816], [-94.0687, 37.7556]]]}}, {"type": "Feature", "properties": {"code": "19153", "name": "Polk", "state": "IA"}, "geometry": {"type": "Polygon", "coordinates": [[[-93.3479, 41.8631], [-93.3487, 41.601], [-93.3287, 41.6011], [-93.3284, 41.4908], [-93.3438, 41.4818], [-93.3479, 41.4843], [-93.3525, 41.4969], [-93.356, 41.4982], [-93.3591, 41.4963], [-93.3584, 41.4898], [-93.3635, 41.4866], [-93.372, 41.4861], [-93.3748, 41.4933], [-93.3838, 41.4948], [-93.3972, 41.4864], [-93.4047, 41.4867], [-93.4055, 41.4898], [-93.3966, 41.4963], [-93.3989, 41.5015], [-93.4045, 41.5016], [-93.4143, 41.4924], [-93.4223, 41.4942], [-93.4154, 41.5003], [-93.4138, 41.5074], [-93.4249, 41.5075], [-93.4374, 41.5021], [-93.4422, 41.5049], [-93.4413, 41.5076], [-93.5482, 41.5113], [-93.7906, 41.5119], [-93.7906, 41.6004], [-93.8143, 41.6005], [-93.8157, 41.8634], [-93.3479, 41.8631]]]}}, {"type": "Feature", "properties": {"code": "19049", "name": "Dallas", "state": "IA"}, "geometry": {"type": "Polygon", "coordinates": [[[-94.2803, 41.863], [-93.8157, 41.8634], [-93.8143, 41.6005], [-93.7906, 41.6004], [-93.7906, 41.5119], [-93.8971, 41.5031], [-94.2416, 41.5037], [-94.2414, 41.601], [-94.2801, 41.6013], [-94.2803, 41.863]]]}}, {"type": "Feature", "properties": {"code": "17039", "name": "De Witt", "state": "IL"}, "geometry": {"type": "Polygon", "coordinates": [[[-88.9774, 40.2832], [-88.5749, 40.2815], [-88.688, 40.1423], [-88.6882, 40.0986], [-88.7453, 40.0988], [-88.7452, 40.0552], [-89.1448, 40.0489], [-89.1488, 40.282], [-88.9774, 40.2832]]]}}, {"type": "Feature", "properties": {"code": "27093", "name": "Meeker", "state": "MN"}, "geometry": {"type": "Polygon", "coordinates": [[[-94.7631, 45.3261], [-94.3836, 45.3266], [-94.3834, 45.2828], [-94.2611, 45.2839], [-94.2603, 45.2393], [-94.2568, 45.2393], [-94.256, 45.2113], [-94.2561, 44.9795], [-94.5019, 44.9798], [-94.5024, 44.8923], [-94.7581, 44.8921], [-94.7575, 45.2391], [-94.7635, 45.2391], [-94.7631, 45.3261]]]}}, {"type": "Feature", "properties": {"code": "17103", "name": "Lee", "state": "IL"}, "geometry": {"type": "Polygon", "coordinates": [[[-89.6293, 41.9016], [-89.48, 41.9025], [-89.4762, 41.9093], [-89.4646, 41.9116], [-89.4224, 41.9056], [-89.4222, 41.8999], [-89.4318, 41.894], [-89.4132, 41.8855], [-89.4111, 41.8947], [-89.3987, 41.9028], [-89.3604, 41.9026], [-89.3606, 41.888], [-88.9413, 41.8918], [-88.9387, 41.6283], [-89.1672, 41.6287], [-89.1666, 41.5853], [-89.6315, 41.5849], [-89.6293, 41.9016]]]}}]}